#
# There is insufficient memory for the Java Runtime Environment to continue.
# Native memory allocation (malloc) failed to allocate 1666576 bytes. Error detail: Chunk::new
# Possible reasons:
#   The system is out of physical RAM or swap space
#   This process is running with CompressedOops enabled, and the Java Heap may be blocking the growth of the native heap
# Possible solutions:
#   Reduce memory load on the system
#   Increase physical memory or swap space
#   Check if swap backing store is full
#   Decrease Java heap size (-Xmx/-Xms)
#   Decrease number of Java threads
#   Decrease Java thread stack sizes (-Xss)
#   Set larger code cache with -XX:ReservedCodeCacheSize=
#   JVM is running with Unscaled Compressed Oops mode in which the Java heap is
#     placed in the first 4GB address space. The Java Heap base address is the
#     maximum limit for the native heap growth. Please use -XX:HeapBaseMinAddress
#     to set the Java Heap base and to place the Java Heap above 4GB virtual address.
# This output file may be truncated or incomplete.
#
#  Out of Memory Error (arena.cpp:168), pid=2808, tid=5424
#
# JRE version: OpenJDK Runtime Environment (21.0.5) (build 21.0.5+-12932927-b750.29)
# Java VM: OpenJDK 64-Bit Server VM (21.0.5+-12932927-b750.29, mixed mode, tiered, compressed oops, compressed class ptrs, g1 gc, windows-amd64)
# No core dump will be written. Minidumps are not enabled by default on client versions of Windows
#

---------------  S U M M A R Y ------------

Command Line: --add-opens=java.base/java.lang=ALL-UNNAMED --add-opens=java.base/java.lang.invoke=ALL-UNNAMED --add-opens=java.base/java.util=ALL-UNNAMED --add-opens=java.prefs/java.util.prefs=ALL-UNNAMED --add-exports=jdk.compiler/com.sun.tools.javac.api=ALL-UNNAMED --add-exports=jdk.compiler/com.sun.tools.javac.util=ALL-UNNAMED --add-opens=java.base/java.util=ALL-UNNAMED --add-opens=java.prefs/java.util.prefs=ALL-UNNAMED --add-opens=java.base/java.nio.charset=ALL-UNNAMED --add-opens=java.base/java.net=ALL-UNNAMED --add-opens=java.base/java.util.concurrent.atomic=ALL-UNNAMED --add-opens=java.xml/javax.xml.namespace=ALL-UNNAMED -Xmx2048m -Dfile.encoding=UTF-8 -Duser.country=US -Duser.language=en -Duser.variant -javaagent:D:\User\Android Studio\jbr\wrapper\dists\gradle-8.11.1-bin\bpt9gzteqjrbo1mjrsomdt32c\gradle-8.11.1\lib\agents\gradle-instrumentation-agent-8.11.1.jar org.gradle.launcher.daemon.bootstrap.GradleDaemon 8.11.1

Host: Intel(R) Core(TM) i3-1005G1 CPU @ 1.20GHz, 4 cores, 11G,  Windows 10 , 64 bit Build 19041 (10.0.19041.5678)
Time: Wed May 21 19:54:19 2025 SE Asia Standard Time elapsed time: 7508.667103 seconds (0d 2h 5m 8s)

---------------  T H R E A D  ---------------

Current thread (0x000001dc9d7ed860):  JavaThread "C2 CompilerThread1" daemon [_thread_in_native, id=5424, stack(0x000000d186c00000,0x000000d186d00000) (1024K)]


Current CompileTask:
C2:7508667 121135       4       com.sun.tools.javac.comp.Infer$GraphSolver$InferenceGraph::initNodes (329 bytes)

Stack: [0x000000d186c00000,0x000000d186d00000]
Native frames: (J=compiled Java code, j=interpreted, Vv=VM code, C=native code)
V  [jvm.dll+0x6cfb29]
V  [jvm.dll+0x85ded3]
V  [jvm.dll+0x86042e]
V  [jvm.dll+0x860b13]
V  [jvm.dll+0x27e6b6]
V  [jvm.dll+0xbff6d]
V  [jvm.dll+0xc04a3]
V  [jvm.dll+0x3b5fc1]
V  [jvm.dll+0x381f97]
V  [jvm.dll+0x38140a]
V  [jvm.dll+0x247c62]
V  [jvm.dll+0x247231]
V  [jvm.dll+0x1c5ee4]
V  [jvm.dll+0x25697c]
V  [jvm.dll+0x254ec6]
V  [jvm.dll+0x3f0ce6]
V  [jvm.dll+0x806368]
V  [jvm.dll+0x6ce3fd]
C  [ucrtbase.dll+0x21bb2]
C  [KERNEL32.DLL+0x17374]
C  [ntdll.dll+0x4cc91]


---------------  P R O C E S S  ---------------

Threads class SMR info:
_java_thread_list=0x000001dc9413a080, length=138, elements={
0x000001dcf33e7540, 0x000001dcfd3269b0, 0x000001dcfd3297d0, 0x000001dcfd332200,
0x000001dcfd313500, 0x000001dcfd332c50, 0x000001dcfd3336a0, 0x000001dcfd334a40,
0x000001dcfd3354d0, 0x000001dcfd1195b0, 0x000001dcfd64b400, 0x000001dcff6d7060,
0x000001dcff4ba280, 0x000001dcfefbb4c0, 0x000001dcff5d5e20, 0x000001dcff5d6b40,
0x000001dcff5d5790, 0x000001dcff5d64b0, 0x000001dcff5d7860, 0x000001dcff5d7ef0,
0x000001dcfda0ecd0, 0x000001dc968ce970, 0x000001dc948f4480, 0x000001dc948f5ec0,
0x000001dc948f2a40, 0x000001dc948f3df0, 0x000001dcfea145e0, 0x000001dc9d2bcdd0,
0x000001dca4324960, 0x000001dca4318480, 0x000001dc9c1bd020, 0x000001dc948f51a0,
0x000001dc9df722d0, 0x000001dc9df6c060, 0x000001dc9df66b10, 0x000001dc9df69270,
0x000001dc9df68550, 0x000001dc9df63690, 0x000001dc9df6d410, 0x000001dcfd0085d0,
0x000001dca4325d10, 0x000001dca431f410, 0x000001dc9df6daa0, 0x000001dc9df7fb60,
0x000001dc9df6e7c0, 0x000001dc9df65df0, 0x000001dc9df75750, 0x000001dc9df7ee40,
0x000001dc9df70890, 0x000001dc9df63000, 0x000001dc9df622e0, 0x000001dc9df715b0,
0x000001dc9df67830, 0x000001dc9df71c40, 0x000001dca2be99f0, 0x000001dca2bea080,
0x000001dc9df76470, 0x000001dca2bebac0, 0x000001dc95628b80, 0x000001dca2bf0980,
0x000001dc9df6fb70, 0x000001dcab8e4820, 0x000001dcab8f4810, 0x000001dcab8d89d0,
0x000001dcab8da410, 0x000001dca2be16b0, 0x000001dca4322890, 0x000001dcab8db130,
0x000001dcab8e2de0, 0x000001dc97278160, 0x000001dc972787f0, 0x000001dc9727bc70,
0x000001dcab8dec40, 0x000001dcab8f0d00, 0x000001dcab8e13a0, 0x000001dca4324ff0,
0x000001dc9562c000, 0x000001dcab8dfff0, 0x000001dcab8d96f0, 0x000001dca2be1d40,
0x000001dca2be8cd0, 0x000001dca2be9360, 0x000001dca2be30f0, 0x000001dca2be23d0,
0x000001dca2be7fb0, 0x000001dca2be3780, 0x000001dca2beada0, 0x000001dca2be3e10,
0x000001dca2be6570, 0x000001dca2beb430, 0x000001dca2be4b30, 0x000001dca2be7290,
0x000001dca2bec150, 0x000001dca2bec7e0, 0x000001dca2bece70, 0x000001dca2bed500,
0x000001dca2bedb90, 0x000001dca2beef40, 0x000001dca2bee220, 0x000001dca2bee8b0,
0x000001dca2befc60, 0x000001dca2bf02f0, 0x000001dca2bef5d0, 0x000001dcab8d9060,
0x000001dcab8d7cb0, 0x000001dcab8d9d80, 0x000001dcab8f5bc0, 0x000001dcab8f2dd0,
0x000001dcab8f3af0, 0x000001dcab8f1a20, 0x000001dcab8f5530, 0x000001dcab8f1390,
0x000001dcab8f4180, 0x000001dcab8f4ea0, 0x000001dcab8f20b0, 0x000001dcab8f3460,
0x000001dcab8daaa0, 0x000001dcab8de5b0, 0x000001dcab8db7c0, 0x000001dcab8dbe50,
0x000001dcab8dd890, 0x000001dcab8dcb70, 0x000001dcab8ddf20, 0x000001dcab8d7620,
0x000001dcab8e0680, 0x000001dcab8e5540, 0x000001dcab8e1a30, 0x000001dcab8e3470,
0x000001dcab8e0d10, 0x000001dcab8e4190, 0x000001dcab8df2d0, 0x000001dcab8e96e0,
0x000001dcab8e4eb0, 0x000001dcab8e7610, 0x000001dcab8e5bd0, 0x000001dcab8e6260,
0x000001dcab8e68f0, 0x000001dc9d7ed860
}

Java Threads: ( => current thread )
  0x000001dcf33e7540 JavaThread "main"                              [_thread_blocked, id=10200, stack(0x000000d1fe300000,0x000000d1fe400000) (1024K)]
  0x000001dcfd3269b0 JavaThread "Reference Handler"          daemon [_thread_blocked, id=15728, stack(0x000000d1feb00000,0x000000d1fec00000) (1024K)]
  0x000001dcfd3297d0 JavaThread "Finalizer"                  daemon [_thread_blocked, id=2820, stack(0x000000d1fec00000,0x000000d1fed00000) (1024K)]
  0x000001dcfd332200 JavaThread "Signal Dispatcher"          daemon [_thread_blocked, id=17964, stack(0x000000d1fed00000,0x000000d1fee00000) (1024K)]
  0x000001dcfd313500 JavaThread "Attach Listener"            daemon [_thread_blocked, id=4600, stack(0x000000d1fee00000,0x000000d1fef00000) (1024K)]
  0x000001dcfd332c50 JavaThread "Service Thread"             daemon [_thread_blocked, id=19412, stack(0x000000d1fef00000,0x000000d1ff000000) (1024K)]
  0x000001dcfd3336a0 JavaThread "Monitor Deflation Thread"   daemon [_thread_blocked, id=14516, stack(0x000000d1ff000000,0x000000d1ff100000) (1024K)]
  0x000001dcfd334a40 JavaThread "C2 CompilerThread0"         daemon [_thread_in_native, id=9188, stack(0x000000d1ff100000,0x000000d1ff200000) (1024K)]
  0x000001dcfd3354d0 JavaThread "C1 CompilerThread0"         daemon [_thread_blocked, id=10060, stack(0x000000d1ff200000,0x000000d1ff300000) (1024K)]
  0x000001dcfd1195b0 JavaThread "Common-Cleaner"             daemon [_thread_blocked, id=13904, stack(0x000000d1ff300000,0x000000d1ff400000) (1024K)]
  0x000001dcfd64b400 JavaThread "Notification Thread"        daemon [_thread_blocked, id=11736, stack(0x000000d1ff400000,0x000000d1ff500000) (1024K)]
  0x000001dcff6d7060 JavaThread "Daemon health stats"               [_thread_blocked, id=9812, stack(0x000000d1ff900000,0x000000d1ffa00000) (1024K)]
  0x000001dcff4ba280 JavaThread "Incoming local TCP Connector on port 62635"        [_thread_in_native, id=13688, stack(0x000000d1ffa00000,0x000000d1ffb00000) (1024K)]
  0x000001dcfefbb4c0 JavaThread "Daemon periodic checks"            [_thread_blocked, id=4544, stack(0x000000d1ffb00000,0x000000d1ffc00000) (1024K)]
  0x000001dcff5d5e20 JavaThread "Cache worker for journal cache (D:\User\Android Studio\jbr\caches\journal-1)"        [_thread_blocked, id=11576, stack(0x000000d180300000,0x000000d180400000) (1024K)]
  0x000001dcff5d6b40 JavaThread "File lock request listener"        [_thread_in_native, id=8268, stack(0x000000d180400000,0x000000d180500000) (1024K)]
  0x000001dcff5d5790 JavaThread "Cache worker for file hash cache (D:\User\Android Studio\jbr\caches\8.11.1\fileHashes)"        [_thread_blocked, id=9000, stack(0x000000d180500000,0x000000d180600000) (1024K)]
  0x000001dcff5d64b0 JavaThread "Cache worker for file content cache (D:\User\Android Studio\jbr\caches\8.11.1\fileContent)"        [_thread_blocked, id=14876, stack(0x000000d180600000,0x000000d180700000) (1024K)]
  0x000001dcff5d7860 JavaThread "File watcher server"        daemon [_thread_in_native, id=17708, stack(0x000000d180900000,0x000000d180a00000) (1024K)]
  0x000001dcff5d7ef0 JavaThread "File watcher consumer"      daemon [_thread_blocked, id=19432, stack(0x000000d180a00000,0x000000d180b00000) (1024K)]
  0x000001dcfda0ecd0 JavaThread "Memory manager"                    [_thread_blocked, id=17256, stack(0x000000d181900000,0x000000d181a00000) (1024K)]
  0x000001dc968ce970 JavaThread "pool-3-thread-1"                   [_thread_blocked, id=14904, stack(0x000000d181b00000,0x000000d181c00000) (1024K)]
  0x000001dc948f4480 JavaThread "RMI Scheduler(0)"           daemon [_thread_blocked, id=11676, stack(0x000000d184700000,0x000000d184800000) (1024K)]
  0x000001dc948f5ec0 JavaThread "RMI GC Daemon"              daemon [_thread_blocked, id=13716, stack(0x000000d184900000,0x000000d184a00000) (1024K)]
  0x000001dc948f2a40 JavaThread "RMI TCP Accept-0"           daemon [_thread_in_native, id=10284, stack(0x000000d184a00000,0x000000d184b00000) (1024K)]
  0x000001dc948f3df0 JavaThread "RMI Reaper"                        [_thread_blocked, id=8920, stack(0x000000d184b00000,0x000000d184c00000) (1024K)]
  0x000001dcfea145e0 JavaThread "Cache worker for Java compile cache (D:\User\Android Studio\jbr\caches\8.11.1\javaCompile)"        [_thread_blocked, id=17828, stack(0x000000d184e00000,0x000000d184f00000) (1024K)]
  0x000001dc9d2bcdd0 JavaThread "pool-8-thread-1"                   [_thread_blocked, id=7440, stack(0x000000d180000000,0x000000d180100000) (1024K)]
  0x000001dca4324960 JavaThread "pool-12-thread-1"                  [_thread_blocked, id=8360, stack(0x000000d181f00000,0x000000d182000000) (1024K)]
  0x000001dca4318480 JavaThread "pool-16-thread-1"                  [_thread_blocked, id=10348, stack(0x000000d182000000,0x000000d182100000) (1024K)]
  0x000001dc9c1bd020 JavaThread "pool-21-thread-1"                  [_thread_blocked, id=17928, stack(0x000000d182300000,0x000000d182400000) (1024K)]
  0x000001dc948f51a0 JavaThread "pool-26-thread-1"                  [_thread_blocked, id=17048, stack(0x000000d182100000,0x000000d182200000) (1024K)]
  0x000001dc9df722d0 JavaThread "pool-31-thread-1"                  [_thread_blocked, id=468, stack(0x000000d182500000,0x000000d182600000) (1024K)]
  0x000001dc9df6c060 JavaThread "pool-34-thread-1"                  [_thread_blocked, id=1328, stack(0x000000d182200000,0x000000d182300000) (1024K)]
  0x000001dc9df66b10 JavaThread "pool-38-thread-1"                  [_thread_blocked, id=18032, stack(0x000000d181e00000,0x000000d181f00000) (1024K)]
  0x000001dc9df69270 JavaThread "pool-42-thread-1"                  [_thread_blocked, id=12636, stack(0x000000d182800000,0x000000d182900000) (1024K)]
  0x000001dc9df68550 JavaThread "pool-46-thread-1"                  [_thread_blocked, id=11104, stack(0x000000d182600000,0x000000d182700000) (1024K)]
  0x000001dc9df63690 JavaThread "pool-51-thread-1"                  [_thread_blocked, id=17776, stack(0x000000d182a00000,0x000000d182b00000) (1024K)]
  0x000001dc9df6d410 JavaThread "pool-55-thread-1"                  [_thread_blocked, id=15956, stack(0x000000d182400000,0x000000d182500000) (1024K)]
  0x000001dcfd0085d0 JavaThread "pool-59-thread-1"                  [_thread_blocked, id=11168, stack(0x000000d181400000,0x000000d181500000) (1024K)]
  0x000001dca4325d10 JavaThread "pool-63-thread-1"                  [_thread_blocked, id=1392, stack(0x000000d182900000,0x000000d182a00000) (1024K)]
  0x000001dca431f410 JavaThread "pool-67-thread-1"                  [_thread_blocked, id=1704, stack(0x000000d182b00000,0x000000d182c00000) (1024K)]
  0x000001dc9df6daa0 JavaThread "pool-71-thread-1"                  [_thread_blocked, id=18688, stack(0x000000d182c00000,0x000000d182d00000) (1024K)]
  0x000001dc9df7fb60 JavaThread "pool-75-thread-1"                  [_thread_blocked, id=4860, stack(0x000000d183200000,0x000000d183300000) (1024K)]
  0x000001dc9df6e7c0 JavaThread "pool-79-thread-1"                  [_thread_blocked, id=3616, stack(0x000000d183000000,0x000000d183100000) (1024K)]
  0x000001dc9df65df0 JavaThread "pool-83-thread-1"                  [_thread_blocked, id=5548, stack(0x000000d183100000,0x000000d183200000) (1024K)]
  0x000001dc9df75750 JavaThread "pool-87-thread-1"                  [_thread_blocked, id=8544, stack(0x000000d182e00000,0x000000d182f00000) (1024K)]
  0x000001dc9df7ee40 JavaThread "pool-91-thread-1"                  [_thread_blocked, id=16104, stack(0x000000d182d00000,0x000000d182e00000) (1024K)]
  0x000001dc9df70890 JavaThread "pool-95-thread-1"                  [_thread_blocked, id=16524, stack(0x000000d182700000,0x000000d182800000) (1024K)]
  0x000001dc9df63000 JavaThread "pool-99-thread-1"                  [_thread_blocked, id=10028, stack(0x000000d183300000,0x000000d183400000) (1024K)]
  0x000001dc9df622e0 JavaThread "pool-104-thread-1"                 [_thread_blocked, id=7304, stack(0x000000d183400000,0x000000d183500000) (1024K)]
  0x000001dc9df715b0 JavaThread "pool-108-thread-1"                 [_thread_blocked, id=12404, stack(0x000000d183800000,0x000000d183900000) (1024K)]
  0x000001dc9df67830 JavaThread "pool-112-thread-1"                 [_thread_blocked, id=1384, stack(0x000000d183500000,0x000000d183600000) (1024K)]
  0x000001dc9df71c40 JavaThread "pool-116-thread-1"                 [_thread_blocked, id=12552, stack(0x000000d183a00000,0x000000d183b00000) (1024K)]
  0x000001dca2be99f0 JavaThread "pool-121-thread-1"                 [_thread_blocked, id=5240, stack(0x000000d183700000,0x000000d183800000) (1024K)]
  0x000001dca2bea080 JavaThread "pool-126-thread-1"                 [_thread_blocked, id=13212, stack(0x000000d183900000,0x000000d183a00000) (1024K)]
  0x000001dc9df76470 JavaThread "pool-131-thread-1"                 [_thread_blocked, id=14488, stack(0x000000d183d00000,0x000000d183e00000) (1024K)]
  0x000001dca2bebac0 JavaThread "pool-135-thread-1"                 [_thread_blocked, id=1000, stack(0x000000d183e00000,0x000000d183f00000) (1024K)]
  0x000001dc95628b80 JavaThread "pool-139-thread-1"                 [_thread_blocked, id=3756, stack(0x000000d183600000,0x000000d183700000) (1024K)]
  0x000001dca2bf0980 JavaThread "pool-144-thread-1"                 [_thread_blocked, id=3728, stack(0x000000d183b00000,0x000000d183c00000) (1024K)]
  0x000001dc9df6fb70 JavaThread "pool-148-thread-1"                 [_thread_blocked, id=13140, stack(0x000000d182f00000,0x000000d183000000) (1024K)]
  0x000001dcab8e4820 JavaThread "pool-153-thread-1"                 [_thread_blocked, id=13552, stack(0x000000d183f00000,0x000000d184000000) (1024K)]
  0x000001dcab8f4810 JavaThread "pool-158-thread-1"                 [_thread_blocked, id=11480, stack(0x000000d184000000,0x000000d184100000) (1024K)]
  0x000001dcab8d89d0 JavaThread "pool-162-thread-1"                 [_thread_blocked, id=11600, stack(0x000000d184300000,0x000000d184400000) (1024K)]
  0x000001dcab8da410 JavaThread "pool-167-thread-1"                 [_thread_blocked, id=768, stack(0x000000d184400000,0x000000d184500000) (1024K)]
  0x000001dca2be16b0 JavaThread "pool-172-thread-1"                 [_thread_blocked, id=18536, stack(0x000000d184100000,0x000000d184200000) (1024K)]
  0x000001dca4322890 JavaThread "pool-176-thread-1"                 [_thread_blocked, id=8340, stack(0x000000d184600000,0x000000d184700000) (1024K)]
  0x000001dcab8db130 JavaThread "pool-180-thread-1"                 [_thread_blocked, id=7860, stack(0x000000d183c00000,0x000000d183d00000) (1024K)]
  0x000001dcab8e2de0 JavaThread "pool-185-thread-1"                 [_thread_blocked, id=19116, stack(0x000000d184500000,0x000000d184600000) (1024K)]
  0x000001dc97278160 JavaThread "RMI TCP Connection(242)-127.0.0.1" daemon [_thread_in_native, id=6336, stack(0x000000d186a00000,0x000000d186b00000) (1024K)]
  0x000001dc972787f0 JavaThread "Daemon Thread 28"                  [_thread_blocked, id=17808, stack(0x000000d180100000,0x000000d180200000) (1024K)]
  0x000001dc9727bc70 JavaThread "Daemon worker Thread 28"           [_thread_blocked, id=11508, stack(0x000000d180800000,0x000000d180900000) (1024K)]
  0x000001dcab8dec40 JavaThread "pool-189-thread-1"                 [_thread_blocked, id=13064, stack(0x000000d184800000,0x000000d184900000) (1024K)]
  0x000001dcab8f0d00 JavaThread "RMI TCP Connection(idle)"   daemon [_thread_blocked, id=8000, stack(0x000000d186d00000,0x000000d186e00000) (1024K)]
  0x000001dcab8e13a0 JavaThread "pool-193-thread-1"                 [_thread_blocked, id=8648, stack(0x000000d184c00000,0x000000d184d00000) (1024K)]
  0x000001dca4324ff0 JavaThread "pool-197-thread-1"                 [_thread_blocked, id=4024, stack(0x000000d184d00000,0x000000d184e00000) (1024K)]
  0x000001dc9562c000 JavaThread "RMI TCP Connection(idle)"   daemon [_thread_blocked, id=7616, stack(0x000000d180200000,0x000000d180300000) (1024K)]
  0x000001dcab8dfff0 JavaThread "pool-201-thread-1"                 [_thread_blocked, id=4452, stack(0x000000d185000000,0x000000d185100000) (1024K)]
  0x000001dcab8d96f0 JavaThread "included builds"                   [_thread_blocked, id=16968, stack(0x000000d185300000,0x000000d185400000) (1024K)]
  0x000001dca2be1d40 JavaThread "RMI TCP Connection(idle)"   daemon [_thread_blocked, id=16548, stack(0x000000d187100000,0x000000d187200000) (1024K)]
  0x000001dca2be8cd0 JavaThread "VFS cleanup Thread 31"             [_thread_blocked, id=3608, stack(0x000000d180b00000,0x000000d180c00000) (1024K)]
  0x000001dca2be9360 JavaThread "Handler for socket connection from /127.0.0.1:62635 to /127.0.0.1:49611"        [_thread_in_native, id=18932, stack(0x000000d180700000,0x000000d180800000) (1024K)]
  0x000001dca2be30f0 JavaThread "Cancel handler"                    [_thread_blocked, id=14112, stack(0x000000d180c00000,0x000000d180d00000) (1024K)]
  0x000001dca2be23d0 JavaThread "Asynchronous log dispatcher for DefaultDaemonConnection: socket connection from /127.0.0.1:62635 to /127.0.0.1:49611"        [_thread_blocked, id=15516, stack(0x000000d180d00000,0x000000d180e00000) (1024K)]
  0x000001dca2be7fb0 JavaThread "Stdin handler"                     [_thread_blocked, id=9748, stack(0x000000d180e00000,0x000000d180f00000) (1024K)]
  0x000001dca2be3780 JavaThread "Daemon client event forwarder"        [_thread_blocked, id=6388, stack(0x000000d180f00000,0x000000d181000000) (1024K)]
  0x000001dca2beada0 JavaThread "Cache worker for file hash cache (D:\Study_with_me\Android\Project\POCKIE\.gradle\8.11.1\fileHashes)"        [_thread_blocked, id=7656, stack(0x000000d181000000,0x000000d181100000) (1024K)]
  0x000001dca2be3e10 JavaThread "Cache worker for Build Output Cleanup Cache (D:\Study_with_me\Android\Project\POCKIE\.gradle\buildOutputCleanup)"        [_thread_blocked, id=464, stack(0x000000d181100000,0x000000d181200000) (1024K)]
  0x000001dca2be6570 JavaThread "Cache worker for checksums cache (D:\Study_with_me\Android\Project\POCKIE\.gradle\8.11.1\checksums)"        [_thread_blocked, id=1240, stack(0x000000d181200000,0x000000d181300000) (1024K)]
  0x000001dca2beb430 JavaThread "Cache worker for cache directory md-rule (D:\User\Android Studio\jbr\caches\8.11.1\md-rule)"        [_thread_blocked, id=6256, stack(0x000000d181300000,0x000000d181400000) (1024K)]
  0x000001dca2be4b30 JavaThread "Cache worker for cache directory md-supplier (D:\User\Android Studio\jbr\caches\8.11.1\md-supplier)"        [_thread_blocked, id=4388, stack(0x000000d181500000,0x000000d181600000) (1024K)]
  0x000001dca2be7290 JavaThread "Unconstrained build operations"        [_thread_blocked, id=8540, stack(0x000000d181600000,0x000000d181700000) (1024K)]
  0x000001dca2bec150 JavaThread "Unconstrained build operations Thread 2"        [_thread_blocked, id=4168, stack(0x000000d181700000,0x000000d181800000) (1024K)]
  0x000001dca2bec7e0 JavaThread "Unconstrained build operations Thread 3"        [_thread_blocked, id=4736, stack(0x000000d181800000,0x000000d181900000) (1024K)]
  0x000001dca2bece70 JavaThread "Unconstrained build operations Thread 4"        [_thread_blocked, id=4532, stack(0x000000d181a00000,0x000000d181b00000) (1024K)]
  0x000001dca2bed500 JavaThread "Unconstrained build operations Thread 5"        [_thread_blocked, id=11940, stack(0x000000d181c00000,0x000000d181d00000) (1024K)]
  0x000001dca2bedb90 JavaThread "Unconstrained build operations Thread 6"        [_thread_blocked, id=17844, stack(0x000000d181d00000,0x000000d181e00000) (1024K)]
  0x000001dca2beef40 JavaThread "build event listener"              [_thread_blocked, id=13756, stack(0x000000d184200000,0x000000d184300000) (1024K)]
  0x000001dca2bee220 JavaThread "build event listener"              [_thread_blocked, id=16904, stack(0x000000d184f00000,0x000000d185000000) (1024K)]
  0x000001dca2bee8b0 JavaThread "pool-204-thread-1"                 [_thread_blocked, id=7268, stack(0x000000d185200000,0x000000d185300000) (1024K)]
  0x000001dca2befc60 JavaThread "build event listener"              [_thread_blocked, id=15072, stack(0x000000d185400000,0x000000d185500000) (1024K)]
  0x000001dca2bf02f0 JavaThread "included builds"                   [_thread_blocked, id=15568, stack(0x000000d185500000,0x000000d185600000) (1024K)]
  0x000001dca2bef5d0 JavaThread "Execution worker"                  [_thread_blocked, id=11120, stack(0x000000d185600000,0x000000d185700000) (1024K)]
  0x000001dcab8d9060 JavaThread "Execution worker Thread 2"         [_thread_blocked, id=10784, stack(0x000000d185700000,0x000000d185800000) (1024K)]
  0x000001dcab8d7cb0 JavaThread "Execution worker Thread 3"         [_thread_in_Java, id=5976, stack(0x000000d185800000,0x000000d185900000) (1024K)]
  0x000001dcab8d9d80 JavaThread "Cache worker for execution history cache (D:\Study_with_me\Android\Project\POCKIE\.gradle\8.11.1\executionHistory)"        [_thread_blocked, id=7992, stack(0x000000d185900000,0x000000d185a00000) (1024K)]
  0x000001dcab8f5bc0 JavaThread "Unconstrained build operations Thread 7"        [_thread_blocked, id=12784, stack(0x000000d185100000,0x000000d185200000) (1024K)]
  0x000001dcab8f2dd0 JavaThread "Unconstrained build operations Thread 8"        [_thread_blocked, id=484, stack(0x000000d185a00000,0x000000d185b00000) (1024K)]
  0x000001dcab8f3af0 JavaThread "Unconstrained build operations Thread 9"        [_thread_blocked, id=3832, stack(0x000000d185b00000,0x000000d185c00000) (1024K)]
  0x000001dcab8f1a20 JavaThread "Unconstrained build operations Thread 10"        [_thread_blocked, id=8220, stack(0x000000d185c00000,0x000000d185d00000) (1024K)]
  0x000001dcab8f5530 JavaThread "Unconstrained build operations Thread 11"        [_thread_blocked, id=6244, stack(0x000000d185d00000,0x000000d185e00000) (1024K)]
  0x000001dcab8f1390 JavaThread "Unconstrained build operations Thread 12"        [_thread_blocked, id=8116, stack(0x000000d185e00000,0x000000d185f00000) (1024K)]
  0x000001dcab8f4180 JavaThread "Unconstrained build operations Thread 13"        [_thread_blocked, id=13864, stack(0x000000d185f00000,0x000000d186000000) (1024K)]
  0x000001dcab8f4ea0 JavaThread "Unconstrained build operations Thread 14"        [_thread_blocked, id=7944, stack(0x000000d186000000,0x000000d186100000) (1024K)]
  0x000001dcab8f20b0 JavaThread "Unconstrained build operations Thread 15"        [_thread_blocked, id=16832, stack(0x000000d186100000,0x000000d186200000) (1024K)]
  0x000001dcab8f3460 JavaThread "Unconstrained build operations Thread 16"        [_thread_blocked, id=12208, stack(0x000000d186200000,0x000000d186300000) (1024K)]
  0x000001dcab8daaa0 JavaThread "Unconstrained build operations Thread 17"        [_thread_blocked, id=16136, stack(0x000000d186300000,0x000000d186400000) (1024K)]
  0x000001dcab8de5b0 JavaThread "Unconstrained build operations Thread 18"        [_thread_blocked, id=12716, stack(0x000000d186400000,0x000000d186500000) (1024K)]
  0x000001dcab8db7c0 JavaThread "Unconstrained build operations Thread 19"        [_thread_blocked, id=13704, stack(0x000000d186500000,0x000000d186600000) (1024K)]
  0x000001dcab8dbe50 JavaThread "Unconstrained build operations Thread 20"        [_thread_blocked, id=10020, stack(0x000000d186600000,0x000000d186700000) (1024K)]
  0x000001dcab8dd890 JavaThread "Unconstrained build operations Thread 21"        [_thread_blocked, id=9476, stack(0x000000d186700000,0x000000d186800000) (1024K)]
  0x000001dcab8dcb70 JavaThread "Unconstrained build operations Thread 22"        [_thread_blocked, id=2084, stack(0x000000d186800000,0x000000d186900000) (1024K)]
  0x000001dcab8ddf20 JavaThread "Unconstrained build operations Thread 23"        [_thread_blocked, id=9704, stack(0x000000d186900000,0x000000d186a00000) (1024K)]
  0x000001dcab8d7620 JavaThread "WorkerExecutor Queue"              [_thread_blocked, id=6792, stack(0x000000d186b00000,0x000000d186c00000) (1024K)]
  0x000001dcab8e0680 JavaThread "Unconstrained build operations Thread 24"        [_thread_blocked, id=14216, stack(0x000000d186e00000,0x000000d186f00000) (1024K)]
  0x000001dcab8e5540 JavaThread "Unconstrained build operations Thread 25"        [_thread_blocked, id=5244, stack(0x000000d187000000,0x000000d187100000) (1024K)]
  0x000001dcab8e1a30 JavaThread "Unconstrained build operations Thread 26"        [_thread_blocked, id=1020, stack(0x000000d187200000,0x000000d187300000) (1024K)]
  0x000001dcab8e3470 JavaThread "WorkerExecutor Queue Thread 2"        [_thread_blocked, id=19444, stack(0x000000d187300000,0x000000d187400000) (1024K)]
  0x000001dcab8e0d10 JavaThread "WorkerExecutor Queue Thread 3"        [_thread_blocked, id=17340, stack(0x000000d186f00000,0x000000d187000000) (1024K)]
  0x000001dcab8e4190 JavaThread "RMI TCP Connection(idle)"   daemon [_thread_blocked, id=6488, stack(0x000000d187500000,0x000000d187600000) (1024K)]
  0x000001dcab8df2d0 JavaThread "RMI TCP Connection(idle)"   daemon [_thread_blocked, id=5604, stack(0x000000d187700000,0x000000d187800000) (1024K)]
  0x000001dcab8e96e0 JavaThread "RMI TCP Connection(idle)"   daemon [_thread_blocked, id=15280, stack(0x000000d187800000,0x000000d187900000) (1024K)]
  0x000001dcab8e4eb0 JavaThread "RMI TCP Connection(idle)"   daemon [_thread_blocked, id=15340, stack(0x000000d187900000,0x000000d187a00000) (1024K)]
  0x000001dcab8e7610 JavaThread "RMI TCP Connection(idle)"   daemon [_thread_blocked, id=11060, stack(0x000000d187a00000,0x000000d187b00000) (1024K)]
  0x000001dcab8e5bd0 JavaThread "Build operations"                  [_thread_blocked, id=12500, stack(0x000000d187400000,0x000000d187500000) (1024K)]
  0x000001dcab8e6260 JavaThread "Build operations Thread 2"         [_thread_blocked, id=11276, stack(0x000000d187b00000,0x000000d187c00000) (1024K)]
  0x000001dcab8e68f0 JavaThread "Build operations Thread 3"         [_thread_blocked, id=1264, stack(0x000000d187c00000,0x000000d187d00000) (1024K)]
=>0x000001dc9d7ed860 JavaThread "C2 CompilerThread1"         daemon [_thread_in_native, id=5424, stack(0x000000d186c00000,0x000000d186d00000) (1024K)]
Total: 138

Other Threads:
  0x000001dcfd2cbce0 VMThread "VM Thread"                           [id=11132, stack(0x000000d1fea00000,0x000000d1feb00000) (1024K)]
  0x000001dcfd1173c0 WatcherThread "VM Periodic Task Thread"        [id=5760, stack(0x000000d1fe900000,0x000000d1fea00000) (1024K)]
  0x000001dcf33ae000 WorkerThread "GC Thread#0"                     [id=17832, stack(0x000000d1fe400000,0x000000d1fe500000) (1024K)]
  0x000001dcfd69e4f0 WorkerThread "GC Thread#1"                     [id=13504, stack(0x000000d1ff600000,0x000000d1ff700000) (1024K)]
  0x000001dcfd69e890 WorkerThread "GC Thread#2"                     [id=6332, stack(0x000000d1ff700000,0x000000d1ff800000) (1024K)]
  0x000001dcfd69ec30 WorkerThread "GC Thread#3"                     [id=8884, stack(0x000000d1ff800000,0x000000d1ff900000) (1024K)]
  0x000001dcf34495f0 ConcurrentGCThread "G1 Main Marker"            [id=13916, stack(0x000000d1fe500000,0x000000d1fe600000) (1024K)]
  0x000001dcf344aeb0 WorkerThread "G1 Conc#0"                       [id=15964, stack(0x000000d1fe600000,0x000000d1fe700000) (1024K)]
  0x000001dcf34ae930 ConcurrentGCThread "G1 Refine#0"               [id=17288, stack(0x000000d1fe700000,0x000000d1fe800000) (1024K)]
  0x000001dcfcfea5a0 ConcurrentGCThread "G1 Service"                [id=2508, stack(0x000000d1fe800000,0x000000d1fe900000) (1024K)]
Total: 10

Threads with active compile tasks:
C2 CompilerThread0  7508738 121155   !   4       com.sun.tools.javac.comp.Flow$FlowAnalyzer::visitClassDef (644 bytes)
C1 CompilerThread0  7508739 121226       2       com.sun.tools.javac.jvm.Code::adjustAliveRanges (110 bytes)
C2 CompilerThread1  7508739 121135       4       com.sun.tools.javac.comp.Infer$GraphSolver$InferenceGraph::initNodes (329 bytes)
Total: 3

VM state: not at safepoint (normal execution)

VM Mutex/Monitor currently owned by a thread: None

Heap address: 0x0000000080000000, size: 2048 MB, Compressed Oops mode: 32-bit

CDS archive(s) not mapped
Compressed class space mapped at: 0x0000000100000000-0x0000000140000000, reserved size: 1073741824
Narrow klass base: 0x0000000000000000, Narrow klass shift: 3, Narrow klass range: 0x140000000

GC Precious Log:
 CardTable entry size: 512
 Card Set container configuration: InlinePtr #cards 5 size 8 Array Of Cards #cards 12 size 40 Howl #buckets 4 coarsen threshold 1843 Howl Bitmap #cards 512 size 80 coarsen threshold 460 Card regions per heap region 1 cards per card region 2048
 CPUs: 4 total, 4 available
 Memory: 11972M
 Large Page Support: Disabled
 NUMA Support: Disabled
 Compressed Oops: Enabled (32-bit)
 Heap Region Size: 1M
 Heap Min Capacity: 8M
 Heap Initial Capacity: 188M
 Heap Max Capacity: 2G
 Pre-touch: Disabled
 Parallel Workers: 4
 Concurrent Workers: 1
 Concurrent Refinement Workers: 4
 Periodic GC: Disabled

Heap:
 garbage-first heap   total 720896K, used 295576K [0x0000000080000000, 0x0000000100000000)
  region size 1024K, 107 young (109568K), 28 survivors (28672K)
 Metaspace       used 227081K, committed 229120K, reserved 1310720K
  class space    used 27104K, committed 28160K, reserved 1048576K

Heap Regions: E=young(eden), S=young(survivor), O=old, HS=humongous(starts), HC=humongous(continues), CS=collection set, F=free, TAMS=top-at-mark-start, PB=parsable bottom
|   0|0x0000000080000000, 0x0000000080100000, 0x0000000080100000|100%|HS|  |TAMS 0x0000000080000000| PB 0x0000000080000000| Complete 
|   1|0x0000000080100000, 0x0000000080200000, 0x0000000080200000|100%|HC|  |TAMS 0x0000000080100000| PB 0x0000000080100000| Complete 
|   2|0x0000000080200000, 0x0000000080300000, 0x0000000080300000|100%|HC|  |TAMS 0x0000000080200000| PB 0x0000000080200000| Complete 
|   3|0x0000000080300000, 0x0000000080400000, 0x0000000080400000|100%| O|  |TAMS 0x0000000080300000| PB 0x0000000080300000| Untracked 
|   4|0x0000000080400000, 0x0000000080500000, 0x0000000080500000|100%| O|  |TAMS 0x0000000080400000| PB 0x0000000080400000| Untracked 
|   5|0x0000000080500000, 0x0000000080600000, 0x0000000080600000|100%| O|  |TAMS 0x0000000080500000| PB 0x0000000080500000| Untracked 
|   6|0x0000000080600000, 0x0000000080700000, 0x0000000080700000|100%| O|  |TAMS 0x0000000080600000| PB 0x0000000080600000| Untracked 
|   7|0x0000000080700000, 0x0000000080800000, 0x0000000080800000|100%|HS|  |TAMS 0x0000000080700000| PB 0x0000000080700000| Complete 
|   8|0x0000000080800000, 0x0000000080900000, 0x0000000080900000|100%| O|  |TAMS 0x0000000080800000| PB 0x0000000080800000| Untracked 
|   9|0x0000000080900000, 0x0000000080a00000, 0x0000000080a00000|100%| O|  |TAMS 0x0000000080900000| PB 0x0000000080900000| Untracked 
|  10|0x0000000080a00000, 0x0000000080b00000, 0x0000000080b00000|100%| O|  |TAMS 0x0000000080a00000| PB 0x0000000080a00000| Untracked 
|  11|0x0000000080b00000, 0x0000000080c00000, 0x0000000080c00000|100%| O|  |TAMS 0x0000000080b00000| PB 0x0000000080b00000| Untracked 
|  12|0x0000000080c00000, 0x0000000080d00000, 0x0000000080d00000|100%| O|  |TAMS 0x0000000080c00000| PB 0x0000000080c00000| Untracked 
|  13|0x0000000080d00000, 0x0000000080e00000, 0x0000000080e00000|100%| O|  |TAMS 0x0000000080d00000| PB 0x0000000080d00000| Untracked 
|  14|0x0000000080e00000, 0x0000000080f00000, 0x0000000080f00000|100%| O|  |TAMS 0x0000000080e00000| PB 0x0000000080e00000| Untracked 
|  15|0x0000000080f00000, 0x0000000081000000, 0x0000000081000000|100%| O|  |TAMS 0x0000000080f00000| PB 0x0000000080f00000| Untracked 
|  16|0x0000000081000000, 0x0000000081100000, 0x0000000081100000|100%| O|  |TAMS 0x0000000081000000| PB 0x0000000081000000| Untracked 
|  17|0x0000000081100000, 0x0000000081200000, 0x0000000081200000|100%| O|  |TAMS 0x0000000081100000| PB 0x0000000081100000| Untracked 
|  18|0x0000000081200000, 0x0000000081300000, 0x0000000081300000|100%| O|  |TAMS 0x0000000081200000| PB 0x0000000081200000| Untracked 
|  19|0x0000000081300000, 0x0000000081400000, 0x0000000081400000|100%| O|  |TAMS 0x0000000081300000| PB 0x0000000081300000| Untracked 
|  20|0x0000000081400000, 0x0000000081500000, 0x0000000081500000|100%| O|  |TAMS 0x0000000081400000| PB 0x0000000081400000| Untracked 
|  21|0x0000000081500000, 0x0000000081600000, 0x0000000081600000|100%| O|  |TAMS 0x0000000081500000| PB 0x0000000081500000| Untracked 
|  22|0x0000000081600000, 0x0000000081700000, 0x0000000081700000|100%| O|  |TAMS 0x0000000081600000| PB 0x0000000081600000| Untracked 
|  23|0x0000000081700000, 0x0000000081800000, 0x0000000081800000|100%| O|  |TAMS 0x0000000081700000| PB 0x0000000081700000| Untracked 
|  24|0x0000000081800000, 0x0000000081900000, 0x0000000081900000|100%| O|  |TAMS 0x0000000081800000| PB 0x0000000081800000| Untracked 
|  25|0x0000000081900000, 0x0000000081a00000, 0x0000000081a00000|100%| O|  |TAMS 0x0000000081900000| PB 0x0000000081900000| Untracked 
|  26|0x0000000081a00000, 0x0000000081aa61a0, 0x0000000081b00000| 64%| O|Cm|TAMS 0x0000000081a00000| PB 0x0000000081a00000| Complete 
|  27|0x0000000081b00000, 0x0000000081c00000, 0x0000000081c00000|100%| O|Cm|TAMS 0x0000000081b00000| PB 0x0000000081b00000| Complete 
|  28|0x0000000081c00000, 0x0000000081d00000, 0x0000000081d00000|100%|HS|  |TAMS 0x0000000081c00000| PB 0x0000000081c00000| Complete 
|  29|0x0000000081d00000, 0x0000000081e00000, 0x0000000081e00000|100%| O|  |TAMS 0x0000000081d00000| PB 0x0000000081d00000| Untracked 
|  30|0x0000000081e00000, 0x0000000081f00000, 0x0000000081f00000|100%|HS|  |TAMS 0x0000000081e00000| PB 0x0000000081e00000| Complete 
|  31|0x0000000081f00000, 0x0000000082000000, 0x0000000082000000|100%| O|  |TAMS 0x0000000081f00000| PB 0x0000000081f00000| Untracked 
|  32|0x0000000082000000, 0x0000000082100000, 0x0000000082100000|100%| O|  |TAMS 0x0000000082000000| PB 0x0000000082000000| Untracked 
|  33|0x0000000082100000, 0x0000000082200000, 0x0000000082200000|100%| O|  |TAMS 0x0000000082100000| PB 0x0000000082100000| Untracked 
|  34|0x0000000082200000, 0x0000000082300000, 0x0000000082300000|100%| O|  |TAMS 0x0000000082200000| PB 0x0000000082200000| Untracked 
|  35|0x0000000082300000, 0x0000000082400000, 0x0000000082400000|100%| O|Cm|TAMS 0x0000000082300000| PB 0x0000000082300000| Complete 
|  36|0x0000000082400000, 0x0000000082500000, 0x0000000082500000|100%| O|  |TAMS 0x0000000082400000| PB 0x0000000082400000| Untracked 
|  37|0x0000000082500000, 0x0000000082600000, 0x0000000082600000|100%| O|  |TAMS 0x0000000082500000| PB 0x0000000082500000| Untracked 
|  38|0x0000000082600000, 0x0000000082700000, 0x0000000082700000|100%| O|  |TAMS 0x0000000082600000| PB 0x0000000082600000| Untracked 
|  39|0x0000000082700000, 0x0000000082800000, 0x0000000082800000|100%|HS|  |TAMS 0x0000000082700000| PB 0x0000000082700000| Complete 
|  40|0x0000000082800000, 0x0000000082800000, 0x0000000082900000|  0%| F|  |TAMS 0x0000000082800000| PB 0x0000000082800000| Untracked 
|  41|0x0000000082900000, 0x0000000082a00000, 0x0000000082a00000|100%| O|  |TAMS 0x0000000082900000| PB 0x0000000082900000| Untracked 
|  42|0x0000000082a00000, 0x0000000082b00000, 0x0000000082b00000|100%| O|  |TAMS 0x0000000082a00000| PB 0x0000000082a00000| Untracked 
|  43|0x0000000082b00000, 0x0000000082c00000, 0x0000000082c00000|100%|HS|  |TAMS 0x0000000082b00000| PB 0x0000000082b00000| Complete 
|  44|0x0000000082c00000, 0x0000000082d00000, 0x0000000082d00000|100%|HC|  |TAMS 0x0000000082c00000| PB 0x0000000082c00000| Complete 
|  45|0x0000000082d00000, 0x0000000082e00000, 0x0000000082e00000|100%| O|  |TAMS 0x0000000082d00000| PB 0x0000000082d00000| Untracked 
|  46|0x0000000082e00000, 0x0000000082f00000, 0x0000000082f00000|100%| O|  |TAMS 0x0000000082e00000| PB 0x0000000082e00000| Untracked 
|  47|0x0000000082f00000, 0x0000000083000000, 0x0000000083000000|100%| O|Cm|TAMS 0x0000000082f00000| PB 0x0000000082f00000| Complete 
|  48|0x0000000083000000, 0x0000000083100000, 0x0000000083100000|100%| O|  |TAMS 0x0000000083000000| PB 0x0000000083000000| Untracked 
|  49|0x0000000083100000, 0x0000000083200000, 0x0000000083200000|100%| O|  |TAMS 0x0000000083100000| PB 0x0000000083100000| Untracked 
|  50|0x0000000083200000, 0x0000000083300000, 0x0000000083300000|100%|HS|  |TAMS 0x0000000083200000| PB 0x0000000083200000| Complete 
|  51|0x0000000083300000, 0x0000000083400000, 0x0000000083400000|100%|HC|  |TAMS 0x0000000083300000| PB 0x0000000083300000| Complete 
|  52|0x0000000083400000, 0x0000000083500000, 0x0000000083500000|100%|HS|  |TAMS 0x0000000083400000| PB 0x0000000083400000| Complete 
|  53|0x0000000083500000, 0x0000000083500000, 0x0000000083600000|  0%| F|  |TAMS 0x0000000083500000| PB 0x0000000083500000| Untracked 
|  54|0x0000000083600000, 0x0000000083700000, 0x0000000083700000|100%|HS|  |TAMS 0x0000000083600000| PB 0x0000000083600000| Complete 
|  55|0x0000000083700000, 0x0000000083800000, 0x0000000083800000|100%|HC|  |TAMS 0x0000000083700000| PB 0x0000000083700000| Complete 
|  56|0x0000000083800000, 0x0000000083900000, 0x0000000083900000|100%| O|  |TAMS 0x0000000083800000| PB 0x0000000083800000| Untracked 
|  57|0x0000000083900000, 0x0000000083a00000, 0x0000000083a00000|100%| O|  |TAMS 0x0000000083900000| PB 0x0000000083900000| Untracked 
|  58|0x0000000083a00000, 0x0000000083b00000, 0x0000000083b00000|100%| O|  |TAMS 0x0000000083a00000| PB 0x0000000083a00000| Untracked 
|  59|0x0000000083b00000, 0x0000000083c00000, 0x0000000083c00000|100%|HS|  |TAMS 0x0000000083b00000| PB 0x0000000083b00000| Complete 
|  60|0x0000000083c00000, 0x0000000083d00000, 0x0000000083d00000|100%|HS|  |TAMS 0x0000000083c00000| PB 0x0000000083c00000| Complete 
|  61|0x0000000083d00000, 0x0000000083e00000, 0x0000000083e00000|100%| O|  |TAMS 0x0000000083d00000| PB 0x0000000083d00000| Untracked 
|  62|0x0000000083e00000, 0x0000000083f00000, 0x0000000083f00000|100%| O|  |TAMS 0x0000000083e00000| PB 0x0000000083e00000| Untracked 
|  63|0x0000000083f00000, 0x0000000084000000, 0x0000000084000000|100%| O|  |TAMS 0x0000000083f00000| PB 0x0000000083f00000| Untracked 
|  64|0x0000000084000000, 0x0000000084000000, 0x0000000084100000|  0%| F|  |TAMS 0x0000000084000000| PB 0x0000000084000000| Untracked 
|  65|0x0000000084100000, 0x0000000084200000, 0x0000000084200000|100%| O|Cm|TAMS 0x0000000084100000| PB 0x0000000084100000| Complete 
|  66|0x0000000084200000, 0x0000000084300000, 0x0000000084300000|100%| O|  |TAMS 0x0000000084200000| PB 0x0000000084200000| Untracked 
|  67|0x0000000084300000, 0x0000000084400000, 0x0000000084400000|100%| O|  |TAMS 0x0000000084300000| PB 0x0000000084300000| Untracked 
|  68|0x0000000084400000, 0x0000000084500000, 0x0000000084500000|100%| O|  |TAMS 0x0000000084400000| PB 0x0000000084400000| Untracked 
|  69|0x0000000084500000, 0x0000000084600000, 0x0000000084600000|100%| O|  |TAMS 0x0000000084500000| PB 0x0000000084500000| Untracked 
|  70|0x0000000084600000, 0x0000000084700000, 0x0000000084700000|100%|HS|  |TAMS 0x0000000084600000| PB 0x0000000084600000| Complete 
|  71|0x0000000084700000, 0x0000000084800000, 0x0000000084800000|100%|HC|  |TAMS 0x0000000084700000| PB 0x0000000084700000| Complete 
|  72|0x0000000084800000, 0x0000000084900000, 0x0000000084900000|100%|HS|  |TAMS 0x0000000084800000| PB 0x0000000084800000| Complete 
|  73|0x0000000084900000, 0x0000000084a00000, 0x0000000084a00000|100%| O|  |TAMS 0x0000000084900000| PB 0x0000000084900000| Untracked 
|  74|0x0000000084a00000, 0x0000000084b00000, 0x0000000084b00000|100%| O|  |TAMS 0x0000000084a00000| PB 0x0000000084a00000| Untracked 
|  75|0x0000000084b00000, 0x0000000084c00000, 0x0000000084c00000|100%| O|  |TAMS 0x0000000084b00000| PB 0x0000000084b00000| Untracked 
|  76|0x0000000084c00000, 0x0000000084c00000, 0x0000000084d00000|  0%| F|  |TAMS 0x0000000084c00000| PB 0x0000000084c00000| Untracked 
|  77|0x0000000084d00000, 0x0000000084d00000, 0x0000000084e00000|  0%| F|  |TAMS 0x0000000084d00000| PB 0x0000000084d00000| Untracked 
|  78|0x0000000084e00000, 0x0000000084f00000, 0x0000000084f00000|100%| O|  |TAMS 0x0000000084e00000| PB 0x0000000084e00000| Untracked 
|  79|0x0000000084f00000, 0x0000000085000000, 0x0000000085000000|100%| O|  |TAMS 0x0000000084f00000| PB 0x0000000084f00000| Untracked 
|  80|0x0000000085000000, 0x0000000085000000, 0x0000000085100000|  0%| F|  |TAMS 0x0000000085000000| PB 0x0000000085000000| Untracked 
|  81|0x0000000085100000, 0x0000000085100000, 0x0000000085200000|  0%| F|  |TAMS 0x0000000085100000| PB 0x0000000085100000| Untracked 
|  82|0x0000000085200000, 0x0000000085300000, 0x0000000085300000|100%| O|  |TAMS 0x0000000085200000| PB 0x0000000085200000| Untracked 
|  83|0x0000000085300000, 0x0000000085400000, 0x0000000085400000|100%| O|  |TAMS 0x0000000085300000| PB 0x0000000085300000| Untracked 
|  84|0x0000000085400000, 0x0000000085500000, 0x0000000085500000|100%| O|  |TAMS 0x0000000085400000| PB 0x0000000085400000| Untracked 
|  85|0x0000000085500000, 0x0000000085600000, 0x0000000085600000|100%| O|  |TAMS 0x0000000085500000| PB 0x0000000085500000| Untracked 
|  86|0x0000000085600000, 0x0000000085700000, 0x0000000085700000|100%| O|  |TAMS 0x0000000085600000| PB 0x0000000085600000| Untracked 
|  87|0x0000000085700000, 0x0000000085800000, 0x0000000085800000|100%| O|  |TAMS 0x0000000085700000| PB 0x0000000085700000| Untracked 
|  88|0x0000000085800000, 0x0000000085800000, 0x0000000085900000|  0%| F|  |TAMS 0x0000000085800000| PB 0x0000000085800000| Untracked 
|  89|0x0000000085900000, 0x0000000085900000, 0x0000000085a00000|  0%| F|  |TAMS 0x0000000085900000| PB 0x0000000085900000| Untracked 
|  90|0x0000000085a00000, 0x0000000085b00000, 0x0000000085b00000|100%| O|  |TAMS 0x0000000085a00000| PB 0x0000000085a00000| Untracked 
|  91|0x0000000085b00000, 0x0000000085c00000, 0x0000000085c00000|100%| O|  |TAMS 0x0000000085b00000| PB 0x0000000085b00000| Untracked 
|  92|0x0000000085c00000, 0x0000000085d00000, 0x0000000085d00000|100%| O|  |TAMS 0x0000000085c00000| PB 0x0000000085c00000| Untracked 
|  93|0x0000000085d00000, 0x0000000085e00000, 0x0000000085e00000|100%| O|  |TAMS 0x0000000085d00000| PB 0x0000000085d00000| Untracked 
|  94|0x0000000085e00000, 0x0000000085f00000, 0x0000000085f00000|100%| O|  |TAMS 0x0000000085e00000| PB 0x0000000085e00000| Untracked 
|  95|0x0000000085f00000, 0x0000000086000000, 0x0000000086000000|100%| O|  |TAMS 0x0000000085f00000| PB 0x0000000085f00000| Untracked 
|  96|0x0000000086000000, 0x0000000086100000, 0x0000000086100000|100%| O|  |TAMS 0x0000000086000000| PB 0x0000000086000000| Untracked 
|  97|0x0000000086100000, 0x0000000086200000, 0x0000000086200000|100%| O|  |TAMS 0x0000000086100000| PB 0x0000000086100000| Untracked 
|  98|0x0000000086200000, 0x0000000086200000, 0x0000000086300000|  0%| F|  |TAMS 0x0000000086200000| PB 0x0000000086200000| Untracked 
|  99|0x0000000086300000, 0x0000000086300000, 0x0000000086400000|  0%| F|  |TAMS 0x0000000086300000| PB 0x0000000086300000| Untracked 
| 100|0x0000000086400000, 0x0000000086500000, 0x0000000086500000|100%| O|  |TAMS 0x0000000086400000| PB 0x0000000086400000| Untracked 
| 101|0x0000000086500000, 0x0000000086600000, 0x0000000086600000|100%| O|  |TAMS 0x0000000086500000| PB 0x0000000086500000| Untracked 
| 102|0x0000000086600000, 0x0000000086700000, 0x0000000086700000|100%| O|  |TAMS 0x0000000086600000| PB 0x0000000086600000| Untracked 
| 103|0x0000000086700000, 0x0000000086800000, 0x0000000086800000|100%| O|  |TAMS 0x0000000086700000| PB 0x0000000086700000| Untracked 
| 104|0x0000000086800000, 0x0000000086900000, 0x0000000086900000|100%| O|  |TAMS 0x0000000086800000| PB 0x0000000086800000| Untracked 
| 105|0x0000000086900000, 0x0000000086900000, 0x0000000086a00000|  0%| F|  |TAMS 0x0000000086900000| PB 0x0000000086900000| Untracked 
| 106|0x0000000086a00000, 0x0000000086a00000, 0x0000000086b00000|  0%| F|  |TAMS 0x0000000086a00000| PB 0x0000000086a00000| Untracked 
| 107|0x0000000086b00000, 0x0000000086b00000, 0x0000000086c00000|  0%| F|  |TAMS 0x0000000086b00000| PB 0x0000000086b00000| Untracked 
| 108|0x0000000086c00000, 0x0000000086d00000, 0x0000000086d00000|100%| O|  |TAMS 0x0000000086c00000| PB 0x0000000086c00000| Untracked 
| 109|0x0000000086d00000, 0x0000000086e00000, 0x0000000086e00000|100%| O|  |TAMS 0x0000000086d00000| PB 0x0000000086d00000| Untracked 
| 110|0x0000000086e00000, 0x0000000086f00000, 0x0000000086f00000|100%| O|  |TAMS 0x0000000086e00000| PB 0x0000000086e00000| Untracked 
| 111|0x0000000086f00000, 0x0000000087000000, 0x0000000087000000|100%|HS|  |TAMS 0x0000000086f00000| PB 0x0000000086f00000| Complete 
| 112|0x0000000087000000, 0x0000000087100000, 0x0000000087100000|100%| O|  |TAMS 0x0000000087000000| PB 0x0000000087000000| Untracked 
| 113|0x0000000087100000, 0x0000000087200000, 0x0000000087200000|100%| O|  |TAMS 0x0000000087100000| PB 0x0000000087100000| Untracked 
| 114|0x0000000087200000, 0x0000000087200000, 0x0000000087300000|  0%| F|  |TAMS 0x0000000087200000| PB 0x0000000087200000| Untracked 
| 115|0x0000000087300000, 0x0000000087400000, 0x0000000087400000|100%| O|  |TAMS 0x0000000087300000| PB 0x0000000087300000| Untracked 
| 116|0x0000000087400000, 0x0000000087400000, 0x0000000087500000|  0%| F|  |TAMS 0x0000000087400000| PB 0x0000000087400000| Untracked 
| 117|0x0000000087500000, 0x0000000087600000, 0x0000000087600000|100%|HS|  |TAMS 0x0000000087500000| PB 0x0000000087500000| Complete 
| 118|0x0000000087600000, 0x0000000087700000, 0x0000000087700000|100%|HC|  |TAMS 0x0000000087600000| PB 0x0000000087600000| Complete 
| 119|0x0000000087700000, 0x0000000087800000, 0x0000000087800000|100%|HC|  |TAMS 0x0000000087700000| PB 0x0000000087700000| Complete 
| 120|0x0000000087800000, 0x0000000087900000, 0x0000000087900000|100%|HC|  |TAMS 0x0000000087800000| PB 0x0000000087800000| Complete 
| 121|0x0000000087900000, 0x0000000087a00000, 0x0000000087a00000|100%| O|  |TAMS 0x0000000087900000| PB 0x0000000087900000| Untracked 
| 122|0x0000000087a00000, 0x0000000087b00000, 0x0000000087b00000|100%| O|  |TAMS 0x0000000087a00000| PB 0x0000000087a00000| Untracked 
| 123|0x0000000087b00000, 0x0000000087b00000, 0x0000000087c00000|  0%| F|  |TAMS 0x0000000087b00000| PB 0x0000000087b00000| Untracked 
| 124|0x0000000087c00000, 0x0000000087c00000, 0x0000000087d00000|  0%| F|  |TAMS 0x0000000087c00000| PB 0x0000000087c00000| Untracked 
| 125|0x0000000087d00000, 0x0000000087d00000, 0x0000000087e00000|  0%| F|  |TAMS 0x0000000087d00000| PB 0x0000000087d00000| Untracked 
| 126|0x0000000087e00000, 0x0000000087e00000, 0x0000000087f00000|  0%| F|  |TAMS 0x0000000087e00000| PB 0x0000000087e00000| Untracked 
| 127|0x0000000087f00000, 0x0000000087f00000, 0x0000000088000000|  0%| F|  |TAMS 0x0000000087f00000| PB 0x0000000087f00000| Untracked 
| 128|0x0000000088000000, 0x0000000088100000, 0x0000000088100000|100%| O|  |TAMS 0x0000000088000000| PB 0x0000000088000000| Untracked 
| 129|0x0000000088100000, 0x0000000088100000, 0x0000000088200000|  0%| F|  |TAMS 0x0000000088100000| PB 0x0000000088100000| Untracked 
| 130|0x0000000088200000, 0x0000000088300000, 0x0000000088300000|100%| O|  |TAMS 0x0000000088200000| PB 0x0000000088200000| Untracked 
| 131|0x0000000088300000, 0x0000000088300000, 0x0000000088400000|  0%| F|  |TAMS 0x0000000088300000| PB 0x0000000088300000| Untracked 
| 132|0x0000000088400000, 0x0000000088500000, 0x0000000088500000|100%| O|  |TAMS 0x0000000088400000| PB 0x0000000088400000| Untracked 
| 133|0x0000000088500000, 0x0000000088600000, 0x0000000088600000|100%|HS|  |TAMS 0x0000000088500000| PB 0x0000000088500000| Complete 
| 134|0x0000000088600000, 0x0000000088700000, 0x0000000088700000|100%|HC|  |TAMS 0x0000000088600000| PB 0x0000000088600000| Complete 
| 135|0x0000000088700000, 0x0000000088700000, 0x0000000088800000|  0%| F|  |TAMS 0x0000000088700000| PB 0x0000000088700000| Untracked 
| 136|0x0000000088800000, 0x0000000088900000, 0x0000000088900000|100%| O|  |TAMS 0x0000000088800000| PB 0x0000000088800000| Untracked 
| 137|0x0000000088900000, 0x0000000088900000, 0x0000000088a00000|  0%| F|  |TAMS 0x0000000088900000| PB 0x0000000088900000| Untracked 
| 138|0x0000000088a00000, 0x0000000088a00000, 0x0000000088b00000|  0%| F|  |TAMS 0x0000000088a00000| PB 0x0000000088a00000| Untracked 
| 139|0x0000000088b00000, 0x0000000088b00000, 0x0000000088c00000|  0%| F|  |TAMS 0x0000000088b00000| PB 0x0000000088b00000| Untracked 
| 140|0x0000000088c00000, 0x0000000088c00000, 0x0000000088d00000|  0%| F|  |TAMS 0x0000000088c00000| PB 0x0000000088c00000| Untracked 
| 141|0x0000000088d00000, 0x0000000088e00000, 0x0000000088e00000|100%| O|  |TAMS 0x0000000088d00000| PB 0x0000000088d00000| Untracked 
| 142|0x0000000088e00000, 0x0000000088e00000, 0x0000000088f00000|  0%| F|  |TAMS 0x0000000088e00000| PB 0x0000000088e00000| Untracked 
| 143|0x0000000088f00000, 0x0000000089000000, 0x0000000089000000|100%| O|  |TAMS 0x0000000088f00000| PB 0x0000000088f00000| Untracked 
| 144|0x0000000089000000, 0x0000000089000000, 0x0000000089100000|  0%| F|  |TAMS 0x0000000089000000| PB 0x0000000089000000| Untracked 
| 145|0x0000000089100000, 0x0000000089100000, 0x0000000089200000|  0%| F|  |TAMS 0x0000000089100000| PB 0x0000000089100000| Untracked 
| 146|0x0000000089200000, 0x0000000089200000, 0x0000000089300000|  0%| F|  |TAMS 0x0000000089200000| PB 0x0000000089200000| Untracked 
| 147|0x0000000089300000, 0x0000000089300000, 0x0000000089400000|  0%| F|  |TAMS 0x0000000089300000| PB 0x0000000089300000| Untracked 
| 148|0x0000000089400000, 0x0000000089400000, 0x0000000089500000|  0%| F|  |TAMS 0x0000000089400000| PB 0x0000000089400000| Untracked 
| 149|0x0000000089500000, 0x0000000089500000, 0x0000000089600000|  0%| F|  |TAMS 0x0000000089500000| PB 0x0000000089500000| Untracked 
| 150|0x0000000089600000, 0x0000000089600000, 0x0000000089700000|  0%| F|  |TAMS 0x0000000089600000| PB 0x0000000089600000| Untracked 
| 151|0x0000000089700000, 0x0000000089800000, 0x0000000089800000|100%| O|  |TAMS 0x0000000089700000| PB 0x0000000089700000| Untracked 
| 152|0x0000000089800000, 0x0000000089900000, 0x0000000089900000|100%| O|  |TAMS 0x0000000089800000| PB 0x0000000089800000| Untracked 
| 153|0x0000000089900000, 0x0000000089a00000, 0x0000000089a00000|100%| O|  |TAMS 0x0000000089900000| PB 0x0000000089900000| Untracked 
| 154|0x0000000089a00000, 0x0000000089b00000, 0x0000000089b00000|100%| O|  |TAMS 0x0000000089a00000| PB 0x0000000089a00000| Untracked 
| 155|0x0000000089b00000, 0x0000000089c00000, 0x0000000089c00000|100%| O|  |TAMS 0x0000000089b00000| PB 0x0000000089b00000| Untracked 
| 156|0x0000000089c00000, 0x0000000089c00000, 0x0000000089d00000|  0%| F|  |TAMS 0x0000000089c00000| PB 0x0000000089c00000| Untracked 
| 157|0x0000000089d00000, 0x0000000089d00000, 0x0000000089e00000|  0%| F|  |TAMS 0x0000000089d00000| PB 0x0000000089d00000| Untracked 
| 158|0x0000000089e00000, 0x0000000089e00000, 0x0000000089f00000|  0%| F|  |TAMS 0x0000000089e00000| PB 0x0000000089e00000| Untracked 
| 159|0x0000000089f00000, 0x0000000089f00000, 0x000000008a000000|  0%| F|  |TAMS 0x0000000089f00000| PB 0x0000000089f00000| Untracked 
| 160|0x000000008a000000, 0x000000008a100000, 0x000000008a100000|100%| O|  |TAMS 0x000000008a000000| PB 0x000000008a000000| Untracked 
| 161|0x000000008a100000, 0x000000008a200000, 0x000000008a200000|100%| O|  |TAMS 0x000000008a100000| PB 0x000000008a100000| Untracked 
| 162|0x000000008a200000, 0x000000008a200000, 0x000000008a300000|  0%| F|  |TAMS 0x000000008a200000| PB 0x000000008a200000| Untracked 
| 163|0x000000008a300000, 0x000000008a400000, 0x000000008a400000|100%| O|  |TAMS 0x000000008a300000| PB 0x000000008a300000| Untracked 
| 164|0x000000008a400000, 0x000000008a500000, 0x000000008a500000|100%| O|  |TAMS 0x000000008a400000| PB 0x000000008a400000| Untracked 
| 165|0x000000008a500000, 0x000000008a600000, 0x000000008a600000|100%| O|  |TAMS 0x000000008a500000| PB 0x000000008a500000| Untracked 
| 166|0x000000008a600000, 0x000000008a700000, 0x000000008a700000|100%| O|  |TAMS 0x000000008a600000| PB 0x000000008a600000| Untracked 
| 167|0x000000008a700000, 0x000000008a800000, 0x000000008a800000|100%| O|  |TAMS 0x000000008a700000| PB 0x000000008a700000| Untracked 
| 168|0x000000008a800000, 0x000000008a900000, 0x000000008a900000|100%| O|  |TAMS 0x000000008a800000| PB 0x000000008a800000| Untracked 
| 169|0x000000008a900000, 0x000000008aa00000, 0x000000008aa00000|100%| O|  |TAMS 0x000000008a900000| PB 0x000000008a900000| Untracked 
| 170|0x000000008aa00000, 0x000000008ab00000, 0x000000008ab00000|100%| O|  |TAMS 0x000000008aa00000| PB 0x000000008aa00000| Untracked 
| 171|0x000000008ab00000, 0x000000008ab00000, 0x000000008ac00000|  0%| F|  |TAMS 0x000000008ab00000| PB 0x000000008ab00000| Untracked 
| 172|0x000000008ac00000, 0x000000008ac00000, 0x000000008ad00000|  0%| F|  |TAMS 0x000000008ac00000| PB 0x000000008ac00000| Untracked 
| 173|0x000000008ad00000, 0x000000008ad00000, 0x000000008ae00000|  0%| F|  |TAMS 0x000000008ad00000| PB 0x000000008ad00000| Untracked 
| 174|0x000000008ae00000, 0x000000008af00000, 0x000000008af00000|100%| O|  |TAMS 0x000000008ae00000| PB 0x000000008ae00000| Untracked 
| 175|0x000000008af00000, 0x000000008b000000, 0x000000008b000000|100%| O|  |TAMS 0x000000008af00000| PB 0x000000008af00000| Untracked 
| 176|0x000000008b000000, 0x000000008b100000, 0x000000008b100000|100%| O|  |TAMS 0x000000008b000000| PB 0x000000008b000000| Untracked 
| 177|0x000000008b100000, 0x000000008b100000, 0x000000008b200000|  0%| F|  |TAMS 0x000000008b100000| PB 0x000000008b100000| Untracked 
| 178|0x000000008b200000, 0x000000008b200000, 0x000000008b300000|  0%| F|  |TAMS 0x000000008b200000| PB 0x000000008b200000| Untracked 
| 179|0x000000008b300000, 0x000000008b400000, 0x000000008b400000|100%| O|  |TAMS 0x000000008b300000| PB 0x000000008b300000| Untracked 
| 180|0x000000008b400000, 0x000000008b500000, 0x000000008b500000|100%| O|  |TAMS 0x000000008b400000| PB 0x000000008b400000| Untracked 
| 181|0x000000008b500000, 0x000000008b600000, 0x000000008b600000|100%| O|  |TAMS 0x000000008b500000| PB 0x000000008b500000| Untracked 
| 182|0x000000008b600000, 0x000000008b700000, 0x000000008b700000|100%| O|  |TAMS 0x000000008b600000| PB 0x000000008b600000| Untracked 
| 183|0x000000008b700000, 0x000000008b700000, 0x000000008b800000|  0%| F|  |TAMS 0x000000008b700000| PB 0x000000008b700000| Untracked 
| 184|0x000000008b800000, 0x000000008b800000, 0x000000008b900000|  0%| F|  |TAMS 0x000000008b800000| PB 0x000000008b800000| Untracked 
| 185|0x000000008b900000, 0x000000008ba00000, 0x000000008ba00000|100%| O|Cm|TAMS 0x000000008b900000| PB 0x000000008b900000| Complete 
| 186|0x000000008ba00000, 0x000000008bb00000, 0x000000008bb00000|100%| O|  |TAMS 0x000000008ba00000| PB 0x000000008ba00000| Untracked 
| 187|0x000000008bb00000, 0x000000008bc00000, 0x000000008bc00000|100%| O|  |TAMS 0x000000008bb00000| PB 0x000000008bb00000| Untracked 
| 188|0x000000008bc00000, 0x000000008bd00000, 0x000000008bd00000|100%| O|  |TAMS 0x000000008bc00000| PB 0x000000008bc00000| Untracked 
| 189|0x000000008bd00000, 0x000000008be00000, 0x000000008be00000|100%| O|  |TAMS 0x000000008bd00000| PB 0x000000008bd00000| Untracked 
| 190|0x000000008be00000, 0x000000008bf00000, 0x000000008bf00000|100%| O|  |TAMS 0x000000008be00000| PB 0x000000008be00000| Untracked 
| 191|0x000000008bf00000, 0x000000008c000000, 0x000000008c000000|100%| O|  |TAMS 0x000000008bf00000| PB 0x000000008bf00000| Untracked 
| 192|0x000000008c000000, 0x000000008c100000, 0x000000008c100000|100%| O|  |TAMS 0x000000008c000000| PB 0x000000008c000000| Untracked 
| 193|0x000000008c100000, 0x000000008c200000, 0x000000008c200000|100%| O|  |TAMS 0x000000008c100000| PB 0x000000008c100000| Untracked 
| 194|0x000000008c200000, 0x000000008c300000, 0x000000008c300000|100%| O|  |TAMS 0x000000008c200000| PB 0x000000008c200000| Untracked 
| 195|0x000000008c300000, 0x000000008c300000, 0x000000008c400000|  0%| F|  |TAMS 0x000000008c300000| PB 0x000000008c300000| Untracked 
| 196|0x000000008c400000, 0x000000008c400000, 0x000000008c500000|  0%| F|  |TAMS 0x000000008c400000| PB 0x000000008c400000| Untracked 
| 197|0x000000008c500000, 0x000000008c500000, 0x000000008c600000|  0%| F|  |TAMS 0x000000008c500000| PB 0x000000008c500000| Untracked 
| 198|0x000000008c600000, 0x000000008c600000, 0x000000008c700000|  0%| F|  |TAMS 0x000000008c600000| PB 0x000000008c600000| Untracked 
| 199|0x000000008c700000, 0x000000008c700000, 0x000000008c800000|  0%| F|  |TAMS 0x000000008c700000| PB 0x000000008c700000| Untracked 
| 200|0x000000008c800000, 0x000000008c800000, 0x000000008c900000|  0%| F|  |TAMS 0x000000008c800000| PB 0x000000008c800000| Untracked 
| 201|0x000000008c900000, 0x000000008c900000, 0x000000008ca00000|  0%| F|  |TAMS 0x000000008c900000| PB 0x000000008c900000| Untracked 
| 202|0x000000008ca00000, 0x000000008ca00000, 0x000000008cb00000|  0%| F|  |TAMS 0x000000008ca00000| PB 0x000000008ca00000| Untracked 
| 203|0x000000008cb00000, 0x000000008cc00000, 0x000000008cc00000|100%| O|  |TAMS 0x000000008cb00000| PB 0x000000008cb00000| Untracked 
| 204|0x000000008cc00000, 0x000000008cc00000, 0x000000008cd00000|  0%| F|  |TAMS 0x000000008cc00000| PB 0x000000008cc00000| Untracked 
| 205|0x000000008cd00000, 0x000000008cd00000, 0x000000008ce00000|  0%| F|  |TAMS 0x000000008cd00000| PB 0x000000008cd00000| Untracked 
| 206|0x000000008ce00000, 0x000000008ce00000, 0x000000008cf00000|  0%| F|  |TAMS 0x000000008ce00000| PB 0x000000008ce00000| Untracked 
| 207|0x000000008cf00000, 0x000000008d000000, 0x000000008d000000|100%| O|  |TAMS 0x000000008cf00000| PB 0x000000008cf00000| Untracked 
| 208|0x000000008d000000, 0x000000008d000000, 0x000000008d100000|  0%| F|  |TAMS 0x000000008d000000| PB 0x000000008d000000| Untracked 
| 209|0x000000008d100000, 0x000000008d100000, 0x000000008d200000|  0%| F|  |TAMS 0x000000008d100000| PB 0x000000008d100000| Untracked 
| 210|0x000000008d200000, 0x000000008d200000, 0x000000008d300000|  0%| F|  |TAMS 0x000000008d200000| PB 0x000000008d200000| Untracked 
| 211|0x000000008d300000, 0x000000008d400000, 0x000000008d400000|100%| O|Cm|TAMS 0x000000008d300000| PB 0x000000008d300000| Complete 
| 212|0x000000008d400000, 0x000000008d500000, 0x000000008d500000|100%| O|Cm|TAMS 0x000000008d400000| PB 0x000000008d400000| Complete 
| 213|0x000000008d500000, 0x000000008d500000, 0x000000008d600000|  0%| F|  |TAMS 0x000000008d500000| PB 0x000000008d500000| Untracked 
| 214|0x000000008d600000, 0x000000008d700000, 0x000000008d700000|100%| O|  |TAMS 0x000000008d600000| PB 0x000000008d600000| Untracked 
| 215|0x000000008d700000, 0x000000008d700000, 0x000000008d800000|  0%| F|  |TAMS 0x000000008d700000| PB 0x000000008d700000| Untracked 
| 216|0x000000008d800000, 0x000000008d800000, 0x000000008d900000|  0%| F|  |TAMS 0x000000008d800000| PB 0x000000008d800000| Untracked 
| 217|0x000000008d900000, 0x000000008d900000, 0x000000008da00000|  0%| F|  |TAMS 0x000000008d900000| PB 0x000000008d900000| Untracked 
| 218|0x000000008da00000, 0x000000008db00000, 0x000000008db00000|100%| O|  |TAMS 0x000000008da00000| PB 0x000000008da00000| Untracked 
| 219|0x000000008db00000, 0x000000008db00000, 0x000000008dc00000|  0%| F|  |TAMS 0x000000008db00000| PB 0x000000008db00000| Untracked 
| 220|0x000000008dc00000, 0x000000008dc00000, 0x000000008dd00000|  0%| F|  |TAMS 0x000000008dc00000| PB 0x000000008dc00000| Untracked 
| 221|0x000000008dd00000, 0x000000008de00000, 0x000000008de00000|100%| O|Cm|TAMS 0x000000008dd00000| PB 0x000000008dd00000| Complete 
| 222|0x000000008de00000, 0x000000008df00000, 0x000000008df00000|100%| O|Cm|TAMS 0x000000008de00000| PB 0x000000008de00000| Complete 
| 223|0x000000008df00000, 0x000000008df00000, 0x000000008e000000|  0%| F|  |TAMS 0x000000008df00000| PB 0x000000008df00000| Untracked 
| 224|0x000000008e000000, 0x000000008e000000, 0x000000008e100000|  0%| F|  |TAMS 0x000000008e000000| PB 0x000000008e000000| Untracked 
| 225|0x000000008e100000, 0x000000008e100000, 0x000000008e200000|  0%| F|  |TAMS 0x000000008e100000| PB 0x000000008e100000| Untracked 
| 226|0x000000008e200000, 0x000000008e200000, 0x000000008e300000|  0%| F|  |TAMS 0x000000008e200000| PB 0x000000008e200000| Untracked 
| 227|0x000000008e300000, 0x000000008e300000, 0x000000008e400000|  0%| F|  |TAMS 0x000000008e300000| PB 0x000000008e300000| Untracked 
| 228|0x000000008e400000, 0x000000008e400000, 0x000000008e500000|  0%| F|  |TAMS 0x000000008e400000| PB 0x000000008e400000| Untracked 
| 229|0x000000008e500000, 0x000000008e500000, 0x000000008e600000|  0%| F|  |TAMS 0x000000008e500000| PB 0x000000008e500000| Untracked 
| 230|0x000000008e600000, 0x000000008e600000, 0x000000008e700000|  0%| F|  |TAMS 0x000000008e600000| PB 0x000000008e600000| Untracked 
| 231|0x000000008e700000, 0x000000008e800000, 0x000000008e800000|100%| O|  |TAMS 0x000000008e700000| PB 0x000000008e700000| Untracked 
| 232|0x000000008e800000, 0x000000008e800000, 0x000000008e900000|  0%| F|  |TAMS 0x000000008e800000| PB 0x000000008e800000| Untracked 
| 233|0x000000008e900000, 0x000000008e900000, 0x000000008ea00000|  0%| F|  |TAMS 0x000000008e900000| PB 0x000000008e900000| Untracked 
| 234|0x000000008ea00000, 0x000000008ea00000, 0x000000008eb00000|  0%| F|  |TAMS 0x000000008ea00000| PB 0x000000008ea00000| Untracked 
| 235|0x000000008eb00000, 0x000000008eb00000, 0x000000008ec00000|  0%| F|  |TAMS 0x000000008eb00000| PB 0x000000008eb00000| Untracked 
| 236|0x000000008ec00000, 0x000000008ec00000, 0x000000008ed00000|  0%| F|  |TAMS 0x000000008ec00000| PB 0x000000008ec00000| Untracked 
| 237|0x000000008ed00000, 0x000000008ed00000, 0x000000008ee00000|  0%| F|  |TAMS 0x000000008ed00000| PB 0x000000008ed00000| Untracked 
| 238|0x000000008ee00000, 0x000000008ee00000, 0x000000008ef00000|  0%| F|  |TAMS 0x000000008ee00000| PB 0x000000008ee00000| Untracked 
| 239|0x000000008ef00000, 0x000000008ef00000, 0x000000008f000000|  0%| F|  |TAMS 0x000000008ef00000| PB 0x000000008ef00000| Untracked 
| 240|0x000000008f000000, 0x000000008f000000, 0x000000008f100000|  0%| F|  |TAMS 0x000000008f000000| PB 0x000000008f000000| Untracked 
| 241|0x000000008f100000, 0x000000008f200000, 0x000000008f200000|100%| O|  |TAMS 0x000000008f100000| PB 0x000000008f100000| Untracked 
| 242|0x000000008f200000, 0x000000008f200000, 0x000000008f300000|  0%| F|  |TAMS 0x000000008f200000| PB 0x000000008f200000| Untracked 
| 243|0x000000008f300000, 0x000000008f300000, 0x000000008f400000|  0%| F|  |TAMS 0x000000008f300000| PB 0x000000008f300000| Untracked 
| 244|0x000000008f400000, 0x000000008f400000, 0x000000008f500000|  0%| F|  |TAMS 0x000000008f400000| PB 0x000000008f400000| Untracked 
| 245|0x000000008f500000, 0x000000008f500000, 0x000000008f600000|  0%| F|  |TAMS 0x000000008f500000| PB 0x000000008f500000| Untracked 
| 246|0x000000008f600000, 0x000000008f600000, 0x000000008f700000|  0%| F|  |TAMS 0x000000008f600000| PB 0x000000008f600000| Untracked 
| 247|0x000000008f700000, 0x000000008f700000, 0x000000008f800000|  0%| F|  |TAMS 0x000000008f700000| PB 0x000000008f700000| Untracked 
| 248|0x000000008f800000, 0x000000008f800000, 0x000000008f900000|  0%| F|  |TAMS 0x000000008f800000| PB 0x000000008f800000| Untracked 
| 249|0x000000008f900000, 0x000000008fa00000, 0x000000008fa00000|100%| O|  |TAMS 0x000000008f900000| PB 0x000000008f900000| Untracked 
| 250|0x000000008fa00000, 0x000000008fa00000, 0x000000008fb00000|  0%| F|  |TAMS 0x000000008fa00000| PB 0x000000008fa00000| Untracked 
| 251|0x000000008fb00000, 0x000000008fb00000, 0x000000008fc00000|  0%| F|  |TAMS 0x000000008fb00000| PB 0x000000008fb00000| Untracked 
| 252|0x000000008fc00000, 0x000000008fc00000, 0x000000008fd00000|  0%| F|  |TAMS 0x000000008fc00000| PB 0x000000008fc00000| Untracked 
| 253|0x000000008fd00000, 0x000000008fd00000, 0x000000008fe00000|  0%| F|  |TAMS 0x000000008fd00000| PB 0x000000008fd00000| Untracked 
| 254|0x000000008fe00000, 0x000000008fe00000, 0x000000008ff00000|  0%| F|  |TAMS 0x000000008fe00000| PB 0x000000008fe00000| Untracked 
| 255|0x000000008ff00000, 0x000000008ff00000, 0x0000000090000000|  0%| F|  |TAMS 0x000000008ff00000| PB 0x000000008ff00000| Untracked 
| 256|0x0000000090000000, 0x0000000090000000, 0x0000000090100000|  0%| F|  |TAMS 0x0000000090000000| PB 0x0000000090000000| Untracked 
| 257|0x0000000090100000, 0x0000000090100000, 0x0000000090200000|  0%| F|  |TAMS 0x0000000090100000| PB 0x0000000090100000| Untracked 
| 258|0x0000000090200000, 0x0000000090200000, 0x0000000090300000|  0%| F|  |TAMS 0x0000000090200000| PB 0x0000000090200000| Untracked 
| 259|0x0000000090300000, 0x0000000090300000, 0x0000000090400000|  0%| F|  |TAMS 0x0000000090300000| PB 0x0000000090300000| Untracked 
| 260|0x0000000090400000, 0x0000000090400000, 0x0000000090500000|  0%| F|  |TAMS 0x0000000090400000| PB 0x0000000090400000| Untracked 
| 261|0x0000000090500000, 0x0000000090500000, 0x0000000090600000|  0%| F|  |TAMS 0x0000000090500000| PB 0x0000000090500000| Untracked 
| 262|0x0000000090600000, 0x0000000090700000, 0x0000000090700000|100%| O|  |TAMS 0x0000000090600000| PB 0x0000000090600000| Untracked 
| 263|0x0000000090700000, 0x0000000090700000, 0x0000000090800000|  0%| F|  |TAMS 0x0000000090700000| PB 0x0000000090700000| Untracked 
| 264|0x0000000090800000, 0x0000000090800000, 0x0000000090900000|  0%| F|  |TAMS 0x0000000090800000| PB 0x0000000090800000| Untracked 
| 265|0x0000000090900000, 0x0000000090a00000, 0x0000000090a00000|100%| O|Cm|TAMS 0x0000000090900000| PB 0x0000000090900000| Complete 
| 266|0x0000000090a00000, 0x0000000090b00000, 0x0000000090b00000|100%| O|  |TAMS 0x0000000090a00000| PB 0x0000000090a00000| Untracked 
| 267|0x0000000090b00000, 0x0000000090c00000, 0x0000000090c00000|100%| O|  |TAMS 0x0000000090b00000| PB 0x0000000090b00000| Untracked 
| 268|0x0000000090c00000, 0x0000000090d00000, 0x0000000090d00000|100%| O|  |TAMS 0x0000000090c00000| PB 0x0000000090c00000| Untracked 
| 269|0x0000000090d00000, 0x0000000090d00000, 0x0000000090e00000|  0%| F|  |TAMS 0x0000000090d00000| PB 0x0000000090d00000| Untracked 
| 270|0x0000000090e00000, 0x0000000090e00000, 0x0000000090f00000|  0%| F|  |TAMS 0x0000000090e00000| PB 0x0000000090e00000| Untracked 
| 271|0x0000000090f00000, 0x0000000091000000, 0x0000000091000000|100%| O|Cm|TAMS 0x0000000090f00000| PB 0x0000000090f00000| Complete 
| 272|0x0000000091000000, 0x0000000091000000, 0x0000000091100000|  0%| F|  |TAMS 0x0000000091000000| PB 0x0000000091000000| Untracked 
| 273|0x0000000091100000, 0x0000000091100000, 0x0000000091200000|  0%| F|  |TAMS 0x0000000091100000| PB 0x0000000091100000| Untracked 
| 274|0x0000000091200000, 0x0000000091200000, 0x0000000091300000|  0%| F|  |TAMS 0x0000000091200000| PB 0x0000000091200000| Untracked 
| 275|0x0000000091300000, 0x0000000091300000, 0x0000000091400000|  0%| F|  |TAMS 0x0000000091300000| PB 0x0000000091300000| Untracked 
| 276|0x0000000091400000, 0x0000000091400000, 0x0000000091500000|  0%| F|  |TAMS 0x0000000091400000| PB 0x0000000091400000| Untracked 
| 277|0x0000000091500000, 0x0000000091500000, 0x0000000091600000|  0%| F|  |TAMS 0x0000000091500000| PB 0x0000000091500000| Untracked 
| 278|0x0000000091600000, 0x0000000091600000, 0x0000000091700000|  0%| F|  |TAMS 0x0000000091600000| PB 0x0000000091600000| Untracked 
| 279|0x0000000091700000, 0x0000000091700000, 0x0000000091800000|  0%| F|  |TAMS 0x0000000091700000| PB 0x0000000091700000| Untracked 
| 280|0x0000000091800000, 0x0000000091800000, 0x0000000091900000|  0%| F|  |TAMS 0x0000000091800000| PB 0x0000000091800000| Untracked 
| 281|0x0000000091900000, 0x0000000091900000, 0x0000000091a00000|  0%| F|  |TAMS 0x0000000091900000| PB 0x0000000091900000| Untracked 
| 282|0x0000000091a00000, 0x0000000091b00000, 0x0000000091b00000|100%| O|  |TAMS 0x0000000091a00000| PB 0x0000000091a00000| Untracked 
| 283|0x0000000091b00000, 0x0000000091b00000, 0x0000000091c00000|  0%| F|  |TAMS 0x0000000091b00000| PB 0x0000000091b00000| Untracked 
| 284|0x0000000091c00000, 0x0000000091c00000, 0x0000000091d00000|  0%| F|  |TAMS 0x0000000091c00000| PB 0x0000000091c00000| Untracked 
| 285|0x0000000091d00000, 0x0000000091d00000, 0x0000000091e00000|  0%| F|  |TAMS 0x0000000091d00000| PB 0x0000000091d00000| Untracked 
| 286|0x0000000091e00000, 0x0000000091e00000, 0x0000000091f00000|  0%| F|  |TAMS 0x0000000091e00000| PB 0x0000000091e00000| Untracked 
| 287|0x0000000091f00000, 0x0000000091f00000, 0x0000000092000000|  0%| F|  |TAMS 0x0000000091f00000| PB 0x0000000091f00000| Untracked 
| 288|0x0000000092000000, 0x0000000092000000, 0x0000000092100000|  0%| F|  |TAMS 0x0000000092000000| PB 0x0000000092000000| Untracked 
| 289|0x0000000092100000, 0x0000000092100000, 0x0000000092200000|  0%| F|  |TAMS 0x0000000092100000| PB 0x0000000092100000| Untracked 
| 290|0x0000000092200000, 0x0000000092200000, 0x0000000092300000|  0%| F|  |TAMS 0x0000000092200000| PB 0x0000000092200000| Untracked 
| 291|0x0000000092300000, 0x0000000092300000, 0x0000000092400000|  0%| F|  |TAMS 0x0000000092300000| PB 0x0000000092300000| Untracked 
| 292|0x0000000092400000, 0x0000000092400000, 0x0000000092500000|  0%| F|  |TAMS 0x0000000092400000| PB 0x0000000092400000| Untracked 
| 293|0x0000000092500000, 0x0000000092500000, 0x0000000092600000|  0%| F|  |TAMS 0x0000000092500000| PB 0x0000000092500000| Untracked 
| 294|0x0000000092600000, 0x0000000092600000, 0x0000000092700000|  0%| F|  |TAMS 0x0000000092600000| PB 0x0000000092600000| Untracked 
| 295|0x0000000092700000, 0x0000000092700000, 0x0000000092800000|  0%| F|  |TAMS 0x0000000092700000| PB 0x0000000092700000| Untracked 
| 296|0x0000000092800000, 0x0000000092800000, 0x0000000092900000|  0%| F|  |TAMS 0x0000000092800000| PB 0x0000000092800000| Untracked 
| 297|0x0000000092900000, 0x0000000092900000, 0x0000000092a00000|  0%| F|  |TAMS 0x0000000092900000| PB 0x0000000092900000| Untracked 
| 298|0x0000000092a00000, 0x0000000092a00000, 0x0000000092b00000|  0%| F|  |TAMS 0x0000000092a00000| PB 0x0000000092a00000| Untracked 
| 299|0x0000000092b00000, 0x0000000092b00000, 0x0000000092c00000|  0%| F|  |TAMS 0x0000000092b00000| PB 0x0000000092b00000| Untracked 
| 300|0x0000000092c00000, 0x0000000092c00000, 0x0000000092d00000|  0%| F|  |TAMS 0x0000000092c00000| PB 0x0000000092c00000| Untracked 
| 301|0x0000000092d00000, 0x0000000092d00000, 0x0000000092e00000|  0%| F|  |TAMS 0x0000000092d00000| PB 0x0000000092d00000| Untracked 
| 302|0x0000000092e00000, 0x0000000092e00000, 0x0000000092f00000|  0%| F|  |TAMS 0x0000000092e00000| PB 0x0000000092e00000| Untracked 
| 303|0x0000000092f00000, 0x0000000092f00000, 0x0000000093000000|  0%| F|  |TAMS 0x0000000092f00000| PB 0x0000000092f00000| Untracked 
| 304|0x0000000093000000, 0x0000000093000000, 0x0000000093100000|  0%| F|  |TAMS 0x0000000093000000| PB 0x0000000093000000| Untracked 
| 305|0x0000000093100000, 0x0000000093100000, 0x0000000093200000|  0%| F|  |TAMS 0x0000000093100000| PB 0x0000000093100000| Untracked 
| 306|0x0000000093200000, 0x0000000093200000, 0x0000000093300000|  0%| F|  |TAMS 0x0000000093200000| PB 0x0000000093200000| Untracked 
| 307|0x0000000093300000, 0x0000000093300000, 0x0000000093400000|  0%| F|  |TAMS 0x0000000093300000| PB 0x0000000093300000| Untracked 
| 308|0x0000000093400000, 0x0000000093400000, 0x0000000093500000|  0%| F|  |TAMS 0x0000000093400000| PB 0x0000000093400000| Untracked 
| 309|0x0000000093500000, 0x0000000093500000, 0x0000000093600000|  0%| F|  |TAMS 0x0000000093500000| PB 0x0000000093500000| Untracked 
| 310|0x0000000093600000, 0x0000000093600000, 0x0000000093700000|  0%| F|  |TAMS 0x0000000093600000| PB 0x0000000093600000| Untracked 
| 311|0x0000000093700000, 0x0000000093700000, 0x0000000093800000|  0%| F|  |TAMS 0x0000000093700000| PB 0x0000000093700000| Untracked 
| 312|0x0000000093800000, 0x0000000093800000, 0x0000000093900000|  0%| F|  |TAMS 0x0000000093800000| PB 0x0000000093800000| Untracked 
| 313|0x0000000093900000, 0x0000000093900000, 0x0000000093a00000|  0%| F|  |TAMS 0x0000000093900000| PB 0x0000000093900000| Untracked 
| 314|0x0000000093a00000, 0x0000000093a00000, 0x0000000093b00000|  0%| F|  |TAMS 0x0000000093a00000| PB 0x0000000093a00000| Untracked 
| 315|0x0000000093b00000, 0x0000000093b00000, 0x0000000093c00000|  0%| F|  |TAMS 0x0000000093b00000| PB 0x0000000093b00000| Untracked 
| 316|0x0000000093c00000, 0x0000000093c00000, 0x0000000093d00000|  0%| F|  |TAMS 0x0000000093c00000| PB 0x0000000093c00000| Untracked 
| 317|0x0000000093d00000, 0x0000000093d00000, 0x0000000093e00000|  0%| F|  |TAMS 0x0000000093d00000| PB 0x0000000093d00000| Untracked 
| 318|0x0000000093e00000, 0x0000000093e00000, 0x0000000093f00000|  0%| F|  |TAMS 0x0000000093e00000| PB 0x0000000093e00000| Untracked 
| 319|0x0000000093f00000, 0x0000000093f00000, 0x0000000094000000|  0%| F|  |TAMS 0x0000000093f00000| PB 0x0000000093f00000| Untracked 
| 320|0x0000000094000000, 0x0000000094000000, 0x0000000094100000|  0%| F|  |TAMS 0x0000000094000000| PB 0x0000000094000000| Untracked 
| 321|0x0000000094100000, 0x0000000094100000, 0x0000000094200000|  0%| F|  |TAMS 0x0000000094100000| PB 0x0000000094100000| Untracked 
| 322|0x0000000094200000, 0x0000000094200000, 0x0000000094300000|  0%| F|  |TAMS 0x0000000094200000| PB 0x0000000094200000| Untracked 
| 323|0x0000000094300000, 0x0000000094300000, 0x0000000094400000|  0%| F|  |TAMS 0x0000000094300000| PB 0x0000000094300000| Untracked 
| 324|0x0000000094400000, 0x0000000094400000, 0x0000000094500000|  0%| F|  |TAMS 0x0000000094400000| PB 0x0000000094400000| Untracked 
| 325|0x0000000094500000, 0x0000000094500000, 0x0000000094600000|  0%| F|  |TAMS 0x0000000094500000| PB 0x0000000094500000| Untracked 
| 326|0x0000000094600000, 0x0000000094600000, 0x0000000094700000|  0%| F|  |TAMS 0x0000000094600000| PB 0x0000000094600000| Untracked 
| 327|0x0000000094700000, 0x0000000094700000, 0x0000000094800000|  0%| F|  |TAMS 0x0000000094700000| PB 0x0000000094700000| Untracked 
| 328|0x0000000094800000, 0x0000000094800000, 0x0000000094900000|  0%| F|  |TAMS 0x0000000094800000| PB 0x0000000094800000| Untracked 
| 329|0x0000000094900000, 0x0000000094900000, 0x0000000094a00000|  0%| F|  |TAMS 0x0000000094900000| PB 0x0000000094900000| Untracked 
| 330|0x0000000094a00000, 0x0000000094a00000, 0x0000000094b00000|  0%| F|  |TAMS 0x0000000094a00000| PB 0x0000000094a00000| Untracked 
| 331|0x0000000094b00000, 0x0000000094b00000, 0x0000000094c00000|  0%| F|  |TAMS 0x0000000094b00000| PB 0x0000000094b00000| Untracked 
| 332|0x0000000094c00000, 0x0000000094c00000, 0x0000000094d00000|  0%| F|  |TAMS 0x0000000094c00000| PB 0x0000000094c00000| Untracked 
| 333|0x0000000094d00000, 0x0000000094d00000, 0x0000000094e00000|  0%| F|  |TAMS 0x0000000094d00000| PB 0x0000000094d00000| Untracked 
| 334|0x0000000094e00000, 0x0000000094e00000, 0x0000000094f00000|  0%| F|  |TAMS 0x0000000094e00000| PB 0x0000000094e00000| Untracked 
| 335|0x0000000094f00000, 0x0000000094f00000, 0x0000000095000000|  0%| F|  |TAMS 0x0000000094f00000| PB 0x0000000094f00000| Untracked 
| 336|0x0000000095000000, 0x0000000095000000, 0x0000000095100000|  0%| F|  |TAMS 0x0000000095000000| PB 0x0000000095000000| Untracked 
| 337|0x0000000095100000, 0x0000000095100000, 0x0000000095200000|  0%| F|  |TAMS 0x0000000095100000| PB 0x0000000095100000| Untracked 
| 338|0x0000000095200000, 0x0000000095200000, 0x0000000095300000|  0%| F|  |TAMS 0x0000000095200000| PB 0x0000000095200000| Untracked 
| 339|0x0000000095300000, 0x0000000095300000, 0x0000000095400000|  0%| F|  |TAMS 0x0000000095300000| PB 0x0000000095300000| Untracked 
| 340|0x0000000095400000, 0x0000000095400000, 0x0000000095500000|  0%| F|  |TAMS 0x0000000095400000| PB 0x0000000095400000| Untracked 
| 341|0x0000000095500000, 0x0000000095500000, 0x0000000095600000|  0%| F|  |TAMS 0x0000000095500000| PB 0x0000000095500000| Untracked 
| 342|0x0000000095600000, 0x0000000095600000, 0x0000000095700000|  0%| F|  |TAMS 0x0000000095600000| PB 0x0000000095600000| Untracked 
| 343|0x0000000095700000, 0x0000000095700000, 0x0000000095800000|  0%| F|  |TAMS 0x0000000095700000| PB 0x0000000095700000| Untracked 
| 344|0x0000000095800000, 0x0000000095800000, 0x0000000095900000|  0%| F|  |TAMS 0x0000000095800000| PB 0x0000000095800000| Untracked 
| 345|0x0000000095900000, 0x0000000095900000, 0x0000000095a00000|  0%| F|  |TAMS 0x0000000095900000| PB 0x0000000095900000| Untracked 
| 346|0x0000000095a00000, 0x0000000095a00000, 0x0000000095b00000|  0%| F|  |TAMS 0x0000000095a00000| PB 0x0000000095a00000| Untracked 
| 347|0x0000000095b00000, 0x0000000095b00000, 0x0000000095c00000|  0%| F|  |TAMS 0x0000000095b00000| PB 0x0000000095b00000| Untracked 
| 348|0x0000000095c00000, 0x0000000095c00000, 0x0000000095d00000|  0%| F|  |TAMS 0x0000000095c00000| PB 0x0000000095c00000| Untracked 
| 349|0x0000000095d00000, 0x0000000095d00000, 0x0000000095e00000|  0%| F|  |TAMS 0x0000000095d00000| PB 0x0000000095d00000| Untracked 
| 350|0x0000000095e00000, 0x0000000095e00000, 0x0000000095f00000|  0%| F|  |TAMS 0x0000000095e00000| PB 0x0000000095e00000| Untracked 
| 351|0x0000000095f00000, 0x0000000095f00000, 0x0000000096000000|  0%| F|  |TAMS 0x0000000095f00000| PB 0x0000000095f00000| Untracked 
| 352|0x0000000096000000, 0x0000000096000000, 0x0000000096100000|  0%| F|  |TAMS 0x0000000096000000| PB 0x0000000096000000| Untracked 
| 353|0x0000000096100000, 0x0000000096100000, 0x0000000096200000|  0%| F|  |TAMS 0x0000000096100000| PB 0x0000000096100000| Untracked 
| 354|0x0000000096200000, 0x0000000096200000, 0x0000000096300000|  0%| F|  |TAMS 0x0000000096200000| PB 0x0000000096200000| Untracked 
| 355|0x0000000096300000, 0x0000000096300000, 0x0000000096400000|  0%| F|  |TAMS 0x0000000096300000| PB 0x0000000096300000| Untracked 
| 356|0x0000000096400000, 0x0000000096400000, 0x0000000096500000|  0%| F|  |TAMS 0x0000000096400000| PB 0x0000000096400000| Untracked 
| 357|0x0000000096500000, 0x0000000096500000, 0x0000000096600000|  0%| F|  |TAMS 0x0000000096500000| PB 0x0000000096500000| Untracked 
| 358|0x0000000096600000, 0x0000000096600000, 0x0000000096700000|  0%| F|  |TAMS 0x0000000096600000| PB 0x0000000096600000| Untracked 
| 359|0x0000000096700000, 0x0000000096700000, 0x0000000096800000|  0%| F|  |TAMS 0x0000000096700000| PB 0x0000000096700000| Untracked 
| 360|0x0000000096800000, 0x0000000096800000, 0x0000000096900000|  0%| F|  |TAMS 0x0000000096800000| PB 0x0000000096800000| Untracked 
| 361|0x0000000096900000, 0x0000000096900000, 0x0000000096a00000|  0%| F|  |TAMS 0x0000000096900000| PB 0x0000000096900000| Untracked 
| 362|0x0000000096a00000, 0x0000000096a00000, 0x0000000096b00000|  0%| F|  |TAMS 0x0000000096a00000| PB 0x0000000096a00000| Untracked 
| 363|0x0000000096b00000, 0x0000000096b00000, 0x0000000096c00000|  0%| F|  |TAMS 0x0000000096b00000| PB 0x0000000096b00000| Untracked 
| 364|0x0000000096c00000, 0x0000000096c00000, 0x0000000096d00000|  0%| F|  |TAMS 0x0000000096c00000| PB 0x0000000096c00000| Untracked 
| 365|0x0000000096d00000, 0x0000000096d00000, 0x0000000096e00000|  0%| F|  |TAMS 0x0000000096d00000| PB 0x0000000096d00000| Untracked 
| 366|0x0000000096e00000, 0x0000000096e00000, 0x0000000096f00000|  0%| F|  |TAMS 0x0000000096e00000| PB 0x0000000096e00000| Untracked 
| 367|0x0000000096f00000, 0x0000000096f00000, 0x0000000097000000|  0%| F|  |TAMS 0x0000000096f00000| PB 0x0000000096f00000| Untracked 
| 368|0x0000000097000000, 0x0000000097000000, 0x0000000097100000|  0%| F|  |TAMS 0x0000000097000000| PB 0x0000000097000000| Untracked 
| 369|0x0000000097100000, 0x0000000097100000, 0x0000000097200000|  0%| F|  |TAMS 0x0000000097100000| PB 0x0000000097100000| Untracked 
| 370|0x0000000097200000, 0x0000000097200000, 0x0000000097300000|  0%| F|  |TAMS 0x0000000097200000| PB 0x0000000097200000| Untracked 
| 371|0x0000000097300000, 0x0000000097300000, 0x0000000097400000|  0%| F|  |TAMS 0x0000000097300000| PB 0x0000000097300000| Untracked 
| 372|0x0000000097400000, 0x0000000097400000, 0x0000000097500000|  0%| F|  |TAMS 0x0000000097400000| PB 0x0000000097400000| Untracked 
| 373|0x0000000097500000, 0x0000000097500000, 0x0000000097600000|  0%| F|  |TAMS 0x0000000097500000| PB 0x0000000097500000| Untracked 
| 374|0x0000000097600000, 0x0000000097600000, 0x0000000097700000|  0%| F|  |TAMS 0x0000000097600000| PB 0x0000000097600000| Untracked 
| 375|0x0000000097700000, 0x0000000097700000, 0x0000000097800000|  0%| F|  |TAMS 0x0000000097700000| PB 0x0000000097700000| Untracked 
| 376|0x0000000097800000, 0x0000000097800000, 0x0000000097900000|  0%| F|  |TAMS 0x0000000097800000| PB 0x0000000097800000| Untracked 
| 377|0x0000000097900000, 0x0000000097900000, 0x0000000097a00000|  0%| F|  |TAMS 0x0000000097900000| PB 0x0000000097900000| Untracked 
| 378|0x0000000097a00000, 0x0000000097a00000, 0x0000000097b00000|  0%| F|  |TAMS 0x0000000097a00000| PB 0x0000000097a00000| Untracked 
| 379|0x0000000097b00000, 0x0000000097b00000, 0x0000000097c00000|  0%| F|  |TAMS 0x0000000097b00000| PB 0x0000000097b00000| Untracked 
| 380|0x0000000097c00000, 0x0000000097c00000, 0x0000000097d00000|  0%| F|  |TAMS 0x0000000097c00000| PB 0x0000000097c00000| Untracked 
| 381|0x0000000097d00000, 0x0000000097d00000, 0x0000000097e00000|  0%| F|  |TAMS 0x0000000097d00000| PB 0x0000000097d00000| Untracked 
| 382|0x0000000097e00000, 0x0000000097e00000, 0x0000000097f00000|  0%| F|  |TAMS 0x0000000097e00000| PB 0x0000000097e00000| Untracked 
| 383|0x0000000097f00000, 0x0000000097f00000, 0x0000000098000000|  0%| F|  |TAMS 0x0000000097f00000| PB 0x0000000097f00000| Untracked 
| 384|0x0000000098000000, 0x0000000098000000, 0x0000000098100000|  0%| F|  |TAMS 0x0000000098000000| PB 0x0000000098000000| Untracked 
| 385|0x0000000098100000, 0x0000000098100000, 0x0000000098200000|  0%| F|  |TAMS 0x0000000098100000| PB 0x0000000098100000| Untracked 
| 386|0x0000000098200000, 0x0000000098200000, 0x0000000098300000|  0%| F|  |TAMS 0x0000000098200000| PB 0x0000000098200000| Untracked 
| 387|0x0000000098300000, 0x0000000098300000, 0x0000000098400000|  0%| F|  |TAMS 0x0000000098300000| PB 0x0000000098300000| Untracked 
| 388|0x0000000098400000, 0x0000000098400000, 0x0000000098500000|  0%| F|  |TAMS 0x0000000098400000| PB 0x0000000098400000| Untracked 
| 389|0x0000000098500000, 0x0000000098500000, 0x0000000098600000|  0%| F|  |TAMS 0x0000000098500000| PB 0x0000000098500000| Untracked 
| 390|0x0000000098600000, 0x0000000098600000, 0x0000000098700000|  0%| F|  |TAMS 0x0000000098600000| PB 0x0000000098600000| Untracked 
| 391|0x0000000098700000, 0x0000000098700000, 0x0000000098800000|  0%| F|  |TAMS 0x0000000098700000| PB 0x0000000098700000| Untracked 
| 392|0x0000000098800000, 0x0000000098800000, 0x0000000098900000|  0%| F|  |TAMS 0x0000000098800000| PB 0x0000000098800000| Untracked 
| 393|0x0000000098900000, 0x0000000098900000, 0x0000000098a00000|  0%| F|  |TAMS 0x0000000098900000| PB 0x0000000098900000| Untracked 
| 394|0x0000000098a00000, 0x0000000098a00000, 0x0000000098b00000|  0%| F|  |TAMS 0x0000000098a00000| PB 0x0000000098a00000| Untracked 
| 395|0x0000000098b00000, 0x0000000098b00000, 0x0000000098c00000|  0%| F|  |TAMS 0x0000000098b00000| PB 0x0000000098b00000| Untracked 
| 396|0x0000000098c00000, 0x0000000098c00000, 0x0000000098d00000|  0%| F|  |TAMS 0x0000000098c00000| PB 0x0000000098c00000| Untracked 
| 397|0x0000000098d00000, 0x0000000098d00000, 0x0000000098e00000|  0%| F|  |TAMS 0x0000000098d00000| PB 0x0000000098d00000| Untracked 
| 398|0x0000000098e00000, 0x0000000098e00000, 0x0000000098f00000|  0%| F|  |TAMS 0x0000000098e00000| PB 0x0000000098e00000| Untracked 
| 399|0x0000000098f00000, 0x0000000098f00000, 0x0000000099000000|  0%| F|  |TAMS 0x0000000098f00000| PB 0x0000000098f00000| Untracked 
| 400|0x0000000099000000, 0x0000000099000000, 0x0000000099100000|  0%| F|  |TAMS 0x0000000099000000| PB 0x0000000099000000| Untracked 
| 401|0x0000000099100000, 0x0000000099100000, 0x0000000099200000|  0%| F|  |TAMS 0x0000000099100000| PB 0x0000000099100000| Untracked 
| 402|0x0000000099200000, 0x0000000099200000, 0x0000000099300000|  0%| F|  |TAMS 0x0000000099200000| PB 0x0000000099200000| Untracked 
| 403|0x0000000099300000, 0x0000000099300000, 0x0000000099400000|  0%| F|  |TAMS 0x0000000099300000| PB 0x0000000099300000| Untracked 
| 404|0x0000000099400000, 0x0000000099400000, 0x0000000099500000|  0%| F|  |TAMS 0x0000000099400000| PB 0x0000000099400000| Untracked 
| 405|0x0000000099500000, 0x0000000099500000, 0x0000000099600000|  0%| F|  |TAMS 0x0000000099500000| PB 0x0000000099500000| Untracked 
| 406|0x0000000099600000, 0x0000000099600000, 0x0000000099700000|  0%| F|  |TAMS 0x0000000099600000| PB 0x0000000099600000| Untracked 
| 407|0x0000000099700000, 0x0000000099700000, 0x0000000099800000|  0%| F|  |TAMS 0x0000000099700000| PB 0x0000000099700000| Untracked 
| 408|0x0000000099800000, 0x0000000099800000, 0x0000000099900000|  0%| F|  |TAMS 0x0000000099800000| PB 0x0000000099800000| Untracked 
| 409|0x0000000099900000, 0x0000000099900000, 0x0000000099a00000|  0%| F|  |TAMS 0x0000000099900000| PB 0x0000000099900000| Untracked 
| 410|0x0000000099a00000, 0x0000000099a00000, 0x0000000099b00000|  0%| F|  |TAMS 0x0000000099a00000| PB 0x0000000099a00000| Untracked 
| 411|0x0000000099b00000, 0x0000000099b00000, 0x0000000099c00000|  0%| F|  |TAMS 0x0000000099b00000| PB 0x0000000099b00000| Untracked 
| 412|0x0000000099c00000, 0x0000000099c00000, 0x0000000099d00000|  0%| F|  |TAMS 0x0000000099c00000| PB 0x0000000099c00000| Untracked 
| 413|0x0000000099d00000, 0x0000000099d00000, 0x0000000099e00000|  0%| F|  |TAMS 0x0000000099d00000| PB 0x0000000099d00000| Untracked 
| 414|0x0000000099e00000, 0x0000000099e00000, 0x0000000099f00000|  0%| F|  |TAMS 0x0000000099e00000| PB 0x0000000099e00000| Untracked 
| 415|0x0000000099f00000, 0x0000000099f00000, 0x000000009a000000|  0%| F|  |TAMS 0x0000000099f00000| PB 0x0000000099f00000| Untracked 
| 416|0x000000009a000000, 0x000000009a000000, 0x000000009a100000|  0%| F|  |TAMS 0x000000009a000000| PB 0x000000009a000000| Untracked 
| 417|0x000000009a100000, 0x000000009a100000, 0x000000009a200000|  0%| F|  |TAMS 0x000000009a100000| PB 0x000000009a100000| Untracked 
| 418|0x000000009a200000, 0x000000009a200000, 0x000000009a300000|  0%| F|  |TAMS 0x000000009a200000| PB 0x000000009a200000| Untracked 
| 419|0x000000009a300000, 0x000000009a300000, 0x000000009a400000|  0%| F|  |TAMS 0x000000009a300000| PB 0x000000009a300000| Untracked 
| 420|0x000000009a400000, 0x000000009a400000, 0x000000009a500000|  0%| F|  |TAMS 0x000000009a400000| PB 0x000000009a400000| Untracked 
| 421|0x000000009a500000, 0x000000009a500000, 0x000000009a600000|  0%| F|  |TAMS 0x000000009a500000| PB 0x000000009a500000| Untracked 
| 422|0x000000009a600000, 0x000000009a600000, 0x000000009a700000|  0%| F|  |TAMS 0x000000009a600000| PB 0x000000009a600000| Untracked 
| 423|0x000000009a700000, 0x000000009a700000, 0x000000009a800000|  0%| F|  |TAMS 0x000000009a700000| PB 0x000000009a700000| Untracked 
| 424|0x000000009a800000, 0x000000009a800000, 0x000000009a900000|  0%| F|  |TAMS 0x000000009a800000| PB 0x000000009a800000| Untracked 
| 425|0x000000009a900000, 0x000000009a900000, 0x000000009aa00000|  0%| F|  |TAMS 0x000000009a900000| PB 0x000000009a900000| Untracked 
| 426|0x000000009aa00000, 0x000000009aa00000, 0x000000009ab00000|  0%| F|  |TAMS 0x000000009aa00000| PB 0x000000009aa00000| Untracked 
| 427|0x000000009ab00000, 0x000000009ab00000, 0x000000009ac00000|  0%| F|  |TAMS 0x000000009ab00000| PB 0x000000009ab00000| Untracked 
| 428|0x000000009ac00000, 0x000000009ac00000, 0x000000009ad00000|  0%| F|  |TAMS 0x000000009ac00000| PB 0x000000009ac00000| Untracked 
| 429|0x000000009ad00000, 0x000000009ad00000, 0x000000009ae00000|  0%| F|  |TAMS 0x000000009ad00000| PB 0x000000009ad00000| Untracked 
| 430|0x000000009ae00000, 0x000000009ae00000, 0x000000009af00000|  0%| F|  |TAMS 0x000000009ae00000| PB 0x000000009ae00000| Untracked 
| 431|0x000000009af00000, 0x000000009af00000, 0x000000009b000000|  0%| F|  |TAMS 0x000000009af00000| PB 0x000000009af00000| Untracked 
| 432|0x000000009b000000, 0x000000009b000000, 0x000000009b100000|  0%| F|  |TAMS 0x000000009b000000| PB 0x000000009b000000| Untracked 
| 433|0x000000009b100000, 0x000000009b100000, 0x000000009b200000|  0%| F|  |TAMS 0x000000009b100000| PB 0x000000009b100000| Untracked 
| 434|0x000000009b200000, 0x000000009b200000, 0x000000009b300000|  0%| F|  |TAMS 0x000000009b200000| PB 0x000000009b200000| Untracked 
| 435|0x000000009b300000, 0x000000009b300000, 0x000000009b400000|  0%| F|  |TAMS 0x000000009b300000| PB 0x000000009b300000| Untracked 
| 436|0x000000009b400000, 0x000000009b400000, 0x000000009b500000|  0%| F|  |TAMS 0x000000009b400000| PB 0x000000009b400000| Untracked 
| 437|0x000000009b500000, 0x000000009b500000, 0x000000009b600000|  0%| F|  |TAMS 0x000000009b500000| PB 0x000000009b500000| Untracked 
| 438|0x000000009b600000, 0x000000009b600000, 0x000000009b700000|  0%| F|  |TAMS 0x000000009b600000| PB 0x000000009b600000| Untracked 
| 439|0x000000009b700000, 0x000000009b700000, 0x000000009b800000|  0%| F|  |TAMS 0x000000009b700000| PB 0x000000009b700000| Untracked 
| 440|0x000000009b800000, 0x000000009b800000, 0x000000009b900000|  0%| F|  |TAMS 0x000000009b800000| PB 0x000000009b800000| Untracked 
| 441|0x000000009b900000, 0x000000009b900000, 0x000000009ba00000|  0%| F|  |TAMS 0x000000009b900000| PB 0x000000009b900000| Untracked 
| 442|0x000000009ba00000, 0x000000009ba00000, 0x000000009bb00000|  0%| F|  |TAMS 0x000000009ba00000| PB 0x000000009ba00000| Untracked 
| 443|0x000000009bb00000, 0x000000009bb00000, 0x000000009bc00000|  0%| F|  |TAMS 0x000000009bb00000| PB 0x000000009bb00000| Untracked 
| 444|0x000000009bc00000, 0x000000009bc00000, 0x000000009bd00000|  0%| F|  |TAMS 0x000000009bc00000| PB 0x000000009bc00000| Untracked 
| 445|0x000000009bd00000, 0x000000009bd00000, 0x000000009be00000|  0%| F|  |TAMS 0x000000009bd00000| PB 0x000000009bd00000| Untracked 
| 446|0x000000009be00000, 0x000000009be00000, 0x000000009bf00000|  0%| F|  |TAMS 0x000000009be00000| PB 0x000000009be00000| Untracked 
| 447|0x000000009bf00000, 0x000000009bf00000, 0x000000009c000000|  0%| F|  |TAMS 0x000000009bf00000| PB 0x000000009bf00000| Untracked 
| 448|0x000000009c000000, 0x000000009c000000, 0x000000009c100000|  0%| F|  |TAMS 0x000000009c000000| PB 0x000000009c000000| Untracked 
| 449|0x000000009c100000, 0x000000009c100000, 0x000000009c200000|  0%| F|  |TAMS 0x000000009c100000| PB 0x000000009c100000| Untracked 
| 450|0x000000009c200000, 0x000000009c200000, 0x000000009c300000|  0%| F|  |TAMS 0x000000009c200000| PB 0x000000009c200000| Untracked 
| 451|0x000000009c300000, 0x000000009c300000, 0x000000009c400000|  0%| F|  |TAMS 0x000000009c300000| PB 0x000000009c300000| Untracked 
| 452|0x000000009c400000, 0x000000009c400000, 0x000000009c500000|  0%| F|  |TAMS 0x000000009c400000| PB 0x000000009c400000| Untracked 
| 453|0x000000009c500000, 0x000000009c500000, 0x000000009c600000|  0%| F|  |TAMS 0x000000009c500000| PB 0x000000009c500000| Untracked 
| 454|0x000000009c600000, 0x000000009c600000, 0x000000009c700000|  0%| F|  |TAMS 0x000000009c600000| PB 0x000000009c600000| Untracked 
| 455|0x000000009c700000, 0x000000009c700000, 0x000000009c800000|  0%| F|  |TAMS 0x000000009c700000| PB 0x000000009c700000| Untracked 
| 456|0x000000009c800000, 0x000000009c800000, 0x000000009c900000|  0%| F|  |TAMS 0x000000009c800000| PB 0x000000009c800000| Untracked 
| 457|0x000000009c900000, 0x000000009c900000, 0x000000009ca00000|  0%| F|  |TAMS 0x000000009c900000| PB 0x000000009c900000| Untracked 
| 458|0x000000009ca00000, 0x000000009ca00000, 0x000000009cb00000|  0%| F|  |TAMS 0x000000009ca00000| PB 0x000000009ca00000| Untracked 
| 459|0x000000009cb00000, 0x000000009cb00000, 0x000000009cc00000|  0%| F|  |TAMS 0x000000009cb00000| PB 0x000000009cb00000| Untracked 
| 460|0x000000009cc00000, 0x000000009cc00000, 0x000000009cd00000|  0%| F|  |TAMS 0x000000009cc00000| PB 0x000000009cc00000| Untracked 
| 461|0x000000009cd00000, 0x000000009cd00000, 0x000000009ce00000|  0%| F|  |TAMS 0x000000009cd00000| PB 0x000000009cd00000| Untracked 
| 462|0x000000009ce00000, 0x000000009ce00000, 0x000000009cf00000|  0%| F|  |TAMS 0x000000009ce00000| PB 0x000000009ce00000| Untracked 
| 463|0x000000009cf00000, 0x000000009cf00000, 0x000000009d000000|  0%| F|  |TAMS 0x000000009cf00000| PB 0x000000009cf00000| Untracked 
| 464|0x000000009d000000, 0x000000009d000000, 0x000000009d100000|  0%| F|  |TAMS 0x000000009d000000| PB 0x000000009d000000| Untracked 
| 465|0x000000009d100000, 0x000000009d100000, 0x000000009d200000|  0%| F|  |TAMS 0x000000009d100000| PB 0x000000009d100000| Untracked 
| 466|0x000000009d200000, 0x000000009d200000, 0x000000009d300000|  0%| F|  |TAMS 0x000000009d200000| PB 0x000000009d200000| Untracked 
| 467|0x000000009d300000, 0x000000009d300000, 0x000000009d400000|  0%| F|  |TAMS 0x000000009d300000| PB 0x000000009d300000| Untracked 
| 468|0x000000009d400000, 0x000000009d400000, 0x000000009d500000|  0%| F|  |TAMS 0x000000009d400000| PB 0x000000009d400000| Untracked 
| 469|0x000000009d500000, 0x000000009d500000, 0x000000009d600000|  0%| F|  |TAMS 0x000000009d500000| PB 0x000000009d500000| Untracked 
| 470|0x000000009d600000, 0x000000009d600000, 0x000000009d700000|  0%| F|  |TAMS 0x000000009d600000| PB 0x000000009d600000| Untracked 
| 471|0x000000009d700000, 0x000000009d700000, 0x000000009d800000|  0%| F|  |TAMS 0x000000009d700000| PB 0x000000009d700000| Untracked 
| 472|0x000000009d800000, 0x000000009d800000, 0x000000009d900000|  0%| F|  |TAMS 0x000000009d800000| PB 0x000000009d800000| Untracked 
| 473|0x000000009d900000, 0x000000009d900000, 0x000000009da00000|  0%| F|  |TAMS 0x000000009d900000| PB 0x000000009d900000| Untracked 
| 474|0x000000009da00000, 0x000000009da00000, 0x000000009db00000|  0%| F|  |TAMS 0x000000009da00000| PB 0x000000009da00000| Untracked 
| 475|0x000000009db00000, 0x000000009db00000, 0x000000009dc00000|  0%| F|  |TAMS 0x000000009db00000| PB 0x000000009db00000| Untracked 
| 476|0x000000009dc00000, 0x000000009dc00000, 0x000000009dd00000|  0%| F|  |TAMS 0x000000009dc00000| PB 0x000000009dc00000| Untracked 
| 477|0x000000009dd00000, 0x000000009dd00000, 0x000000009de00000|  0%| F|  |TAMS 0x000000009dd00000| PB 0x000000009dd00000| Untracked 
| 478|0x000000009de00000, 0x000000009de00000, 0x000000009df00000|  0%| F|  |TAMS 0x000000009de00000| PB 0x000000009de00000| Untracked 
| 479|0x000000009df00000, 0x000000009df00000, 0x000000009e000000|  0%| F|  |TAMS 0x000000009df00000| PB 0x000000009df00000| Untracked 
| 480|0x000000009e000000, 0x000000009e000000, 0x000000009e100000|  0%| F|  |TAMS 0x000000009e000000| PB 0x000000009e000000| Untracked 
| 481|0x000000009e100000, 0x000000009e100000, 0x000000009e200000|  0%| F|  |TAMS 0x000000009e100000| PB 0x000000009e100000| Untracked 
| 482|0x000000009e200000, 0x000000009e200000, 0x000000009e300000|  0%| F|  |TAMS 0x000000009e200000| PB 0x000000009e200000| Untracked 
| 483|0x000000009e300000, 0x000000009e300000, 0x000000009e400000|  0%| F|  |TAMS 0x000000009e300000| PB 0x000000009e300000| Untracked 
| 484|0x000000009e400000, 0x000000009e400000, 0x000000009e500000|  0%| F|  |TAMS 0x000000009e400000| PB 0x000000009e400000| Untracked 
| 485|0x000000009e500000, 0x000000009e500000, 0x000000009e600000|  0%| F|  |TAMS 0x000000009e500000| PB 0x000000009e500000| Untracked 
| 486|0x000000009e600000, 0x000000009e600000, 0x000000009e700000|  0%| F|  |TAMS 0x000000009e600000| PB 0x000000009e600000| Untracked 
| 487|0x000000009e700000, 0x000000009e700000, 0x000000009e800000|  0%| F|  |TAMS 0x000000009e700000| PB 0x000000009e700000| Untracked 
| 488|0x000000009e800000, 0x000000009e800000, 0x000000009e900000|  0%| F|  |TAMS 0x000000009e800000| PB 0x000000009e800000| Untracked 
| 489|0x000000009e900000, 0x000000009e900000, 0x000000009ea00000|  0%| F|  |TAMS 0x000000009e900000| PB 0x000000009e900000| Untracked 
| 490|0x000000009ea00000, 0x000000009ea00000, 0x000000009eb00000|  0%| F|  |TAMS 0x000000009ea00000| PB 0x000000009ea00000| Untracked 
| 491|0x000000009eb00000, 0x000000009eb00000, 0x000000009ec00000|  0%| F|  |TAMS 0x000000009eb00000| PB 0x000000009eb00000| Untracked 
| 492|0x000000009ec00000, 0x000000009ec00000, 0x000000009ed00000|  0%| F|  |TAMS 0x000000009ec00000| PB 0x000000009ec00000| Untracked 
| 493|0x000000009ed00000, 0x000000009ed00000, 0x000000009ee00000|  0%| F|  |TAMS 0x000000009ed00000| PB 0x000000009ed00000| Untracked 
| 494|0x000000009ee00000, 0x000000009ee00000, 0x000000009ef00000|  0%| F|  |TAMS 0x000000009ee00000| PB 0x000000009ee00000| Untracked 
| 495|0x000000009ef00000, 0x000000009ef00000, 0x000000009f000000|  0%| F|  |TAMS 0x000000009ef00000| PB 0x000000009ef00000| Untracked 
| 496|0x000000009f000000, 0x000000009f000000, 0x000000009f100000|  0%| F|  |TAMS 0x000000009f000000| PB 0x000000009f000000| Untracked 
| 497|0x000000009f100000, 0x000000009f100000, 0x000000009f200000|  0%| F|  |TAMS 0x000000009f100000| PB 0x000000009f100000| Untracked 
| 498|0x000000009f200000, 0x000000009f200000, 0x000000009f300000|  0%| F|  |TAMS 0x000000009f200000| PB 0x000000009f200000| Untracked 
| 499|0x000000009f300000, 0x000000009f300000, 0x000000009f400000|  0%| F|  |TAMS 0x000000009f300000| PB 0x000000009f300000| Untracked 
| 500|0x000000009f400000, 0x000000009f400000, 0x000000009f500000|  0%| F|  |TAMS 0x000000009f400000| PB 0x000000009f400000| Untracked 
| 501|0x000000009f500000, 0x000000009f500000, 0x000000009f600000|  0%| F|  |TAMS 0x000000009f500000| PB 0x000000009f500000| Untracked 
| 502|0x000000009f600000, 0x000000009f600000, 0x000000009f700000|  0%| F|  |TAMS 0x000000009f600000| PB 0x000000009f600000| Untracked 
| 503|0x000000009f700000, 0x000000009f700000, 0x000000009f800000|  0%| F|  |TAMS 0x000000009f700000| PB 0x000000009f700000| Untracked 
| 504|0x000000009f800000, 0x000000009f800000, 0x000000009f900000|  0%| F|  |TAMS 0x000000009f800000| PB 0x000000009f800000| Untracked 
| 505|0x000000009f900000, 0x000000009f900000, 0x000000009fa00000|  0%| F|  |TAMS 0x000000009f900000| PB 0x000000009f900000| Untracked 
| 506|0x000000009fa00000, 0x000000009fa00000, 0x000000009fb00000|  0%| F|  |TAMS 0x000000009fa00000| PB 0x000000009fa00000| Untracked 
| 507|0x000000009fb00000, 0x000000009fb00000, 0x000000009fc00000|  0%| F|  |TAMS 0x000000009fb00000| PB 0x000000009fb00000| Untracked 
| 508|0x000000009fc00000, 0x000000009fc00000, 0x000000009fd00000|  0%| F|  |TAMS 0x000000009fc00000| PB 0x000000009fc00000| Untracked 
| 509|0x000000009fd00000, 0x000000009fd00000, 0x000000009fe00000|  0%| F|  |TAMS 0x000000009fd00000| PB 0x000000009fd00000| Untracked 
| 510|0x000000009fe00000, 0x000000009fe00000, 0x000000009ff00000|  0%| F|  |TAMS 0x000000009fe00000| PB 0x000000009fe00000| Untracked 
| 511|0x000000009ff00000, 0x000000009ff00000, 0x00000000a0000000|  0%| F|  |TAMS 0x000000009ff00000| PB 0x000000009ff00000| Untracked 
| 512|0x00000000a0000000, 0x00000000a0000000, 0x00000000a0100000|  0%| F|  |TAMS 0x00000000a0000000| PB 0x00000000a0000000| Untracked 
| 513|0x00000000a0100000, 0x00000000a0100000, 0x00000000a0200000|  0%| F|  |TAMS 0x00000000a0100000| PB 0x00000000a0100000| Untracked 
| 514|0x00000000a0200000, 0x00000000a0200000, 0x00000000a0300000|  0%| F|  |TAMS 0x00000000a0200000| PB 0x00000000a0200000| Untracked 
| 515|0x00000000a0300000, 0x00000000a0300000, 0x00000000a0400000|  0%| F|  |TAMS 0x00000000a0300000| PB 0x00000000a0300000| Untracked 
| 516|0x00000000a0400000, 0x00000000a0400000, 0x00000000a0500000|  0%| F|  |TAMS 0x00000000a0400000| PB 0x00000000a0400000| Untracked 
| 517|0x00000000a0500000, 0x00000000a0500000, 0x00000000a0600000|  0%| F|  |TAMS 0x00000000a0500000| PB 0x00000000a0500000| Untracked 
| 518|0x00000000a0600000, 0x00000000a0600000, 0x00000000a0700000|  0%| F|  |TAMS 0x00000000a0600000| PB 0x00000000a0600000| Untracked 
| 519|0x00000000a0700000, 0x00000000a0700000, 0x00000000a0800000|  0%| F|  |TAMS 0x00000000a0700000| PB 0x00000000a0700000| Untracked 
| 520|0x00000000a0800000, 0x00000000a0800000, 0x00000000a0900000|  0%| F|  |TAMS 0x00000000a0800000| PB 0x00000000a0800000| Untracked 
| 521|0x00000000a0900000, 0x00000000a0900000, 0x00000000a0a00000|  0%| F|  |TAMS 0x00000000a0900000| PB 0x00000000a0900000| Untracked 
| 522|0x00000000a0a00000, 0x00000000a0a00000, 0x00000000a0b00000|  0%| F|  |TAMS 0x00000000a0a00000| PB 0x00000000a0a00000| Untracked 
| 523|0x00000000a0b00000, 0x00000000a0b00000, 0x00000000a0c00000|  0%| F|  |TAMS 0x00000000a0b00000| PB 0x00000000a0b00000| Untracked 
| 524|0x00000000a0c00000, 0x00000000a0c00000, 0x00000000a0d00000|  0%| F|  |TAMS 0x00000000a0c00000| PB 0x00000000a0c00000| Untracked 
| 525|0x00000000a0d00000, 0x00000000a0d00000, 0x00000000a0e00000|  0%| F|  |TAMS 0x00000000a0d00000| PB 0x00000000a0d00000| Untracked 
| 526|0x00000000a0e00000, 0x00000000a0e00000, 0x00000000a0f00000|  0%| F|  |TAMS 0x00000000a0e00000| PB 0x00000000a0e00000| Untracked 
| 527|0x00000000a0f00000, 0x00000000a0f00000, 0x00000000a1000000|  0%| F|  |TAMS 0x00000000a0f00000| PB 0x00000000a0f00000| Untracked 
| 528|0x00000000a1000000, 0x00000000a1000000, 0x00000000a1100000|  0%| F|  |TAMS 0x00000000a1000000| PB 0x00000000a1000000| Untracked 
| 529|0x00000000a1100000, 0x00000000a1100000, 0x00000000a1200000|  0%| F|  |TAMS 0x00000000a1100000| PB 0x00000000a1100000| Untracked 
| 530|0x00000000a1200000, 0x00000000a1200000, 0x00000000a1300000|  0%| F|  |TAMS 0x00000000a1200000| PB 0x00000000a1200000| Untracked 
| 531|0x00000000a1300000, 0x00000000a1300000, 0x00000000a1400000|  0%| F|  |TAMS 0x00000000a1300000| PB 0x00000000a1300000| Untracked 
| 532|0x00000000a1400000, 0x00000000a1400000, 0x00000000a1500000|  0%| F|  |TAMS 0x00000000a1400000| PB 0x00000000a1400000| Untracked 
| 533|0x00000000a1500000, 0x00000000a1500000, 0x00000000a1600000|  0%| F|  |TAMS 0x00000000a1500000| PB 0x00000000a1500000| Untracked 
| 534|0x00000000a1600000, 0x00000000a1600000, 0x00000000a1700000|  0%| F|  |TAMS 0x00000000a1600000| PB 0x00000000a1600000| Untracked 
| 535|0x00000000a1700000, 0x00000000a1700000, 0x00000000a1800000|  0%| F|  |TAMS 0x00000000a1700000| PB 0x00000000a1700000| Untracked 
| 536|0x00000000a1800000, 0x00000000a1800000, 0x00000000a1900000|  0%| F|  |TAMS 0x00000000a1800000| PB 0x00000000a1800000| Untracked 
| 537|0x00000000a1900000, 0x00000000a1900000, 0x00000000a1a00000|  0%| F|  |TAMS 0x00000000a1900000| PB 0x00000000a1900000| Untracked 
| 538|0x00000000a1a00000, 0x00000000a1a00000, 0x00000000a1b00000|  0%| F|  |TAMS 0x00000000a1a00000| PB 0x00000000a1a00000| Untracked 
| 539|0x00000000a1b00000, 0x00000000a1b00000, 0x00000000a1c00000|  0%| F|  |TAMS 0x00000000a1b00000| PB 0x00000000a1b00000| Untracked 
| 540|0x00000000a1c00000, 0x00000000a1c00000, 0x00000000a1d00000|  0%| F|  |TAMS 0x00000000a1c00000| PB 0x00000000a1c00000| Untracked 
| 541|0x00000000a1d00000, 0x00000000a1d00000, 0x00000000a1e00000|  0%| F|  |TAMS 0x00000000a1d00000| PB 0x00000000a1d00000| Untracked 
| 542|0x00000000a1e00000, 0x00000000a1e00000, 0x00000000a1f00000|  0%| F|  |TAMS 0x00000000a1e00000| PB 0x00000000a1e00000| Untracked 
| 543|0x00000000a1f00000, 0x00000000a1f00000, 0x00000000a2000000|  0%| F|  |TAMS 0x00000000a1f00000| PB 0x00000000a1f00000| Untracked 
| 544|0x00000000a2000000, 0x00000000a2000000, 0x00000000a2100000|  0%| F|  |TAMS 0x00000000a2000000| PB 0x00000000a2000000| Untracked 
| 545|0x00000000a2100000, 0x00000000a2100000, 0x00000000a2200000|  0%| F|  |TAMS 0x00000000a2100000| PB 0x00000000a2100000| Untracked 
| 546|0x00000000a2200000, 0x00000000a2200000, 0x00000000a2300000|  0%| F|  |TAMS 0x00000000a2200000| PB 0x00000000a2200000| Untracked 
| 547|0x00000000a2300000, 0x00000000a2300000, 0x00000000a2400000|  0%| F|  |TAMS 0x00000000a2300000| PB 0x00000000a2300000| Untracked 
| 548|0x00000000a2400000, 0x00000000a2400000, 0x00000000a2500000|  0%| F|  |TAMS 0x00000000a2400000| PB 0x00000000a2400000| Untracked 
| 549|0x00000000a2500000, 0x00000000a2500000, 0x00000000a2600000|  0%| F|  |TAMS 0x00000000a2500000| PB 0x00000000a2500000| Untracked 
| 550|0x00000000a2600000, 0x00000000a2600000, 0x00000000a2700000|  0%| F|  |TAMS 0x00000000a2600000| PB 0x00000000a2600000| Untracked 
| 551|0x00000000a2700000, 0x00000000a2700000, 0x00000000a2800000|  0%| F|  |TAMS 0x00000000a2700000| PB 0x00000000a2700000| Untracked 
| 552|0x00000000a2800000, 0x00000000a2800000, 0x00000000a2900000|  0%| F|  |TAMS 0x00000000a2800000| PB 0x00000000a2800000| Untracked 
| 553|0x00000000a2900000, 0x00000000a2900000, 0x00000000a2a00000|  0%| F|  |TAMS 0x00000000a2900000| PB 0x00000000a2900000| Untracked 
| 554|0x00000000a2a00000, 0x00000000a2a00000, 0x00000000a2b00000|  0%| F|  |TAMS 0x00000000a2a00000| PB 0x00000000a2a00000| Untracked 
| 555|0x00000000a2b00000, 0x00000000a2b00000, 0x00000000a2c00000|  0%| F|  |TAMS 0x00000000a2b00000| PB 0x00000000a2b00000| Untracked 
| 556|0x00000000a2c00000, 0x00000000a2c00000, 0x00000000a2d00000|  0%| F|  |TAMS 0x00000000a2c00000| PB 0x00000000a2c00000| Untracked 
| 557|0x00000000a2d00000, 0x00000000a2d00000, 0x00000000a2e00000|  0%| F|  |TAMS 0x00000000a2d00000| PB 0x00000000a2d00000| Untracked 
| 558|0x00000000a2e00000, 0x00000000a2e00000, 0x00000000a2f00000|  0%| F|  |TAMS 0x00000000a2e00000| PB 0x00000000a2e00000| Untracked 
| 559|0x00000000a2f00000, 0x00000000a2f00000, 0x00000000a3000000|  0%| F|  |TAMS 0x00000000a2f00000| PB 0x00000000a2f00000| Untracked 
| 560|0x00000000a3000000, 0x00000000a3000000, 0x00000000a3100000|  0%| F|  |TAMS 0x00000000a3000000| PB 0x00000000a3000000| Untracked 
| 561|0x00000000a3100000, 0x00000000a3100000, 0x00000000a3200000|  0%| F|  |TAMS 0x00000000a3100000| PB 0x00000000a3100000| Untracked 
| 562|0x00000000a3200000, 0x00000000a3200000, 0x00000000a3300000|  0%| F|  |TAMS 0x00000000a3200000| PB 0x00000000a3200000| Untracked 
| 563|0x00000000a3300000, 0x00000000a3300000, 0x00000000a3400000|  0%| F|  |TAMS 0x00000000a3300000| PB 0x00000000a3300000| Untracked 
| 564|0x00000000a3400000, 0x00000000a3400000, 0x00000000a3500000|  0%| F|  |TAMS 0x00000000a3400000| PB 0x00000000a3400000| Untracked 
| 565|0x00000000a3500000, 0x00000000a3500000, 0x00000000a3600000|  0%| F|  |TAMS 0x00000000a3500000| PB 0x00000000a3500000| Untracked 
| 566|0x00000000a3600000, 0x00000000a3600000, 0x00000000a3700000|  0%| F|  |TAMS 0x00000000a3600000| PB 0x00000000a3600000| Untracked 
| 567|0x00000000a3700000, 0x00000000a3700000, 0x00000000a3800000|  0%| F|  |TAMS 0x00000000a3700000| PB 0x00000000a3700000| Untracked 
| 568|0x00000000a3800000, 0x00000000a3800000, 0x00000000a3900000|  0%| F|  |TAMS 0x00000000a3800000| PB 0x00000000a3800000| Untracked 
| 569|0x00000000a3900000, 0x00000000a3900000, 0x00000000a3a00000|  0%| F|  |TAMS 0x00000000a3900000| PB 0x00000000a3900000| Untracked 
| 570|0x00000000a3a00000, 0x00000000a3a00000, 0x00000000a3b00000|  0%| F|  |TAMS 0x00000000a3a00000| PB 0x00000000a3a00000| Untracked 
| 571|0x00000000a3b00000, 0x00000000a3b00000, 0x00000000a3c00000|  0%| F|  |TAMS 0x00000000a3b00000| PB 0x00000000a3b00000| Untracked 
| 572|0x00000000a3c00000, 0x00000000a3c00000, 0x00000000a3d00000|  0%| F|  |TAMS 0x00000000a3c00000| PB 0x00000000a3c00000| Untracked 
| 573|0x00000000a3d00000, 0x00000000a3d00000, 0x00000000a3e00000|  0%| F|  |TAMS 0x00000000a3d00000| PB 0x00000000a3d00000| Untracked 
| 574|0x00000000a3e00000, 0x00000000a3e00000, 0x00000000a3f00000|  0%| F|  |TAMS 0x00000000a3e00000| PB 0x00000000a3e00000| Untracked 
| 575|0x00000000a3f00000, 0x00000000a3f00000, 0x00000000a4000000|  0%| F|  |TAMS 0x00000000a3f00000| PB 0x00000000a3f00000| Untracked 
| 576|0x00000000a4000000, 0x00000000a4000000, 0x00000000a4100000|  0%| F|  |TAMS 0x00000000a4000000| PB 0x00000000a4000000| Untracked 
| 577|0x00000000a4100000, 0x00000000a4100000, 0x00000000a4200000|  0%| F|  |TAMS 0x00000000a4100000| PB 0x00000000a4100000| Untracked 
| 578|0x00000000a4200000, 0x00000000a4284208, 0x00000000a4300000| 51%| E|  |TAMS 0x00000000a4200000| PB 0x00000000a4200000| Complete 
| 579|0x00000000a4300000, 0x00000000a4400000, 0x00000000a4400000|100%| E|CS|TAMS 0x00000000a4300000| PB 0x00000000a4300000| Complete 
| 580|0x00000000a4400000, 0x00000000a4500000, 0x00000000a4500000|100%| E|CS|TAMS 0x00000000a4400000| PB 0x00000000a4400000| Complete 
| 581|0x00000000a4500000, 0x00000000a4600000, 0x00000000a4600000|100%| E|CS|TAMS 0x00000000a4500000| PB 0x00000000a4500000| Complete 
| 582|0x00000000a4600000, 0x00000000a4700000, 0x00000000a4700000|100%| E|CS|TAMS 0x00000000a4600000| PB 0x00000000a4600000| Complete 
| 583|0x00000000a4700000, 0x00000000a4800000, 0x00000000a4800000|100%| E|CS|TAMS 0x00000000a4700000| PB 0x00000000a4700000| Complete 
| 584|0x00000000a4800000, 0x00000000a4900000, 0x00000000a4900000|100%| E|CS|TAMS 0x00000000a4800000| PB 0x00000000a4800000| Complete 
| 585|0x00000000a4900000, 0x00000000a4a00000, 0x00000000a4a00000|100%| E|CS|TAMS 0x00000000a4900000| PB 0x00000000a4900000| Complete 
| 586|0x00000000a4a00000, 0x00000000a4b00000, 0x00000000a4b00000|100%| E|CS|TAMS 0x00000000a4a00000| PB 0x00000000a4a00000| Complete 
| 587|0x00000000a4b00000, 0x00000000a4c00000, 0x00000000a4c00000|100%| E|CS|TAMS 0x00000000a4b00000| PB 0x00000000a4b00000| Complete 
| 588|0x00000000a4c00000, 0x00000000a4d00000, 0x00000000a4d00000|100%| E|CS|TAMS 0x00000000a4c00000| PB 0x00000000a4c00000| Complete 
| 589|0x00000000a4d00000, 0x00000000a4e00000, 0x00000000a4e00000|100%| E|CS|TAMS 0x00000000a4d00000| PB 0x00000000a4d00000| Complete 
| 590|0x00000000a4e00000, 0x00000000a4f00000, 0x00000000a4f00000|100%| E|CS|TAMS 0x00000000a4e00000| PB 0x00000000a4e00000| Complete 
| 591|0x00000000a4f00000, 0x00000000a5000000, 0x00000000a5000000|100%| E|CS|TAMS 0x00000000a4f00000| PB 0x00000000a4f00000| Complete 
| 592|0x00000000a5000000, 0x00000000a5100000, 0x00000000a5100000|100%| E|CS|TAMS 0x00000000a5000000| PB 0x00000000a5000000| Complete 
| 593|0x00000000a5100000, 0x00000000a5200000, 0x00000000a5200000|100%| E|CS|TAMS 0x00000000a5100000| PB 0x00000000a5100000| Complete 
| 594|0x00000000a5200000, 0x00000000a5300000, 0x00000000a5300000|100%| E|CS|TAMS 0x00000000a5200000| PB 0x00000000a5200000| Complete 
| 595|0x00000000a5300000, 0x00000000a5400000, 0x00000000a5400000|100%| E|CS|TAMS 0x00000000a5300000| PB 0x00000000a5300000| Complete 
| 596|0x00000000a5400000, 0x00000000a5500000, 0x00000000a5500000|100%| E|CS|TAMS 0x00000000a5400000| PB 0x00000000a5400000| Complete 
| 597|0x00000000a5500000, 0x00000000a5600000, 0x00000000a5600000|100%| E|CS|TAMS 0x00000000a5500000| PB 0x00000000a5500000| Complete 
| 598|0x00000000a5600000, 0x00000000a5700000, 0x00000000a5700000|100%| E|CS|TAMS 0x00000000a5600000| PB 0x00000000a5600000| Complete 
| 599|0x00000000a5700000, 0x00000000a5800000, 0x00000000a5800000|100%| E|CS|TAMS 0x00000000a5700000| PB 0x00000000a5700000| Complete 
|1907|0x00000000f7300000, 0x00000000f7400000, 0x00000000f7400000|100%| E|CS|TAMS 0x00000000f7300000| PB 0x00000000f7300000| Complete 
|1908|0x00000000f7400000, 0x00000000f7500000, 0x00000000f7500000|100%| E|CS|TAMS 0x00000000f7400000| PB 0x00000000f7400000| Complete 
|1909|0x00000000f7500000, 0x00000000f7600000, 0x00000000f7600000|100%| E|CS|TAMS 0x00000000f7500000| PB 0x00000000f7500000| Complete 
|1910|0x00000000f7600000, 0x00000000f7700000, 0x00000000f7700000|100%| E|CS|TAMS 0x00000000f7600000| PB 0x00000000f7600000| Complete 
|1911|0x00000000f7700000, 0x00000000f7800000, 0x00000000f7800000|100%| E|CS|TAMS 0x00000000f7700000| PB 0x00000000f7700000| Complete 
|1912|0x00000000f7800000, 0x00000000f7900000, 0x00000000f7900000|100%| E|CS|TAMS 0x00000000f7800000| PB 0x00000000f7800000| Complete 
|1913|0x00000000f7900000, 0x00000000f7a00000, 0x00000000f7a00000|100%| E|CS|TAMS 0x00000000f7900000| PB 0x00000000f7900000| Complete 
|1914|0x00000000f7a00000, 0x00000000f7b00000, 0x00000000f7b00000|100%| E|CS|TAMS 0x00000000f7a00000| PB 0x00000000f7a00000| Complete 
|1915|0x00000000f7b00000, 0x00000000f7c00000, 0x00000000f7c00000|100%| E|CS|TAMS 0x00000000f7b00000| PB 0x00000000f7b00000| Complete 
|1916|0x00000000f7c00000, 0x00000000f7d00000, 0x00000000f7d00000|100%| E|CS|TAMS 0x00000000f7c00000| PB 0x00000000f7c00000| Complete 
|1917|0x00000000f7d00000, 0x00000000f7e00000, 0x00000000f7e00000|100%| O|  |TAMS 0x00000000f7d00000| PB 0x00000000f7d00000| Untracked 
|1918|0x00000000f7e00000, 0x00000000f7f00000, 0x00000000f7f00000|100%| E|CS|TAMS 0x00000000f7e00000| PB 0x00000000f7e00000| Complete 
|1919|0x00000000f7f00000, 0x00000000f8000000, 0x00000000f8000000|100%| E|CS|TAMS 0x00000000f7f00000| PB 0x00000000f7f00000| Complete 
|1920|0x00000000f8000000, 0x00000000f8100000, 0x00000000f8100000|100%| E|CS|TAMS 0x00000000f8000000| PB 0x00000000f8000000| Complete 
|1921|0x00000000f8100000, 0x00000000f8200000, 0x00000000f8200000|100%| E|CS|TAMS 0x00000000f8100000| PB 0x00000000f8100000| Complete 
|1922|0x00000000f8200000, 0x00000000f8300000, 0x00000000f8300000|100%| E|CS|TAMS 0x00000000f8200000| PB 0x00000000f8200000| Complete 
|1923|0x00000000f8300000, 0x00000000f8400000, 0x00000000f8400000|100%| E|CS|TAMS 0x00000000f8300000| PB 0x00000000f8300000| Complete 
|1924|0x00000000f8400000, 0x00000000f8500000, 0x00000000f8500000|100%| E|CS|TAMS 0x00000000f8400000| PB 0x00000000f8400000| Complete 
|1925|0x00000000f8500000, 0x00000000f8600000, 0x00000000f8600000|100%| E|CS|TAMS 0x00000000f8500000| PB 0x00000000f8500000| Complete 
|1926|0x00000000f8600000, 0x00000000f8700000, 0x00000000f8700000|100%| E|CS|TAMS 0x00000000f8600000| PB 0x00000000f8600000| Complete 
|1927|0x00000000f8700000, 0x00000000f8800000, 0x00000000f8800000|100%| E|CS|TAMS 0x00000000f8700000| PB 0x00000000f8700000| Complete 
|1928|0x00000000f8800000, 0x00000000f8900000, 0x00000000f8900000|100%| E|CS|TAMS 0x00000000f8800000| PB 0x00000000f8800000| Complete 
|1929|0x00000000f8900000, 0x00000000f8a00000, 0x00000000f8a00000|100%| E|CS|TAMS 0x00000000f8900000| PB 0x00000000f8900000| Complete 
|1930|0x00000000f8a00000, 0x00000000f8b00000, 0x00000000f8b00000|100%| E|CS|TAMS 0x00000000f8a00000| PB 0x00000000f8a00000| Complete 
|1931|0x00000000f8b00000, 0x00000000f8c00000, 0x00000000f8c00000|100%| E|CS|TAMS 0x00000000f8b00000| PB 0x00000000f8b00000| Complete 
|1932|0x00000000f8c00000, 0x00000000f8d00000, 0x00000000f8d00000|100%| E|CS|TAMS 0x00000000f8c00000| PB 0x00000000f8c00000| Complete 
|1951|0x00000000f9f00000, 0x00000000fa000000, 0x00000000fa000000|100%| E|CS|TAMS 0x00000000f9f00000| PB 0x00000000f9f00000| Complete 
|1952|0x00000000fa000000, 0x00000000fa100000, 0x00000000fa100000|100%| E|CS|TAMS 0x00000000fa000000| PB 0x00000000fa000000| Complete 
|1953|0x00000000fa100000, 0x00000000fa200000, 0x00000000fa200000|100%| E|CS|TAMS 0x00000000fa100000| PB 0x00000000fa100000| Complete 
|1954|0x00000000fa200000, 0x00000000fa300000, 0x00000000fa300000|100%| E|CS|TAMS 0x00000000fa200000| PB 0x00000000fa200000| Complete 
|1955|0x00000000fa300000, 0x00000000fa400000, 0x00000000fa400000|100%| E|CS|TAMS 0x00000000fa300000| PB 0x00000000fa300000| Complete 
|1956|0x00000000fa400000, 0x00000000fa500000, 0x00000000fa500000|100%| E|CS|TAMS 0x00000000fa400000| PB 0x00000000fa400000| Complete 
|1957|0x00000000fa500000, 0x00000000fa600000, 0x00000000fa600000|100%| E|CS|TAMS 0x00000000fa500000| PB 0x00000000fa500000| Complete 
|1958|0x00000000fa600000, 0x00000000fa700000, 0x00000000fa700000|100%| E|CS|TAMS 0x00000000fa600000| PB 0x00000000fa600000| Complete 
|1959|0x00000000fa700000, 0x00000000fa800000, 0x00000000fa800000|100%| E|CS|TAMS 0x00000000fa700000| PB 0x00000000fa700000| Complete 
|1960|0x00000000fa800000, 0x00000000fa900000, 0x00000000fa900000|100%| E|CS|TAMS 0x00000000fa800000| PB 0x00000000fa800000| Complete 
|1961|0x00000000fa900000, 0x00000000faa00000, 0x00000000faa00000|100%| E|CS|TAMS 0x00000000fa900000| PB 0x00000000fa900000| Complete 
|1962|0x00000000faa00000, 0x00000000fab00000, 0x00000000fab00000|100%| E|CS|TAMS 0x00000000faa00000| PB 0x00000000faa00000| Complete 
|1963|0x00000000fab00000, 0x00000000fac00000, 0x00000000fac00000|100%| E|CS|TAMS 0x00000000fab00000| PB 0x00000000fab00000| Complete 
|1964|0x00000000fac00000, 0x00000000fad00000, 0x00000000fad00000|100%| E|CS|TAMS 0x00000000fac00000| PB 0x00000000fac00000| Complete 
|1965|0x00000000fad00000, 0x00000000fae00000, 0x00000000fae00000|100%| S|CS|TAMS 0x00000000fad00000| PB 0x00000000fad00000| Complete 
|1966|0x00000000fae00000, 0x00000000faf00000, 0x00000000faf00000|100%| S|CS|TAMS 0x00000000fae00000| PB 0x00000000fae00000| Complete 
|1967|0x00000000faf00000, 0x00000000fb000000, 0x00000000fb000000|100%| S|CS|TAMS 0x00000000faf00000| PB 0x00000000faf00000| Complete 
|1968|0x00000000fb000000, 0x00000000fb100000, 0x00000000fb100000|100%| S|CS|TAMS 0x00000000fb000000| PB 0x00000000fb000000| Complete 
|1969|0x00000000fb100000, 0x00000000fb200000, 0x00000000fb200000|100%| S|CS|TAMS 0x00000000fb100000| PB 0x00000000fb100000| Complete 
|1970|0x00000000fb200000, 0x00000000fb300000, 0x00000000fb300000|100%| S|CS|TAMS 0x00000000fb200000| PB 0x00000000fb200000| Complete 
|1971|0x00000000fb300000, 0x00000000fb400000, 0x00000000fb400000|100%| S|CS|TAMS 0x00000000fb300000| PB 0x00000000fb300000| Complete 
|1972|0x00000000fb400000, 0x00000000fb500000, 0x00000000fb500000|100%| S|CS|TAMS 0x00000000fb400000| PB 0x00000000fb400000| Complete 
|1973|0x00000000fb500000, 0x00000000fb600000, 0x00000000fb600000|100%| S|CS|TAMS 0x00000000fb500000| PB 0x00000000fb500000| Complete 
|1974|0x00000000fb600000, 0x00000000fb700000, 0x00000000fb700000|100%| S|CS|TAMS 0x00000000fb600000| PB 0x00000000fb600000| Complete 
|1975|0x00000000fb700000, 0x00000000fb800000, 0x00000000fb800000|100%| S|CS|TAMS 0x00000000fb700000| PB 0x00000000fb700000| Complete 
|1976|0x00000000fb800000, 0x00000000fb900000, 0x00000000fb900000|100%| S|CS|TAMS 0x00000000fb800000| PB 0x00000000fb800000| Complete 
|1977|0x00000000fb900000, 0x00000000fba00000, 0x00000000fba00000|100%| S|CS|TAMS 0x00000000fb900000| PB 0x00000000fb900000| Complete 
|1978|0x00000000fba00000, 0x00000000fbb00000, 0x00000000fbb00000|100%| S|CS|TAMS 0x00000000fba00000| PB 0x00000000fba00000| Complete 
|1979|0x00000000fbb00000, 0x00000000fbc00000, 0x00000000fbc00000|100%| S|CS|TAMS 0x00000000fbb00000| PB 0x00000000fbb00000| Complete 
|1980|0x00000000fbc00000, 0x00000000fbd00000, 0x00000000fbd00000|100%| S|CS|TAMS 0x00000000fbc00000| PB 0x00000000fbc00000| Complete 
|1981|0x00000000fbd00000, 0x00000000fbe00000, 0x00000000fbe00000|100%| S|CS|TAMS 0x00000000fbd00000| PB 0x00000000fbd00000| Complete 
|1982|0x00000000fbe00000, 0x00000000fbf00000, 0x00000000fbf00000|100%| S|CS|TAMS 0x00000000fbe00000| PB 0x00000000fbe00000| Complete 
|1999|0x00000000fcf00000, 0x00000000fd000000, 0x00000000fd000000|100%| S|CS|TAMS 0x00000000fcf00000| PB 0x00000000fcf00000| Complete 
|2000|0x00000000fd000000, 0x00000000fd100000, 0x00000000fd100000|100%| O|  |TAMS 0x00000000fd000000| PB 0x00000000fd000000| Untracked 
|2003|0x00000000fd300000, 0x00000000fd400000, 0x00000000fd400000|100%| O|  |TAMS 0x00000000fd300000| PB 0x00000000fd300000| Untracked 
|2005|0x00000000fd500000, 0x00000000fd600000, 0x00000000fd600000|100%| O|  |TAMS 0x00000000fd500000| PB 0x00000000fd500000| Untracked 
|2006|0x00000000fd600000, 0x00000000fd700000, 0x00000000fd700000|100%| S|CS|TAMS 0x00000000fd600000| PB 0x00000000fd600000| Complete 
|2007|0x00000000fd700000, 0x00000000fd800000, 0x00000000fd800000|100%| O|  |TAMS 0x00000000fd700000| PB 0x00000000fd700000| Untracked 
|2008|0x00000000fd800000, 0x00000000fd900000, 0x00000000fd900000|100%| O|  |TAMS 0x00000000fd800000| PB 0x00000000fd800000| Untracked 
|2009|0x00000000fd900000, 0x00000000fda00000, 0x00000000fda00000|100%| O|  |TAMS 0x00000000fd900000| PB 0x00000000fd900000| Untracked 
|2010|0x00000000fda00000, 0x00000000fdb00000, 0x00000000fdb00000|100%| O|  |TAMS 0x00000000fda00000| PB 0x00000000fda00000| Untracked 
|2011|0x00000000fdb00000, 0x00000000fdc00000, 0x00000000fdc00000|100%| O|  |TAMS 0x00000000fdb00000| PB 0x00000000fdb00000| Untracked 
|2012|0x00000000fdc00000, 0x00000000fdd00000, 0x00000000fdd00000|100%| O|  |TAMS 0x00000000fdc00000| PB 0x00000000fdc00000| Untracked 
|2013|0x00000000fdd00000, 0x00000000fde00000, 0x00000000fde00000|100%| O|Cm|TAMS 0x00000000fdd00000| PB 0x00000000fdd00000| Complete 
|2014|0x00000000fde00000, 0x00000000fdf00000, 0x00000000fdf00000|100%| O|  |TAMS 0x00000000fde00000| PB 0x00000000fde00000| Untracked 
|2015|0x00000000fdf00000, 0x00000000fe000000, 0x00000000fe000000|100%| O|  |TAMS 0x00000000fdf00000| PB 0x00000000fdf00000| Untracked 
|2016|0x00000000fe000000, 0x00000000fe100000, 0x00000000fe100000|100%| O|  |TAMS 0x00000000fe000000| PB 0x00000000fe000000| Untracked 
|2017|0x00000000fe100000, 0x00000000fe200000, 0x00000000fe200000|100%| O|  |TAMS 0x00000000fe100000| PB 0x00000000fe100000| Untracked 
|2018|0x00000000fe200000, 0x00000000fe300000, 0x00000000fe300000|100%| O|  |TAMS 0x00000000fe200000| PB 0x00000000fe200000| Untracked 
|2019|0x00000000fe300000, 0x00000000fe400000, 0x00000000fe400000|100%| S|CS|TAMS 0x00000000fe300000| PB 0x00000000fe300000| Complete 
|2020|0x00000000fe400000, 0x00000000fe500000, 0x00000000fe500000|100%| S|CS|TAMS 0x00000000fe400000| PB 0x00000000fe400000| Complete 
|2021|0x00000000fe500000, 0x00000000fe600000, 0x00000000fe600000|100%| S|CS|TAMS 0x00000000fe500000| PB 0x00000000fe500000| Complete 
|2022|0x00000000fe600000, 0x00000000fe700000, 0x00000000fe700000|100%| S|CS|TAMS 0x00000000fe600000| PB 0x00000000fe600000| Complete 
|2023|0x00000000fe700000, 0x00000000fe800000, 0x00000000fe800000|100%| S|CS|TAMS 0x00000000fe700000| PB 0x00000000fe700000| Complete 
|2024|0x00000000fe800000, 0x00000000fe900000, 0x00000000fe900000|100%| S|CS|TAMS 0x00000000fe800000| PB 0x00000000fe800000| Complete 
|2025|0x00000000fe900000, 0x00000000fea00000, 0x00000000fea00000|100%| S|CS|TAMS 0x00000000fe900000| PB 0x00000000fe900000| Complete 
|2026|0x00000000fea00000, 0x00000000feb00000, 0x00000000feb00000|100%| S|CS|TAMS 0x00000000fea00000| PB 0x00000000fea00000| Complete 
|2027|0x00000000feb00000, 0x00000000fec00000, 0x00000000fec00000|100%| E|CS|TAMS 0x00000000feb00000| PB 0x00000000feb00000| Complete 
|2028|0x00000000fec00000, 0x00000000fed00000, 0x00000000fed00000|100%| E|CS|TAMS 0x00000000fec00000| PB 0x00000000fec00000| Complete 
|2029|0x00000000fed00000, 0x00000000fee00000, 0x00000000fee00000|100%| E|CS|TAMS 0x00000000fed00000| PB 0x00000000fed00000| Complete 
|2030|0x00000000fee00000, 0x00000000fef00000, 0x00000000fef00000|100%| E|CS|TAMS 0x00000000fee00000| PB 0x00000000fee00000| Complete 
|2031|0x00000000fef00000, 0x00000000ff000000, 0x00000000ff000000|100%| E|CS|TAMS 0x00000000fef00000| PB 0x00000000fef00000| Complete 
|2032|0x00000000ff000000, 0x00000000ff100000, 0x00000000ff100000|100%| E|CS|TAMS 0x00000000ff000000| PB 0x00000000ff000000| Complete 
|2033|0x00000000ff100000, 0x00000000ff200000, 0x00000000ff200000|100%| E|CS|TAMS 0x00000000ff100000| PB 0x00000000ff100000| Complete 
|2034|0x00000000ff200000, 0x00000000ff300000, 0x00000000ff300000|100%| E|CS|TAMS 0x00000000ff200000| PB 0x00000000ff200000| Complete 
|2035|0x00000000ff300000, 0x00000000ff400000, 0x00000000ff400000|100%| O|  |TAMS 0x00000000ff300000| PB 0x00000000ff300000| Untracked 
|2036|0x00000000ff400000, 0x00000000ff500000, 0x00000000ff500000|100%| E|CS|TAMS 0x00000000ff400000| PB 0x00000000ff400000| Complete 
|2037|0x00000000ff500000, 0x00000000ff600000, 0x00000000ff600000|100%| E|CS|TAMS 0x00000000ff500000| PB 0x00000000ff500000| Complete 
|2038|0x00000000ff600000, 0x00000000ff700000, 0x00000000ff700000|100%| E|CS|TAMS 0x00000000ff600000| PB 0x00000000ff600000| Complete 
|2039|0x00000000ff700000, 0x00000000ff800000, 0x00000000ff800000|100%| E|CS|TAMS 0x00000000ff700000| PB 0x00000000ff700000| Complete 
|2040|0x00000000ff800000, 0x00000000ff900000, 0x00000000ff900000|100%| E|CS|TAMS 0x00000000ff800000| PB 0x00000000ff800000| Complete 
|2041|0x00000000ff900000, 0x00000000ffa00000, 0x00000000ffa00000|100%| E|CS|TAMS 0x00000000ff900000| PB 0x00000000ff900000| Complete 
|2042|0x00000000ffa00000, 0x00000000ffb00000, 0x00000000ffb00000|100%| E|CS|TAMS 0x00000000ffa00000| PB 0x00000000ffa00000| Complete 
|2043|0x00000000ffb00000, 0x00000000ffc00000, 0x00000000ffc00000|100%| E|CS|TAMS 0x00000000ffb00000| PB 0x00000000ffb00000| Complete 
|2044|0x00000000ffc00000, 0x00000000ffd00000, 0x00000000ffd00000|100%| E|CS|TAMS 0x00000000ffc00000| PB 0x00000000ffc00000| Complete 
|2045|0x00000000ffd00000, 0x00000000ffe00000, 0x00000000ffe00000|100%| O|  |TAMS 0x00000000ffd00000| PB 0x00000000ffd00000| Untracked 
|2046|0x00000000ffe00000, 0x00000000fff00000, 0x00000000fff00000|100%| E|CS|TAMS 0x00000000ffe00000| PB 0x00000000ffe00000| Complete 
|2047|0x00000000fff00000, 0x0000000100000000, 0x0000000100000000|100%| E|CS|TAMS 0x00000000fff00000| PB 0x00000000fff00000| Complete 

Card table byte_map: [0x000001dcf8740000,0x000001dcf8b40000] _byte_map_base: 0x000001dcf8340000

Marking Bits: (CMBitMap*) 0x000001dcf33ae610
 Bits: [0x000001dcf8b40000, 0x000001dcfab40000)

Polling page: 0x000001dcf3220000

Metaspace:

Usage:
  Non-class:    195.29 MB used.
      Class:     26.47 MB used.
       Both:    221.76 MB used.

Virtual space:
  Non-class space:      256.00 MB reserved,     196.25 MB ( 77%) committed,  4 nodes.
      Class space:        1.00 GB reserved,      27.50 MB (  3%) committed,  1 nodes.
             Both:        1.25 GB reserved,     223.75 MB ( 17%) committed. 

Chunk freelists:
   Non-Class:  27.28 MB
       Class:  4.55 MB
        Both:  31.84 MB

MaxMetaspaceSize: unlimited
CompressedClassSpaceSize: 1.00 GB
Initial GC threshold: 21.00 MB
Current GC threshold: 386.88 MB
CDS: off
 - commit_granule_bytes: 65536.
 - commit_granule_words: 8192.
 - virtual_space_node_default_size: 8388608.
 - enlarge_chunks_in_place: 1.
 - use_allocation_guard: 0.


Internal statistics:

num_allocs_failed_limit: 12.
num_arena_births: 6620.
num_arena_deaths: 2916.
num_vsnodes_births: 5.
num_vsnodes_deaths: 0.
num_space_committed: 9104.
num_space_uncommitted: 1791.
num_chunks_returned_to_freelist: 25943.
num_chunks_taken_from_freelist: 40080.
num_chunk_merges: 6764.
num_chunk_splits: 22727.
num_chunks_enlarged: 18969.
num_inconsistent_stats: 0.

CodeHeap 'non-profiled nmethods': size=120000Kb used=38417Kb max_used=44129Kb free=81582Kb
 bounds [0x000001dc87ad0000, 0x000001dc8a5f0000, 0x000001dc8f000000]
CodeHeap 'profiled nmethods': size=120000Kb used=43188Kb max_used=57623Kb free=76811Kb
 bounds [0x000001dc80000000, 0x000001dc83870000, 0x000001dc87530000]
CodeHeap 'non-nmethods': size=5760Kb used=2599Kb max_used=2699Kb free=3160Kb
 bounds [0x000001dc87530000, 0x000001dc877f0000, 0x000001dc87ad0000]
 total_blobs=24857 nmethods=23851 adapters=907
 compilation: enabled
              stopped_count=0, restarted_count=0
 full_count=0

Compilation events (20 events):
Event: 7508.394 Thread 0x000001dcfd334a40 121149       4       com.sun.tools.javac.code.Types::isSuperType (96 bytes)
Event: 7508.394 Thread 0x000001dcfd3354d0 nmethod 121150 0x000001dc82c45c90 code [0x000001dc82c45e60, 0x000001dc82c460e8]
Event: 7508.399 Thread 0x000001dcfd3354d0 121151       3       com.sun.tools.javac.tree.TreeCopier::visitMemberSelect (7 bytes)
Event: 7508.399 Thread 0x000001dcfd3354d0 nmethod 121151 0x000001dc81c41210 code [0x000001dc81c413c0, 0x000001dc81c41578]
Event: 7508.400 Thread 0x000001dcfd3354d0 121152       3       com.sun.tools.javac.jvm.UninitializedType::uninitializedThis (17 bytes)
Event: 7508.401 Thread 0x000001dcfd334a40 nmethod 121149 0x000001dc89aa0410 code [0x000001dc89aa05e0, 0x000001dc89aa0868]
Event: 7508.401 Thread 0x000001dcfd334a40 121153       4       com.sun.tools.javac.jvm.Items$LocalItem::load (75 bytes)
Event: 7508.402 Thread 0x000001dcfd3354d0 nmethod 121152 0x000001dc82b24990 code [0x000001dc82b24ba0, 0x000001dc82b252c8]
Event: 7508.405 Thread 0x000001dcfd334a40 nmethod 121153 0x000001dc89acb410 code [0x000001dc89acb5c0, 0x000001dc89acb7a0]
Event: 7508.410 Thread 0x000001dcfd334a40 121154       4       com.sun.tools.javac.comp.Infer$GraphSolver$InferenceGraph::notifyUpdate (39 bytes)
Event: 7508.420 Thread 0x000001dcfd334a40 nmethod 121154 0x000001dc88980110 code [0x000001dc88980320, 0x000001dc88980938]
Event: 7508.420 Thread 0x000001dcfd334a40 121155   !   4       com.sun.tools.javac.comp.Flow$FlowAnalyzer::visitClassDef (644 bytes)
Event: 7508.464 Thread 0x000001dcfd3354d0 121157       3       java.net.URI::getRawSchemeSpecificPart (156 bytes)
Event: 7508.468 Thread 0x000001dcfd3354d0 nmethod 121157 0x000001dc82baf190 code [0x000001dc82baf4a0, 0x000001dc82bb05f0]
Event: 7508.519 Thread 0x000001dcfd3354d0 121159       3       com.sun.tools.javac.comp.TransTypes::addBridges (100 bytes)
Event: 7508.521 Thread 0x000001dcfd3354d0 nmethod 121159 0x000001dc81bef210 code [0x000001dc81bef4c0, 0x000001dc81bf03b8]
Event: 7508.521 Thread 0x000001dcfd3354d0 121160       3       com.sun.tools.javac.comp.Lower::freevarDefs (9 bytes)
Event: 7508.522 Thread 0x000001dcfd3354d0 nmethod 121160 0x000001dc82baed10 code [0x000001dc82baeec0, 0x000001dc82baf008]
Event: 7508.655 Thread 0x000001dcfd3354d0 121161       2       com.sun.tools.javac.jvm.Items$MemberItem$$Lambda/0x0000000101585688::applyAsInt (12 bytes)
Event: 7508.656 Thread 0x000001dcfd3354d0 nmethod 121161 0x000001dc81beed90 code [0x000001dc81beef40, 0x000001dc81bef0e0]

GC Heap History (20 events):
Event: 7027.496 GC heap before
{Heap before GC invocations=288 (full 0):
 garbage-first heap   total 727040K, used 256215K [0x0000000080000000, 0x0000000100000000)
  region size 1024K, 41 young (41984K), 10 survivors (10240K)
 Metaspace       used 209484K, committed 212864K, reserved 1310720K
  class space    used 25265K, committed 26880K, reserved 1048576K
}
Event: 7027.502 GC heap after
{Heap after GC invocations=289 (full 0):
 garbage-first heap   total 727040K, used 225495K [0x0000000080000000, 0x0000000100000000)
  region size 1024K, 9 young (9216K), 9 survivors (9216K)
 Metaspace       used 209484K, committed 212864K, reserved 1310720K
  class space    used 25265K, committed 26880K, reserved 1048576K
}
Event: 7205.367 GC heap before
{Heap before GC invocations=290 (full 0):
 garbage-first heap   total 737280K, used 733399K [0x0000000080000000, 0x0000000100000000)
  region size 1024K, 432 young (442368K), 9 survivors (9216K)
 Metaspace       used 209718K, committed 212864K, reserved 1310720K
  class space    used 25287K, committed 26880K, reserved 1048576K
}
Event: 7205.417 GC heap after
{Heap after GC invocations=291 (full 0):
 garbage-first heap   total 739328K, used 214743K [0x0000000080000000, 0x0000000100000000)
  region size 1024K, 4 young (4096K), 4 survivors (4096K)
 Metaspace       used 209718K, committed 212864K, reserved 1310720K
  class space    used 25287K, committed 26880K, reserved 1048576K
}
Event: 7331.693 GC heap before
{Heap before GC invocations=291 (full 0):
 garbage-first heap   total 739328K, used 692951K [0x0000000080000000, 0x0000000100000000)
  region size 1024K, 433 young (443392K), 4 survivors (4096K)
 Metaspace       used 209753K, committed 212864K, reserved 1310720K
  class space    used 25290K, committed 26880K, reserved 1048576K
}
Event: 7331.745 GC heap after
{Heap after GC invocations=292 (full 0):
 garbage-first heap   total 739328K, used 205220K [0x0000000080000000, 0x0000000100000000)
  region size 1024K, 5 young (5120K), 5 survivors (5120K)
 Metaspace       used 209753K, committed 212864K, reserved 1310720K
  class space    used 25290K, committed 26880K, reserved 1048576K
}
Event: 7336.437 GC heap before
{Heap before GC invocations=292 (full 0):
 garbage-first heap   total 739328K, used 484772K [0x0000000080000000, 0x0000000100000000)
  region size 1024K, 280 young (286720K), 5 survivors (5120K)
 Metaspace       used 209776K, committed 212864K, reserved 1310720K
  class space    used 25290K, committed 26880K, reserved 1048576K
}
Event: 7336.470 GC heap after
{Heap after GC invocations=293 (full 0):
 garbage-first heap   total 739328K, used 230382K [0x0000000080000000, 0x0000000100000000)
  region size 1024K, 29 young (29696K), 29 survivors (29696K)
 Metaspace       used 209776K, committed 212864K, reserved 1310720K
  class space    used 25290K, committed 26880K, reserved 1048576K
}
Event: 7385.114 GC heap before
{Heap before GC invocations=294 (full 0):
 garbage-first heap   total 739328K, used 690158K [0x0000000080000000, 0x0000000100000000)
  region size 1024K, 433 young (443392K), 29 survivors (29696K)
 Metaspace       used 210019K, committed 212864K, reserved 1310720K
  class space    used 25327K, committed 26880K, reserved 1048576K
}
Event: 7385.255 GC heap after
{Heap after GC invocations=295 (full 0):
 garbage-first heap   total 739328K, used 239494K [0x0000000080000000, 0x0000000100000000)
  region size 1024K, 36 young (36864K), 36 survivors (36864K)
 Metaspace       used 210019K, committed 212864K, reserved 1310720K
  class space    used 25327K, committed 26880K, reserved 1048576K
}
Event: 7445.149 GC heap before
{Heap before GC invocations=295 (full 0):
 garbage-first heap   total 739328K, used 689030K [0x0000000080000000, 0x0000000100000000)
  region size 1024K, 433 young (443392K), 36 survivors (36864K)
 Metaspace       used 220482K, committed 222400K, reserved 1310720K
  class space    used 26537K, committed 27520K, reserved 1048576K
}
Event: 7445.335 GC heap after
{Heap after GC invocations=296 (full 0):
 garbage-first heap   total 739328K, used 223402K [0x0000000080000000, 0x0000000100000000)
  region size 1024K, 19 young (19456K), 19 survivors (19456K)
 Metaspace       used 220482K, committed 222400K, reserved 1310720K
  class space    used 26537K, committed 27520K, reserved 1048576K
}
Event: 7447.825 GC heap before
{Heap before GC invocations=296 (full 0):
 garbage-first heap   total 739328K, used 319658K [0x0000000080000000, 0x0000000100000000)
  region size 1024K, 115 young (117760K), 19 survivors (19456K)
 Metaspace       used 220483K, committed 222400K, reserved 1310720K
  class space    used 26537K, committed 27520K, reserved 1048576K
}
Event: 7447.878 GC heap after
{Heap after GC invocations=297 (full 0):
 garbage-first heap   total 739328K, used 228010K [0x0000000080000000, 0x0000000100000000)
  region size 1024K, 23 young (23552K), 23 survivors (23552K)
 Metaspace       used 220483K, committed 222400K, reserved 1310720K
  class space    used 26537K, committed 27520K, reserved 1048576K
}
Event: 7466.015 GC heap before
{Heap before GC invocations=298 (full 0):
 garbage-first heap   total 739328K, used 648874K [0x0000000080000000, 0x0000000100000000)
  region size 1024K, 432 young (442368K), 23 survivors (23552K)
 Metaspace       used 216175K, committed 218240K, reserved 1310720K
  class space    used 25816K, committed 26944K, reserved 1048576K
}
Event: 7466.094 GC heap after
{Heap after GC invocations=299 (full 0):
 garbage-first heap   total 739328K, used 213791K [0x0000000080000000, 0x0000000100000000)
  region size 1024K, 17 young (17408K), 17 survivors (17408K)
 Metaspace       used 216175K, committed 218240K, reserved 1310720K
  class space    used 25816K, committed 26944K, reserved 1048576K
}
Event: 7501.870 GC heap before
{Heap before GC invocations=299 (full 0):
 garbage-first heap   total 739328K, used 651039K [0x0000000080000000, 0x0000000100000000)
  region size 1024K, 433 young (443392K), 17 survivors (17408K)
 Metaspace       used 226579K, committed 228480K, reserved 1310720K
  class space    used 27046K, committed 28032K, reserved 1048576K
}
Event: 7501.956 GC heap after
{Heap after GC invocations=300 (full 0):
 garbage-first heap   total 739328K, used 216106K [0x0000000080000000, 0x0000000100000000)
  region size 1024K, 31 young (31744K), 31 survivors (31744K)
 Metaspace       used 226579K, committed 228480K, reserved 1310720K
  class space    used 27046K, committed 28032K, reserved 1048576K
}
Event: 7503.886 GC heap before
{Heap before GC invocations=300 (full 0):
 garbage-first heap   total 739328K, used 233514K [0x0000000080000000, 0x0000000100000000)
  region size 1024K, 50 young (51200K), 31 survivors (31744K)
 Metaspace       used 226585K, committed 228544K, reserved 1310720K
  class space    used 27046K, committed 28032K, reserved 1048576K
}
Event: 7503.927 GC heap after
{Heap after GC invocations=301 (full 0):
 garbage-first heap   total 739328K, used 213656K [0x0000000080000000, 0x0000000100000000)
  region size 1024K, 28 young (28672K), 28 survivors (28672K)
 Metaspace       used 226585K, committed 228544K, reserved 1310720K
  class space    used 27046K, committed 28032K, reserved 1048576K
}

Dll operation events (3 events):
Event: 0.007 Loaded shared library D:\User\Android Studio\jbr\bin\java.dll
Event: 0.012 Loaded shared library D:\User\Android Studio\jbr\bin\zip.dll
Event: 0.486 Loaded shared library D:\User\Android Studio\jbr\bin\verify.dll

Deoptimization events (20 events):
Event: 7471.367 Thread 0x000001dcab8d7cb0 Uncommon trap: trap_request=0xffffff45 fr.pc=0x000001dc87bcf1a4 relative=0x0000000000000084
Event: 7471.367 Thread 0x000001dcab8d7cb0 Uncommon trap: reason=unstable_if action=reinterpret pc=0x000001dc87bcf1a4 method=java.nio.file.FileTreeWalker.close()V @ 14 c2
Event: 7471.367 Thread 0x000001dcab8d7cb0 DEOPT PACKING pc=0x000001dc87bcf1a4 sp=0x000000d1858fb520
Event: 7471.367 Thread 0x000001dcab8d7cb0 DEOPT UNPACKING pc=0x000001dc87587da2 sp=0x000000d1858fb4c0 mode 2
Event: 7471.557 Thread 0x000001dcab8e3470 Uncommon trap: trap_request=0xffffff45 fr.pc=0x000001dc89cc6d3c relative=0x000000000000075c
Event: 7471.557 Thread 0x000001dcab8e3470 Uncommon trap: reason=unstable_if action=reinterpret pc=0x000001dc89cc6d3c method=java.util.concurrent.ScheduledThreadPoolExecutor$DelayedWorkQueue.offer(Ljava/lang/Runnable;)Z @ 39 c2
Event: 7471.557 Thread 0x000001dcab8e3470 DEOPT PACKING pc=0x000001dc89cc6d3c sp=0x000000d1873fd1c0
Event: 7471.557 Thread 0x000001dcab8e3470 DEOPT UNPACKING pc=0x000001dc87587da2 sp=0x000000d1873fd0a8 mode 2
Event: 7504.653 Thread 0x000001dcab8d7cb0 Uncommon trap: trap_request=0xffffffde fr.pc=0x000001dc87d70928 relative=0x0000000000000248
Event: 7504.653 Thread 0x000001dcab8d7cb0 Uncommon trap: reason=class_check action=maybe_recompile pc=0x000001dc87d70928 method=com.sun.tools.javac.file.CacheFSInfo$$Lambda/0x0000000101548978.apply(Ljava/lang/Object;)Ljava/lang/Object; @ 5 c2
Event: 7504.653 Thread 0x000001dcab8d7cb0 DEOPT PACKING pc=0x000001dc87d70928 sp=0x000000d1858f9da0
Event: 7504.653 Thread 0x000001dcab8d7cb0 DEOPT UNPACKING pc=0x000001dc87587da2 sp=0x000000d1858f9d58 mode 2
Event: 7504.653 Thread 0x000001dcab8d7cb0 Uncommon trap: trap_request=0xffffffde fr.pc=0x000001dc87e43028 relative=0x00000000000000c8
Event: 7504.653 Thread 0x000001dcab8d7cb0 Uncommon trap: reason=class_check action=maybe_recompile pc=0x000001dc87e43028 method=com.sun.tools.javac.file.CacheFSInfo$$Lambda/0x00000001014bf5c0.apply(Ljava/lang/Object;)Ljava/lang/Object; @ 5 c2
Event: 7504.653 Thread 0x000001dcab8d7cb0 DEOPT PACKING pc=0x000001dc87e43028 sp=0x000000d1858f9dd0
Event: 7504.653 Thread 0x000001dcab8d7cb0 DEOPT UNPACKING pc=0x000001dc87587da2 sp=0x000000d1858f9d58 mode 2
Event: 7504.653 Thread 0x000001dcab8d7cb0 Uncommon trap: trap_request=0xffffffde fr.pc=0x000001dc87e43028 relative=0x00000000000000c8
Event: 7504.653 Thread 0x000001dcab8d7cb0 Uncommon trap: reason=class_check action=maybe_recompile pc=0x000001dc87e43028 method=com.sun.tools.javac.file.CacheFSInfo$$Lambda/0x00000001014bf5c0.apply(Ljava/lang/Object;)Ljava/lang/Object; @ 5 c2
Event: 7504.653 Thread 0x000001dcab8d7cb0 DEOPT PACKING pc=0x000001dc87e43028 sp=0x000000d1858f9da0
Event: 7504.653 Thread 0x000001dcab8d7cb0 DEOPT UNPACKING pc=0x000001dc87587da2 sp=0x000000d1858f9d28 mode 2

Classes loaded (20 events):
Event: 242.206 Loading class java/lang/StackWalker$ExtendedOption
Event: 242.208 Loading class java/lang/StackWalker$ExtendedOption done
Event: 242.208 Loading class java/lang/StackStreamFactory$StackFrameTraverser
Event: 242.209 Loading class java/lang/StackStreamFactory$StackFrameTraverser done
Event: 242.209 Loading class java/lang/StackStreamFactory$WalkerState
Event: 242.209 Loading class java/lang/StackStreamFactory$WalkerState done
Event: 242.209 Loading class java/lang/StackStreamFactory$StackFrameTraverser$StackFrameBuffer
Event: 242.209 Loading class java/lang/StackStreamFactory$FrameBuffer
Event: 242.210 Loading class java/lang/StackStreamFactory$FrameBuffer done
Event: 242.210 Loading class java/lang/StackStreamFactory$StackFrameTraverser$StackFrameBuffer done
Event: 242.211 Loading class java/util/logging/LogRecord
Event: 242.212 Loading class java/util/logging/LogRecord done
Event: 1248.116 Loading class java/lang/Throwable$WrappedPrintWriter
Event: 1248.117 Loading class java/lang/Throwable$PrintStreamOrWriter
Event: 1248.117 Loading class java/lang/Throwable$PrintStreamOrWriter done
Event: 1248.117 Loading class java/lang/Throwable$WrappedPrintWriter done
Event: 1248.254 Loading class java/util/Collections$EmptyListIterator
Event: 1248.254 Loading class java/util/Collections$EmptyListIterator done
Event: 1248.289 Loading class java/net/UrlDeserializedState
Event: 1248.289 Loading class java/net/UrlDeserializedState done

Classes unloaded (20 events):
Event: 7448.890 Thread 0x000001dcfd2cbce0 Unloading class 0x000000010143ad30 'kotlin/jvm/functions/Function0'
Event: 7448.890 Thread 0x000001dcfd2cbce0 Unloading class 0x000000010143aad8 'dagger/spi/internal/shaded/androidx/room/compiler/processing/javac/JavacBasicAnnotationProcessor$2'
Event: 7448.890 Thread 0x000001dcfd2cbce0 Unloading class 0x000000010143a8a0 'kotlin/jvm/internal/Lambda'
Event: 7448.890 Thread 0x000001dcfd2cbce0 Unloading class 0x000000010143a690 'kotlin/jvm/internal/FunctionBase'
Event: 7448.890 Thread 0x000001dcfd2cbce0 Unloading class 0x000000010143a480 'kotlin/jvm/functions/Function1'
Event: 7448.890 Thread 0x000001dcfd2cbce0 Unloading class 0x000000010143a270 'kotlin/Function'
Event: 7448.890 Thread 0x000001dcfd2cbce0 Unloading class 0x000000010143a000 'kotlin/UninitializedPropertyAccessException'
Event: 7448.890 Thread 0x000001dcfd2cbce0 Unloading class 0x0000000100ad6d18 'kotlin/KotlinNullPointerException'
Event: 7448.890 Thread 0x000001dcfd2cbce0 Unloading class 0x0000000100ad6b00 'kotlin/jvm/internal/Intrinsics'
Event: 7448.890 Thread 0x000001dcfd2cbce0 Unloading class 0x0000000100ad68e8 'dagger/spi/internal/shaded/androidx/room/compiler/processing/XProcessingEnvConfig$Companion'
Event: 7448.890 Thread 0x000001dcfd2cbce0 Unloading class 0x0000000100ad66d0 'dagger/spi/internal/shaded/androidx/room/compiler/processing/XProcessingEnvConfig'
Event: 7448.890 Thread 0x000001dcfd2cbce0 Unloading class 0x0000000100ad64b0 'dagger/spi/internal/shaded/androidx/room/compiler/processing/XProcessingEnvConfig$Builder'
Event: 7448.890 Thread 0x000001dcfd2cbce0 Unloading class 0x0000000100ad6298 'dagger/hilt/processor/internal/HiltProcessingEnvConfigs'
Event: 7448.890 Thread 0x000001dcfd2cbce0 Unloading class 0x0000000100ad6000 'dagger/hilt/processor/internal/uninstallmodules/UninstallModulesProcessingStep'
Event: 7448.890 Thread 0x000001dcfd2cbce0 Unloading class 0x0000000100495510 'dagger/hilt/processor/internal/BaseProcessingStep'
Event: 7448.890 Thread 0x000001dcfd2cbce0 Unloading class 0x0000000100495300 'dagger/spi/internal/shaded/androidx/room/compiler/processing/XProcessingStep'
Event: 7448.890 Thread 0x000001dcfd2cbce0 Unloading class 0x0000000100495000 'dagger/hilt/processor/internal/uninstallmodules/UninstallModulesProcessor'
Event: 7448.890 Thread 0x000001dcfd2cbce0 Unloading class 0x0000000100499d00 'dagger/hilt/processor/internal/JavacBaseProcessingStepProcessor'
Event: 7448.890 Thread 0x000001dcfd2cbce0 Unloading class 0x0000000100499a10 'dagger/spi/internal/shaded/androidx/room/compiler/processing/javac/JavacBasicAnnotationProcessor'
Event: 7448.890 Thread 0x000001dcfd2cbce0 Unloading class 0x0000000100499800 'dagger/spi/internal/shaded/androidx/room/compiler/processing/XBasicAnnotationProcessor'

Classes redefined (0 events):
No events

Internal exceptions (20 events):
Event: 7507.735 Thread 0x000001dcab8d7cb0 Exception <a 'sun/nio/fs/WindowsException'{0x00000000a49e0b20}> (0x00000000a49e0b20) 
thrown [s\src\hotspot\share\prims\jni.cpp, line 535]
Event: 7507.774 Thread 0x000001dcab8d7cb0 Exception <a 'sun/nio/fs/WindowsException'{0x00000000a480d030}> (0x00000000a480d030) 
thrown [s\src\hotspot\share\prims\jni.cpp, line 535]
Event: 7507.811 Thread 0x000001dcab8d7cb0 Exception <a 'sun/nio/fs/WindowsException'{0x00000000a48352d8}> (0x00000000a48352d8) 
thrown [s\src\hotspot\share\prims\jni.cpp, line 535]
Event: 7507.955 Thread 0x000001dcab8d7cb0 Exception <a 'sun/nio/fs/WindowsException'{0x00000000a485d568}> (0x00000000a485d568) 
thrown [s\src\hotspot\share\prims\jni.cpp, line 535]
Event: 7508.006 Thread 0x000001dcab8d7cb0 Exception <a 'sun/nio/fs/WindowsException'{0x00000000a488a168}> (0x00000000a488a168) 
thrown [s\src\hotspot\share\prims\jni.cpp, line 535]
Event: 7508.032 Thread 0x000001dcab8d7cb0 Exception <a 'sun/nio/fs/WindowsException'{0x00000000a48b9188}> (0x00000000a48b9188) 
thrown [s\src\hotspot\share\prims\jni.cpp, line 535]
Event: 7508.084 Thread 0x000001dcab8d7cb0 Exception <a 'sun/nio/fs/WindowsException'{0x00000000a48e3650}> (0x00000000a48e3650) 
thrown [s\src\hotspot\share\prims\jni.cpp, line 535]
Event: 7508.095 Thread 0x000001dcab8d7cb0 Exception <a 'sun/nio/fs/WindowsException'{0x00000000a4714558}> (0x00000000a4714558) 
thrown [s\src\hotspot\share\prims\jni.cpp, line 535]
Event: 7508.130 Thread 0x000001dcab8d7cb0 Exception <a 'sun/nio/fs/WindowsException'{0x00000000a47433d8}> (0x00000000a47433d8) 
thrown [s\src\hotspot\share\prims\jni.cpp, line 535]
Event: 7508.297 Thread 0x000001dcab8d7cb0 Exception <a 'sun/nio/fs/WindowsException'{0x00000000a476cfd8}> (0x00000000a476cfd8) 
thrown [s\src\hotspot\share\prims\jni.cpp, line 535]
Event: 7508.325 Thread 0x000001dcab8d7cb0 Exception <a 'sun/nio/fs/WindowsException'{0x00000000a4795e88}> (0x00000000a4795e88) 
thrown [s\src\hotspot\share\prims\jni.cpp, line 535]
Event: 7508.362 Thread 0x000001dcab8d7cb0 Exception <a 'sun/nio/fs/WindowsException'{0x00000000a47bde08}> (0x00000000a47bde08) 
thrown [s\src\hotspot\share\prims\jni.cpp, line 535]
Event: 7508.378 Thread 0x000001dcab8d7cb0 Exception <a 'sun/nio/fs/WindowsException'{0x00000000a47e5820}> (0x00000000a47e5820) 
thrown [s\src\hotspot\share\prims\jni.cpp, line 535]
Event: 7508.387 Thread 0x000001dcab8d7cb0 Exception <a 'sun/nio/fs/WindowsException'{0x00000000a4612708}> (0x00000000a4612708) 
thrown [s\src\hotspot\share\prims\jni.cpp, line 535]
Event: 7508.395 Thread 0x000001dcab8d7cb0 Exception <a 'sun/nio/fs/WindowsException'{0x00000000a463e990}> (0x00000000a463e990) 
thrown [s\src\hotspot\share\prims\jni.cpp, line 535]
Event: 7508.402 Thread 0x000001dcab8d7cb0 Exception <a 'sun/nio/fs/WindowsException'{0x00000000a46687d8}> (0x00000000a46687d8) 
thrown [s\src\hotspot\share\prims\jni.cpp, line 535]
Event: 7508.417 Thread 0x000001dcab8d7cb0 Exception <a 'sun/nio/fs/WindowsException'{0x00000000a4691678}> (0x00000000a4691678) 
thrown [s\src\hotspot\share\prims\jni.cpp, line 535]
Event: 7508.444 Thread 0x000001dcab8d7cb0 Exception <a 'sun/nio/fs/WindowsException'{0x00000000a46b9030}> (0x00000000a46b9030) 
thrown [s\src\hotspot\share\prims\jni.cpp, line 535]
Event: 7508.523 Thread 0x000001dcab8d7cb0 Exception <a 'sun/nio/fs/WindowsException'{0x00000000a46d7610}> (0x00000000a46d7610) 
thrown [s\src\hotspot\share\prims\jni.cpp, line 535]
Event: 7508.657 Thread 0x000001dcab8d7cb0 Exception <a 'sun/nio/fs/WindowsException'{0x00000000a46f5988}> (0x00000000a46f5988) 
thrown [s\src\hotspot\share\prims\jni.cpp, line 535]

ZGC Phase Switch (0 events):
No events

VM Operations (20 events):
Event: 7500.684 Executing VM operation: Cleanup
Event: 7500.684 Executing VM operation: Cleanup done
Event: 7501.870 Executing VM operation: G1CollectForAllocation (G1 Evacuation Pause)
Event: 7501.956 Executing VM operation: G1CollectForAllocation (G1 Evacuation Pause) done
Event: 7502.956 Executing VM operation: Cleanup
Event: 7502.960 Executing VM operation: Cleanup done
Event: 7503.886 Executing VM operation: G1TryInitiateConcMark (G1 Humongous Allocation)
Event: 7503.927 Executing VM operation: G1TryInitiateConcMark (G1 Humongous Allocation) done
Event: 7504.927 Executing VM operation: Cleanup
Event: 7504.927 Executing VM operation: Cleanup done
Event: 7504.930 Executing VM operation: G1PauseRemark
Event: 7505.000 Executing VM operation: G1PauseRemark done
Event: 7505.357 Executing VM operation: G1PauseCleanup
Event: 7505.357 Executing VM operation: G1PauseCleanup done
Event: 7506.160 Executing VM operation: ICBufferFull
Event: 7506.160 Executing VM operation: ICBufferFull done
Event: 7507.562 Executing VM operation: ICBufferFull
Event: 7507.562 Executing VM operation: ICBufferFull done
Event: 7508.563 Executing VM operation: Cleanup
Event: 7508.563 Executing VM operation: Cleanup done

Memory protections (0 events):
No events

Nmethod flushes (20 events):
Event: 7504.997 Thread 0x000001dcfd2cbce0 flushing  nmethod 0x000001dc8030cb10
Event: 7504.997 Thread 0x000001dcfd2cbce0 flushing  nmethod 0x000001dc803b6d10
Event: 7504.997 Thread 0x000001dcfd2cbce0 flushing  nmethod 0x000001dc80622690
Event: 7504.997 Thread 0x000001dcfd2cbce0 flushing  nmethod 0x000001dc80c2e610
Event: 7504.997 Thread 0x000001dcfd2cbce0 flushing  nmethod 0x000001dc80c73710
Event: 7504.997 Thread 0x000001dcfd2cbce0 flushing  nmethod 0x000001dc80d13c10
Event: 7504.997 Thread 0x000001dcfd2cbce0 flushing  nmethod 0x000001dc80d6b690
Event: 7504.997 Thread 0x000001dcfd2cbce0 flushing  nmethod 0x000001dc80fbaa90
Event: 7504.997 Thread 0x000001dcfd2cbce0 flushing  nmethod 0x000001dc811cb390
Event: 7504.997 Thread 0x000001dcfd2cbce0 flushing  nmethod 0x000001dc817d3690
Event: 7504.997 Thread 0x000001dcfd2cbce0 flushing  nmethod 0x000001dc81880390
Event: 7504.997 Thread 0x000001dcfd2cbce0 flushing  nmethod 0x000001dc81d7db90
Event: 7504.997 Thread 0x000001dcfd2cbce0 flushing  nmethod 0x000001dc81f0bd10
Event: 7504.997 Thread 0x000001dcfd2cbce0 flushing  nmethod 0x000001dc8232d910
Event: 7504.997 Thread 0x000001dcfd2cbce0 flushing  nmethod 0x000001dc82894090
Event: 7504.997 Thread 0x000001dcfd2cbce0 flushing  nmethod 0x000001dc82bc9a90
Event: 7504.997 Thread 0x000001dcfd2cbce0 flushing  nmethod 0x000001dc82bca310
Event: 7504.997 Thread 0x000001dcfd2cbce0 flushing  nmethod 0x000001dc82c6a290
Event: 7504.997 Thread 0x000001dcfd2cbce0 flushing  nmethod 0x000001dc82d6ff90
Event: 7504.997 Thread 0x000001dcfd2cbce0 flushing  nmethod 0x000001dc8332b010

Events (20 events):
Event: 7469.110 Thread 0x000001dcab8d7cb0 Thread added: 0x000001dcab8e3470
Event: 7469.396 Thread 0x000001dc97277ad0 Thread exited: 0x000001dc97277ad0
Event: 7471.548 Thread 0x000001dcab8d7cb0 Thread added: 0x000001dcab8e0d10
Event: 7471.553 Thread 0x000001dcab8e3470 Thread added: 0x000001dcab8e3b00
Event: 7486.524 Thread 0x000001dc948f2a40 Thread added: 0x000001dcab8e4190
Event: 7486.934 Thread 0x000001dc948f2a40 Thread added: 0x000001dcab8df2d0
Event: 7486.940 Thread 0x000001dc948f2a40 Thread added: 0x000001dcab8e96e0
Event: 7486.945 Thread 0x000001dc948f2a40 Thread added: 0x000001dcab8e4eb0
Event: 7486.949 Thread 0x000001dc948f2a40 Thread added: 0x000001dcab8e7610
Event: 7489.405 Thread 0x000001dcab8f6250 Thread exited: 0x000001dcab8f6250
Event: 7501.768 Thread 0x000001dcfd3354d0 Thread added: 0x000001dc9d7ed860
Event: 7502.027 Thread 0x000001dcab8e3b00 Thread exited: 0x000001dcab8e3b00
Event: 7502.034 Thread 0x000001dcab8d7cb0 Thread added: 0x000001dcab8e5bd0
Event: 7502.034 Thread 0x000001dcab8d7cb0 Thread added: 0x000001dcab8e6260
Event: 7502.034 Thread 0x000001dcab8d7cb0 Thread added: 0x000001dcab8e68f0
Event: 7502.039 Thread 0x000001dcab8e2750 Thread exited: 0x000001dcab8e2750
Event: 7503.772 Thread 0x000001dc9d7ed860 Thread exited: 0x000001dc9d7ed860
Event: 7504.456 Thread 0x000001dcfd3354d0 Thread added: 0x000001dc9d7f0ee0
Event: 7504.868 Thread 0x000001dc9d7f0ee0 Thread exited: 0x000001dc9d7f0ee0
Event: 7505.656 Thread 0x000001dcfd3354d0 Thread added: 0x000001dc9d7ed860


Dynamic libraries:
0x00007ff721f30000 - 0x00007ff721f3a000 	D:\User\Android Studio\jbr\bin\java.exe
0x00007ffaa2250000 - 0x00007ffaa2448000 	C:\WINDOWS\SYSTEM32\ntdll.dll
0x00007ffaa1ea0000 - 0x00007ffaa1f62000 	C:\WINDOWS\System32\KERNEL32.DLL
0x00007ffa9fa40000 - 0x00007ffa9fd36000 	C:\WINDOWS\System32\KERNELBASE.dll
0x00007ffaa0170000 - 0x00007ffaa0270000 	C:\WINDOWS\System32\ucrtbase.dll
0x00007ffa9a210000 - 0x00007ffa9a22b000 	D:\User\Android Studio\jbr\bin\VCRUNTIME140.dll
0x00007ffa983f0000 - 0x00007ffa98408000 	D:\User\Android Studio\jbr\bin\jli.dll
0x00007ffa86b80000 - 0x00007ffa86e1a000 	C:\WINDOWS\WinSxS\amd64_microsoft.windows.common-controls_6595b64144ccf1df_6.0.19041.4355_none_60b8b9eb71f62e16\COMCTL32.dll
0x00007ffaa0690000 - 0x00007ffaa082d000 	C:\WINDOWS\System32\USER32.dll
0x00007ffaa2170000 - 0x00007ffaa220e000 	C:\WINDOWS\System32\msvcrt.dll
0x00007ffaa1370000 - 0x00007ffaa139b000 	C:\WINDOWS\System32\GDI32.dll
0x00007ffa9fd40000 - 0x00007ffa9fd62000 	C:\WINDOWS\System32\win32u.dll
0x00007ffaa0050000 - 0x00007ffaa016a000 	C:\WINDOWS\System32\gdi32full.dll
0x00007ffa9fd70000 - 0x00007ffa9fe0d000 	C:\WINDOWS\System32\msvcp_win.dll
0x00007ffaa0470000 - 0x00007ffaa049f000 	C:\WINDOWS\System32\IMM32.DLL
0x00007ffa9be50000 - 0x00007ffa9be5c000 	D:\User\Android Studio\jbr\bin\vcruntime140_1.dll
0x00007ffa6dc40000 - 0x00007ffa6dccd000 	D:\User\Android Studio\jbr\bin\msvcp140.dll
0x00007ffa32980000 - 0x00007ffa3360a000 	D:\User\Android Studio\jbr\bin\server\jvm.dll
0x00007ffaa17f0000 - 0x00007ffaa189f000 	C:\WINDOWS\System32\ADVAPI32.dll
0x00007ffaa08b0000 - 0x00007ffaa094f000 	C:\WINDOWS\System32\sechost.dll
0x00007ffaa0560000 - 0x00007ffaa0683000 	C:\WINDOWS\System32\RPCRT4.dll
0x00007ffaa0020000 - 0x00007ffaa0047000 	C:\WINDOWS\System32\bcrypt.dll
0x00007ffaa1300000 - 0x00007ffaa136b000 	C:\WINDOWS\System32\WS2_32.dll
0x00007ffa9f740000 - 0x00007ffa9f78b000 	C:\WINDOWS\SYSTEM32\POWRPROF.dll
0x00007ffa97db0000 - 0x00007ffa97dba000 	C:\WINDOWS\SYSTEM32\VERSION.dll
0x00007ffa86480000 - 0x00007ffa864a7000 	C:\WINDOWS\SYSTEM32\WINMM.dll
0x00007ffa9f720000 - 0x00007ffa9f732000 	C:\WINDOWS\SYSTEM32\UMPDC.dll
0x00007ffa9e130000 - 0x00007ffa9e142000 	C:\WINDOWS\SYSTEM32\kernel.appcore.dll
0x00007ffa9a160000 - 0x00007ffa9a16a000 	D:\User\Android Studio\jbr\bin\jimage.dll
0x00007ffa9d660000 - 0x00007ffa9d844000 	C:\WINDOWS\SYSTEM32\DBGHELP.DLL
0x00007ffa86330000 - 0x00007ffa86364000 	C:\WINDOWS\SYSTEM32\dbgcore.DLL
0x00007ffa9f960000 - 0x00007ffa9f9e2000 	C:\WINDOWS\System32\bcryptPrimitives.dll
0x00007ffa99180000 - 0x00007ffa9918e000 	D:\User\Android Studio\jbr\bin\instrument.dll
0x00007ffa99ba0000 - 0x00007ffa99bc0000 	D:\User\Android Studio\jbr\bin\java.dll
0x00007ffa98510000 - 0x00007ffa98528000 	D:\User\Android Studio\jbr\bin\zip.dll
0x00007ffaa09e0000 - 0x00007ffaa114f000 	C:\WINDOWS\System32\SHELL32.dll
0x00007ffa9d940000 - 0x00007ffa9e0e3000 	C:\WINDOWS\SYSTEM32\windows.storage.dll
0x00007ffaa13a0000 - 0x00007ffaa16f5000 	C:\WINDOWS\System32\combase.dll
0x00007ffa9f240000 - 0x00007ffa9f26b000 	C:\WINDOWS\SYSTEM32\Wldp.dll
0x00007ffaa20a0000 - 0x00007ffaa216d000 	C:\WINDOWS\System32\OLEAUT32.dll
0x00007ffaa04b0000 - 0x00007ffaa055d000 	C:\WINDOWS\System32\SHCORE.dll
0x00007ffaa1700000 - 0x00007ffaa1755000 	C:\WINDOWS\System32\shlwapi.dll
0x00007ffa9f810000 - 0x00007ffa9f835000 	C:\WINDOWS\SYSTEM32\profapi.dll
0x00007ffa9a150000 - 0x00007ffa9a160000 	D:\User\Android Studio\jbr\bin\net.dll
0x00007ffa8f5c0000 - 0x00007ffa8f6ca000 	C:\WINDOWS\SYSTEM32\WINHTTP.dll
0x00007ffa9efa0000 - 0x00007ffa9f00c000 	C:\WINDOWS\system32\mswsock.dll
0x00007ffa98490000 - 0x00007ffa984a6000 	D:\User\Android Studio\jbr\bin\nio.dll
0x00007ffa99b70000 - 0x00007ffa99b80000 	D:\User\Android Studio\jbr\bin\verify.dll
0x00007ffa8b610000 - 0x00007ffa8b637000 	D:\User\Android Studio\jbr\native\c067742578af261105cb4f569cf0c3c89f3d7b1fecec35dd04571415982c5e48\windows-amd64\native-platform.dll
0x00007ffa6daf0000 - 0x00007ffa6dc34000 	D:\User\Android Studio\jbr\native\100fb08df4bc3b14c8652ba06237920a3bd2aa13389f12d3474272988ae205f9\windows-amd64\native-platform-file-events.dll
0x00007ffa99da0000 - 0x00007ffa99da9000 	D:\User\Android Studio\jbr\bin\management.dll
0x00007ffa99d80000 - 0x00007ffa99d8b000 	D:\User\Android Studio\jbr\bin\management_ext.dll
0x00007ffaa04a0000 - 0x00007ffaa04a8000 	C:\WINDOWS\System32\PSAPI.DLL
0x00007ffa9f190000 - 0x00007ffa9f1a8000 	C:\WINDOWS\SYSTEM32\CRYPTSP.dll
0x00007ffa9e8c0000 - 0x00007ffa9e8f8000 	C:\WINDOWS\system32\rsaenh.dll
0x00007ffa9f7d0000 - 0x00007ffa9f7fe000 	C:\WINDOWS\SYSTEM32\USERENV.dll
0x00007ffa9f1b0000 - 0x00007ffa9f1bc000 	C:\WINDOWS\SYSTEM32\CRYPTBASE.dll
0x00007ffa9ec80000 - 0x00007ffa9ecbb000 	C:\WINDOWS\SYSTEM32\IPHLPAPI.DLL
0x00007ffaa0460000 - 0x00007ffaa0468000 	C:\WINDOWS\System32\NSI.dll
0x00007ffa99ff0000 - 0x00007ffa99ff9000 	D:\User\Android Studio\jbr\bin\extnet.dll
0x00007ffa86450000 - 0x00007ffa86457000 	C:\WINDOWS\system32\wshunix.dll
0x00007ffa9eb10000 - 0x00007ffa9eb43000 	C:\WINDOWS\SYSTEM32\ntmarta.dll
0x00007ffa99dc0000 - 0x00007ffa99dc7000 	D:\User\Android Studio\jbr\bin\rmi.dll

dbghelp: loaded successfully - version: 4.0.5 - missing functions: none
symbol engine: initialized successfully - sym options: 0x614 - pdb path: .;D:\User\Android Studio\jbr\bin;C:\WINDOWS\SYSTEM32;C:\WINDOWS\WinSxS\amd64_microsoft.windows.common-controls_6595b64144ccf1df_6.0.19041.4355_none_60b8b9eb71f62e16;D:\User\Android Studio\jbr\bin\server;D:\User\Android Studio\jbr\native\c067742578af261105cb4f569cf0c3c89f3d7b1fecec35dd04571415982c5e48\windows-amd64;D:\User\Android Studio\jbr\native\100fb08df4bc3b14c8652ba06237920a3bd2aa13389f12d3474272988ae205f9\windows-amd64

VM Arguments:
jvm_args: --add-opens=java.base/java.lang=ALL-UNNAMED --add-opens=java.base/java.lang.invoke=ALL-UNNAMED --add-opens=java.base/java.util=ALL-UNNAMED --add-opens=java.prefs/java.util.prefs=ALL-UNNAMED --add-exports=jdk.compiler/com.sun.tools.javac.api=ALL-UNNAMED --add-exports=jdk.compiler/com.sun.tools.javac.util=ALL-UNNAMED --add-opens=java.base/java.util=ALL-UNNAMED --add-opens=java.prefs/java.util.prefs=ALL-UNNAMED --add-opens=java.base/java.nio.charset=ALL-UNNAMED --add-opens=java.base/java.net=ALL-UNNAMED --add-opens=java.base/java.util.concurrent.atomic=ALL-UNNAMED --add-opens=java.xml/javax.xml.namespace=ALL-UNNAMED -Xmx2048m -Dfile.encoding=UTF-8 -Duser.country=US -Duser.language=en -Duser.variant -javaagent:D:\User\Android Studio\jbr\wrapper\dists\gradle-8.11.1-bin\bpt9gzteqjrbo1mjrsomdt32c\gradle-8.11.1\lib\agents\gradle-instrumentation-agent-8.11.1.jar 
java_command: org.gradle.launcher.daemon.bootstrap.GradleDaemon 8.11.1
java_class_path (initial): D:\User\Android Studio\jbr\wrapper\dists\gradle-8.11.1-bin\bpt9gzteqjrbo1mjrsomdt32c\gradle-8.11.1\lib\gradle-daemon-main-8.11.1.jar
Launcher Type: SUN_STANDARD

[Global flags]
     intx CICompilerCount                          = 3                                         {product} {ergonomic}
     uint ConcGCThreads                            = 1                                         {product} {ergonomic}
     uint G1ConcRefinementThreads                  = 4                                         {product} {ergonomic}
   size_t G1HeapRegionSize                         = 1048576                                   {product} {ergonomic}
    uintx GCDrainStackTargetSize                   = 64                                        {product} {ergonomic}
   size_t InitialHeapSize                          = 197132288                                 {product} {ergonomic}
   size_t MarkStackSize                            = 4194304                                   {product} {ergonomic}
   size_t MaxHeapSize                              = 2147483648                                {product} {command line}
   size_t MaxNewSize                               = 1287651328                                {product} {ergonomic}
   size_t MinHeapDeltaBytes                        = 1048576                                   {product} {ergonomic}
   size_t MinHeapSize                              = 8388608                                   {product} {ergonomic}
    uintx NonNMethodCodeHeapSize                   = 5832780                                {pd product} {ergonomic}
    uintx NonProfiledCodeHeapSize                  = 122912730                              {pd product} {ergonomic}
    uintx ProfiledCodeHeapSize                     = 122912730                              {pd product} {ergonomic}
    uintx ReservedCodeCacheSize                    = 251658240                              {pd product} {ergonomic}
     bool SegmentedCodeCache                       = true                                      {product} {ergonomic}
   size_t SoftMaxHeapSize                          = 2147483648                             {manageable} {ergonomic}
     bool UseCompressedOops                        = true                           {product lp64_product} {ergonomic}
     bool UseG1GC                                  = true                                      {product} {ergonomic}
     bool UseLargePagesIndividualAllocation        = false                                  {pd product} {ergonomic}

Logging:
Log output configuration:
 #0: stdout all=warning uptime,level,tags foldmultilines=false
 #1: stderr all=off uptime,level,tags foldmultilines=false

Environment Variables:
JAVA_HOME=C:\Program Files\Microsoft\jdk-17.0.13.11-hotspot\
PATH=D:\VMware\bin\;C:\Program Files\Microsoft\jdk-17.0.13.11-hotspot\bin;C:\Python313\Scripts\;C:\Python313\;C:\Program Files\Common Files\Oracle\Java\javapath;C:\mingw64\bin;C:\WINDOWS\system32;C:\WINDOWS;C:\WINDOWS\System32\Wbem;C:\WINDOWS\System32\WindowsPowerShell\v1.0\;C:\Users\thamb\.jdks\corretto-17.0.9\bin;C:\Users\thamb\AppData\Local\Android\Sdk\platform-tools;C:\Users\thamb\AppData\Local\Android\Sdk\emulator;C:\Program Files\dotnet\;C:\Users\thamb\.m2\repository\com\mysql\mysql-connector-j;C:\Program Files\Microsoft\jdk-17.0.13.11-hotspot\\bin;C:\ProgramData\chocolatey\bin;D:\User\Git\cmd;D:\Node\;C:\Program Files (x86)\Microsoft SQL Server\160\Tools\Binn\;C:\Program Files\Microsoft SQL Server\160\Tools\Binn\;C:\Program Files\Microsoft SQL Server\Client SDK\ODBC\170\Tools\Binn\;C:\Program Files\Microsoft SQL Server\160\DTS\Binn\;D:\User\Scripts\;D:\User\;C:\mingw64\bin;C:\Users\thamb\Downloads\Microsoft VS Code\bin;C:\Program Files\JetBrains\IntelliJ IDEA 2023.2.3\bin;;C:\Program Files\JetBrains\IntelliJ IDEA Community Edition 2023.2.5\bin;;D:\Downloads\PyCharm Community Edition 2024.2\bin;;;D:\User\google-cloud-sdk\bin;C:\Users\thamb\AppData\Roaming\npm;D:\User\cursor\resources\app\bin
USERNAME=thamb
OS=Windows_NT
PROCESSOR_IDENTIFIER=Intel64 Family 6 Model 126 Stepping 5, GenuineIntel
TMP=C:\Users\thamb\AppData\Local\Temp
TEMP=C:\Users\thamb\AppData\Local\Temp




Periodic native trim disabled

JNI global refs:
JNI global refs: 30, weak refs: 19

JNI global refs memory usage: 835, weak refs: 833

Process memory usage:
Resident Set Size: 1089836K (8% of 12259512K total physical memory with 396888K free physical memory)

OOME stack traces (most recent first):
Classloader memory used:
Loader org.gradle.internal.classloader.VisitableURLClassLoader$InstrumentingVisitableURLClassLoader: 78655K
Loader org.gradle.internal.classloader.VisitableURLClassLoader                         : 49500K
Loader java.net.URLClassLoader                                                         : 36720K
Loader bootstrap                                                                       : 34668K
Loader org.gradle.initialization.MixInLegacyTypesClassLoader                           : 13884K
Loader jdk.internal.loader.ClassLoaders$AppClassLoader                                 : 11158K
Loader jdk.internal.loader.ClassLoaders$PlatformClassLoader                            : 928K
Loader jdk.internal.reflect.DelegatingClassLoader                                      : 898K
Loader org.gradle.internal.classloader.VisitableURLClassLoader                         : 381K
Loader jdk.internal.jrtfs.JrtFileSystemProvider$JrtFsLoader                            : 281K
Loader sun.reflect.misc.MethodUtil                                                     : 2952B

Classes loaded by more than one classloader:
Class kotlin.LazyKt                                                                   : loaded 7 times (x 67B)
Class kotlin.UNINITIALIZED_VALUE                                                      : loaded 7 times (x 67B)
Class kotlin.KotlinNullPointerException                                               : loaded 7 times (x 79B)
Class kotlin.Lazy                                                                     : loaded 7 times (x 66B)
Class kotlin.NoWhenBranchMatchedException                                             : loaded 7 times (x 78B)
Class kotlin.jvm.internal.Intrinsics                                                  : loaded 7 times (x 67B)
Class kotlin.Function                                                                 : loaded 7 times (x 66B)
Class kotlin.LazyKt__LazyKt                                                           : loaded 7 times (x 67B)
Class kotlin.LazyKt__LazyJVMKt                                                        : loaded 7 times (x 67B)
Class kotlin.jvm.functions.Function1                                                  : loaded 7 times (x 66B)
Class kotlin.jvm.functions.Function0                                                  : loaded 7 times (x 66B)
Class kotlin.SynchronizedLazyImpl                                                     : loaded 7 times (x 72B)
Class kotlin.UninitializedPropertyAccessException                                     : loaded 7 times (x 78B)
Class kotlin.sequences.Sequence                                                       : loaded 6 times (x 66B)
Class kotlin.collections.CollectionsKt                                                : loaded 6 times (x 67B)
Class kotlin.NotImplementedError                                                      : loaded 6 times (x 78B)
Class kotlin.text.StringsKt__StringsKt                                                : loaded 6 times (x 67B)
Class kotlin.collections.CollectionsKt___CollectionsJvmKt                             : loaded 6 times (x 67B)
Class kotlin.Unit                                                                     : loaded 6 times (x 67B)
Class kotlin.sequences.SequencesKt___SequencesJvmKt                                   : loaded 6 times (x 67B)
Class kotlin.sequences.SequencesKt__SequenceBuilderKt                                 : loaded 6 times (x 67B)
Class kotlin.TuplesKt                                                                 : loaded 6 times (x 67B)
Class kotlin.ranges.RangesKt                                                          : loaded 6 times (x 67B)
Class kotlin.sequences.SequencesKt__SequencesJVMKt                                    : loaded 6 times (x 67B)
Class kotlin.enums.EnumEntries                                                        : loaded 6 times (x 66B)
Class kotlin.collections.AbstractList                                                 : loaded 6 times (x 193B)
Class kotlin.text.StringsKt__RegexExtensionsJVMKt                                     : loaded 6 times (x 67B)
Class kotlin.collections.ArraysKt___ArraysJvmKt                                       : loaded 6 times (x 67B)
Class kotlin.collections.CollectionsKt__CollectionsKt                                 : loaded 6 times (x 67B)
Class kotlin.text.StringsKt__AppendableKt                                             : loaded 6 times (x 67B)
Class kotlin.text.StringsKt__StringNumberConversionsKt                                : loaded 6 times (x 67B)
Class kotlin.collections.MapsKt___MapsJvmKt                                           : loaded 6 times (x 67B)
Class kotlin.text.StringsKt__StringNumberConversionsJVMKt                             : loaded 6 times (x 67B)
Class kotlin.text.StringsKt                                                           : loaded 6 times (x 67B)
Class kotlin.collections.CollectionsKt___CollectionsKt                                : loaded 6 times (x 67B)
Class kotlin.text.StringsKt___StringsJvmKt                                            : loaded 6 times (x 67B)
Class kotlin.collections.CollectionsKt__IteratorsKt                                   : loaded 6 times (x 67B)
Class kotlin.collections.ArraysKt__ArraysKt                                           : loaded 6 times (x 67B)
Class kotlin.jvm.internal.markers.KMappedMarker                                       : loaded 6 times (x 66B)
Class kotlin.ranges.RangesKt__RangesKt                                                : loaded 6 times (x 67B)
Class kotlin.jvm.internal.FunctionBase                                                : loaded 6 times (x 66B)
Class kotlin.collections.CollectionsKt__ReversedViewsKt                               : loaded 6 times (x 67B)
Class kotlin.collections.SetsKt__SetsJVMKt                                            : loaded 6 times (x 67B)
Class kotlin.collections.ArraysKt___ArraysKt                                          : loaded 6 times (x 67B)
Class kotlin.collections.MapsKt___MapsKt                                              : loaded 6 times (x 67B)
Class kotlin.collections.MapsKt__MapWithDefaultKt                                     : loaded 6 times (x 67B)
Class kotlin.sequences.SequencesKt                                                    : loaded 6 times (x 67B)
Class kotlin.collections.CollectionsKt__CollectionsJVMKt                              : loaded 6 times (x 67B)
Class kotlin.collections.AbstractList$Companion                                       : loaded 6 times (x 67B)
Class kotlin.enums.EnumEntriesKt                                                      : loaded 6 times (x 67B)
Class kotlin.collections.CollectionsKt__MutableCollectionsKt                          : loaded 6 times (x 67B)
Class kotlin.enums.EnumEntriesList                                                    : loaded 6 times (x 219B)
Class kotlin.text.StringsKt___StringsKt                                               : loaded 6 times (x 67B)
Class kotlin.collections.CollectionsKt__MutableCollectionsJVMKt                       : loaded 6 times (x 67B)
Class kotlin.sequences.SequencesKt___SequencesKt                                      : loaded 6 times (x 67B)
Class kotlin.collections.MapsKt__MapsJVMKt                                            : loaded 6 times (x 67B)
Class kotlin.sequences.SequencesKt__SequencesKt                                       : loaded 6 times (x 67B)
Class kotlin.collections.CollectionsKt__IteratorsJVMKt                                : loaded 6 times (x 67B)
Class kotlin.text.StringsKt__StringBuilderJVMKt                                       : loaded 6 times (x 67B)
Class kotlin.collections.MapsKt                                                       : loaded 6 times (x 67B)
Class kotlin.collections.EmptyList                                                    : loaded 6 times (x 170B)
Class kotlin.text.StringsKt__StringBuilderKt                                          : loaded 6 times (x 67B)
Class kotlin.collections.CollectionsKt__IterablesKt                                   : loaded 6 times (x 67B)
Class kotlin.collections.SetsKt___SetsKt                                              : loaded 6 times (x 67B)
Class kotlin.text.StringsKt__RegexExtensionsKt                                        : loaded 6 times (x 67B)
Class kotlin.collections.ArraysKt__ArraysJVMKt                                        : loaded 6 times (x 67B)
Class kotlin.collections.MapsKt__MapsKt                                               : loaded 6 times (x 67B)
Class kotlin.ranges.RangesKt___RangesKt                                               : loaded 6 times (x 67B)
Class kotlin.text.StringsKt__IndentKt                                                 : loaded 6 times (x 67B)
Class kotlin.collections.ArraysKt                                                     : loaded 6 times (x 67B)
Class kotlin.collections.AbstractCollection                                           : loaded 6 times (x 113B)
Class kotlin.Pair                                                                     : loaded 6 times (x 68B)
Class kotlin.collections.SetsKt__SetsKt                                               : loaded 6 times (x 67B)
Class kotlin.collections.SetsKt                                                       : loaded 6 times (x 67B)
Class kotlin.text.StringsKt__StringsJVMKt                                             : loaded 6 times (x 67B)
Class com.google.common.base.CharMatcher                                              : loaded 5 times (x 107B)
Class com.google.common.collect.ImmutableSetMultimap                                  : loaded 5 times (x 176B)
Class com.google.common.collect.ImmutableList$Builder                                 : loaded 5 times (x 73B)
Class com.google.common.base.Joiner$1                                                 : loaded 5 times (x 76B)
Class com.google.common.base.Ascii                                                    : loaded 5 times (x 67B)
Class com.google.common.collect.RegularImmutableMap                                   : loaded 5 times (x 117B)
Class com.google.common.collect.PeekingIterator                                       : loaded 5 times (x 66B)
Class com.google.common.collect.ImmutableMap$MapViewOfValuesAsSingletonSets           : loaded 5 times (x 122B)
Class com.google.common.collect.AbstractMapEntry                                      : loaded 5 times (x 77B)
Class com.google.common.collect.Maps$IteratorBasedAbstractMap                         : loaded 5 times (x 121B)
Class com.google.common.collect.SingletonImmutableBiMap                               : loaded 5 times (x 139B)
Class com.google.common.collect.SingletonImmutableList                                : loaded 5 times (x 203B)
Class com.google.common.base.Joiner$2                                                 : loaded 5 times (x 75B)
Class com.google.common.base.CharMatcher$1                                            : loaded 5 times (x 109B)
Class kotlin.text.CharsKt__CharKt                                                     : loaded 5 times (x 67B)
Class Program                                                                         : loaded 5 times (x 68B)
Class com.google.common.base.Preconditions                                            : loaded 5 times (x 67B)
Class com.google.common.collect.Hashing                                               : loaded 5 times (x 67B)
Class com.google.common.base.Equivalence$Equals                                       : loaded 5 times (x 78B)
Class com.google.common.collect.UnmodifiableIterator                                  : loaded 5 times (x 76B)
Class com.google.common.collect.ImmutableList$1                                       : loaded 5 times (x 93B)
Class com.google.common.collect.RegularImmutableBiMap                                 : loaded 5 times (x 145B)
Class com.google.common.base.CharMatcher$Negated                                      : loaded 5 times (x 109B)
Class com.google.common.base.CharMatcher$Is                                           : loaded 5 times (x 107B)
Class com.google.common.collect.Platform                                              : loaded 5 times (x 67B)
Class kotlin.reflect.KFunction                                                        : loaded 5 times (x 66B)
Class com.google.common.collect.ImmutableList$ReverseImmutableList                    : loaded 5 times (x 205B)
Class kotlin.jvm.internal.Lambda                                                      : loaded 5 times (x 71B)
Class com.google.common.collect.UnmodifiableListIterator                              : loaded 5 times (x 91B)
Class com.google.common.base.CharMatcher$NamedFastMatcher                             : loaded 5 times (x 108B)
Class com.google.common.collect.Iterators$1                                           : loaded 5 times (x 77B)
Class com.google.common.collect.AbstractSetMultimap                                   : loaded 5 times (x 170B)
Class com.google.common.collect.Multimap                                              : loaded 5 times (x 66B)
Class kotlin.jvm.internal.CallableReference$NoReceiver                                : loaded 5 times (x 67B)
Class com.google.common.collect.Sets$ImprovedAbstractSet                              : loaded 5 times (x 131B)
Class com.google.common.base.Suppliers$NonSerializableMemoizingSupplier               : loaded 5 times (x 75B)
Class com.google.common.collect.RegularImmutableMap$BucketOverflowException           : loaded 5 times (x 78B)
Class kotlin.Metadata                                                                 : loaded 5 times (x 66B)
Class com.google.common.collect.ImmutableMap$IteratorBasedImmutableMap                : loaded 5 times (x 122B)
Class com.google.common.collect.SingletonImmutableSet                                 : loaded 5 times (x 142B)
Class com.google.common.collect.Multimaps                                             : loaded 5 times (x 67B)
Class kotlin.collections.EmptyMap                                                     : loaded 5 times (x 105B)
Class kotlin.reflect.KAnnotatedElement                                                : loaded 5 times (x 66B)
Class com.google.common.collect.SortedIterable                                        : loaded 5 times (x 66B)
Class com.google.common.collect.ImmutableBiMap                                        : loaded 5 times (x 139B)
Class com.google.common.collect.AbstractListMultimap                                  : loaded 5 times (x 168B)
Class com.google.common.collect.Iterators$4                                           : loaded 5 times (x 78B)
Class com.google.common.collect.ImmutableMapEntrySet$RegularEntrySet                  : loaded 5 times (x 148B)
Class com.google.common.base.Suppliers                                                : loaded 5 times (x 67B)
Class com.google.common.collect.ImmutableEnumSet                                      : loaded 5 times (x 142B)
Class com.google.common.collect.ImmutableSet$RegularSetBuilderImpl                    : loaded 5 times (x 73B)
Class com.google.common.base.Joiner                                                   : loaded 5 times (x 75B)
Class com.google.common.collect.Iterators$5                                           : loaded 5 times (x 78B)
Class com.google.common.collect.ImmutableSet$JdkBackedSetBuilderImpl                  : loaded 5 times (x 72B)
Class com.google.common.collect.Iterators$6                                           : loaded 5 times (x 77B)
Class com.google.common.collect.ImmutableMapKeySet                                    : loaded 5 times (x 148B)
Class com.google.common.primitives.IntsMethodsForWeb                                  : loaded 5 times (x 67B)
Class com.google.common.collect.ImmutableCollection$Builder                           : loaded 5 times (x 72B)
Class com.google.common.collect.Iterators$ArrayItr                                    : loaded 5 times (x 93B)
Class com.google.common.base.CharMatcher$ForPredicate                                 : loaded 5 times (x 108B)
Class com.google.common.collect.Maps$BiMapConverter                                   : loaded 5 times (x 86B)
Class com.google.common.collect.AbstractMultimap                                      : loaded 5 times (x 119B)
Class com.google.common.base.CharMatcher$InRange                                      : loaded 5 times (x 107B)
Class com.google.common.base.CharMatcher$AnyOf                                        : loaded 5 times (x 108B)
Class com.google.common.collect.SetMultimap                                           : loaded 5 times (x 66B)
Class kotlin.jvm.internal.FunctionReference                                           : loaded 5 times (x 118B)
Class com.google.common.collect.ImmutableCollection                                   : loaded 5 times (x 121B)
Class com.google.common.collect.ImmutableSet$Builder                                  : loaded 5 times (x 81B)
Class com.google.common.base.Present                                                  : loaded 5 times (x 77B)
Class com.google.common.collect.ImmutableMap$Builder                                  : loaded 5 times (x 78B)
Class com.google.common.base.NullnessCasts                                            : loaded 5 times (x 67B)
Class com.google.common.collect.Lists                                                 : loaded 5 times (x 67B)
Class com.google.common.base.Converter                                                : loaded 5 times (x 86B)
Class com.google.common.collect.Maps$IteratorBasedAbstractMap$1                       : loaded 5 times (x 134B)
Class kotlin.reflect.KCallable                                                        : loaded 5 times (x 66B)
Class com.google.common.collect.ImmutableSet$CachingAsList                            : loaded 5 times (x 144B)
Class com.google.common.collect.RegularImmutableAsList                                : loaded 5 times (x 213B)
Class com.google.common.collect.SortedMapDifference                                   : loaded 5 times (x 66B)
Class com.google.common.collect.ImmutableMapEntrySet                                  : loaded 5 times (x 148B)
Class com.google.common.math.MathPreconditions                                        : loaded 5 times (x 67B)
Class com.google.common.base.FunctionalEquivalence                                    : loaded 5 times (x 79B)
Class com.google.common.collect.AbstractIndexedListIterator                           : loaded 5 times (x 92B)
Class com.google.common.base.Suppliers$MemoizingSupplier                              : loaded 5 times (x 75B)
Class com.google.common.collect.CollectPreconditions                                  : loaded 5 times (x 67B)
Class [Lcom.google.common.collect.ImmutableMapEntry;                                  : loaded 5 times (x 65B)
Class kotlin.annotation.Retention                                                     : loaded 5 times (x 66B)
Class kotlin.reflect.KDeclarationContainer                                            : loaded 5 times (x 66B)
Class com.google.common.collect.AbstractMapBasedMultimap                              : loaded 5 times (x 135B)
Class com.google.common.collect.ObjectArrays                                          : loaded 5 times (x 67B)
Class com.google.common.collect.ArrayListMultimap                                     : loaded 5 times (x 168B)
Class com.google.common.collect.Iterators$9                                           : loaded 5 times (x 77B)
Class kotlin.collections.EmptySet                                                     : loaded 5 times (x 118B)
Class kotlin.annotation.Target                                                        : loaded 5 times (x 66B)
Class com.google.common.collect.ImmutableAsList                                       : loaded 5 times (x 205B)
Class com.google.common.collect.ArrayListMultimapGwtSerializationDependencies         : loaded 5 times (x 168B)
Class com.google.common.collect.ImmutableEntry                                        : loaded 5 times (x 78B)
Class com.google.common.collect.ImmutableSet$EmptySetBuilderImpl                      : loaded 5 times (x 72B)
Class kotlin._Assertions                                                              : loaded 5 times (x 67B)
Class [Lcom.google.common.collect.AbstractMapEntry;                                   : loaded 5 times (x 65B)
Class com.google.common.collect.Maps$EntryTransformer                                 : loaded 5 times (x 66B)
Class com.google.common.collect.ImmutableList                                         : loaded 5 times (x 202B)
Class com.google.common.collect.Multiset                                              : loaded 5 times (x 66B)
Class com.google.common.base.CharMatcher$NegatedFastMatcher                           : loaded 5 times (x 109B)
Class com.google.common.collect.ImmutableSortedSet                                    : loaded 5 times (x 296B)
Class com.google.common.base.CharMatcher$IsNot                                        : loaded 5 times (x 107B)
Class com.google.common.collect.RegularImmutableSortedSet                             : loaded 5 times (x 296B)
Class com.google.common.collect.ImmutableMap                                          : loaded 5 times (x 116B)
Class com.google.common.collect.ImmutableEnumMap                                      : loaded 5 times (x 122B)
Class com.google.common.collect.ListMultimap                                          : loaded 5 times (x 66B)
Class com.google.common.base.CharMatcher$IsEither                                     : loaded 5 times (x 107B)
Class kotlin.jvm.functions.Function2                                                  : loaded 5 times (x 66B)
Class com.google.common.base.Predicate                                                : loaded 5 times (x 66B)
Class com.google.common.collect.Maps$EntrySet                                         : loaded 5 times (x 132B)
Class com.google.common.base.Optional                                                 : loaded 5 times (x 76B)
Class com.google.common.collect.Iterators                                             : loaded 5 times (x 67B)
Class com.google.common.collect.MapDifference                                         : loaded 5 times (x 66B)
Class kotlin.jvm.internal.CallableReference                                           : loaded 5 times (x 102B)
Class com.google.common.math.IntMath                                                  : loaded 5 times (x 67B)
Class com.google.common.base.CharMatcher$FastMatcher                                  : loaded 5 times (x 107B)
Class com.google.common.collect.Sets                                                  : loaded 5 times (x 67B)
Class com.google.common.collect.Sets$1                                                : loaded 5 times (x 135B)
Class com.google.common.collect.ImmutableMapEntry                                     : loaded 5 times (x 81B)
Class com.google.common.collect.ImmutableMapEntry$NonTerminalImmutableMapEntry        : loaded 5 times (x 81B)
Class com.google.common.collect.AbstractIterator                                      : loaded 5 times (x 78B)
Class kotlin.collections.ArraysUtilJVM                                                : loaded 5 times (x 67B)
Class com.google.common.collect.ImmutableMultimap                                     : loaded 5 times (x 143B)
Class com.google.common.base.Equivalence                                              : loaded 5 times (x 78B)
Class com.google.common.collect.ImmutableSet$SetBuilderImpl                           : loaded 5 times (x 72B)
Class com.google.common.base.Function                                                 : loaded 5 times (x 66B)
Class com.google.common.collect.TransformedIterator                                   : loaded 5 times (x 76B)
Class kotlin.text.CharsKt                                                             : loaded 5 times (x 67B)
Class com.google.common.base.Absent                                                   : loaded 5 times (x 76B)
Class com.google.common.base.Supplier                                                 : loaded 5 times (x 66B)
Class com.google.common.collect.IndexedImmutableSet$1                                 : loaded 5 times (x 209B)
Class com.google.common.collect.SortedSetMultimap                                     : loaded 5 times (x 66B)
Class com.google.common.base.CharMatcher$Or                                           : loaded 5 times (x 108B)
Class com.google.common.collect.RegularImmutableList                                  : loaded 5 times (x 209B)
Class kotlin.jvm.internal.DefaultConstructorMarker                                    : loaded 5 times (x 67B)
Class kotlin.collections.MapWithDefault                                               : loaded 5 times (x 66B)
Class com.google.common.collect.Maps                                                  : loaded 5 times (x 67B)
Class [Lcom.google.common.collect.ImmutableEntry;                                     : loaded 5 times (x 65B)
Class com.google.common.primitives.Ints                                               : loaded 5 times (x 67B)
Class com.google.common.collect.ImmutableList$SubList                                 : loaded 5 times (x 205B)
Class com.google.common.collect.Sets$3$1                                              : loaded 5 times (x 78B)
Class com.google.common.collect.BiMap                                                 : loaded 5 times (x 66B)
Class com.google.common.collect.Sets$2                                                : loaded 5 times (x 135B)
Class com.google.common.collect.ImmutableMap$1                                        : loaded 5 times (x 77B)
Class kotlin.collections.EmptyIterator                                                : loaded 5 times (x 85B)
Class com.google.common.collect.Lists$StringAsImmutableList                           : loaded 5 times (x 203B)
Class com.google.common.collect.ImmutableSet                                          : loaded 5 times (x 141B)
Class com.google.common.collect.IndexedImmutableSet                                   : loaded 5 times (x 148B)
Class com.google.common.base.Equivalence$Identity                                     : loaded 5 times (x 78B)
Class com.google.common.base.PairwiseEquivalence                                      : loaded 5 times (x 79B)
Class com.google.common.collect.Iterators$MergingIterator                             : loaded 5 times (x 77B)
Class com.google.common.base.CharMatcher$BitSetMatcher                                : loaded 5 times (x 108B)
Class com.google.common.collect.RegularImmutableMap$Values                            : loaded 5 times (x 203B)
Class com.google.common.collect.ImmutableBiMap$Builder                                : loaded 5 times (x 78B)
Class kotlin.text.CharsKt__CharJVMKt                                                  : loaded 5 times (x 67B)
Class com.google.common.collect.Sets$4                                                : loaded 5 times (x 135B)
Class com.google.common.collect.Maps$8                                                : loaded 5 times (x 78B)
Class com.google.common.collect.RegularImmutableSet                                   : loaded 5 times (x 145B)
Class com.google.common.collect.RegularImmutableMap$KeySet                            : loaded 5 times (x 148B)
Class com.google.common.math.IntMath$1                                                : loaded 5 times (x 67B)
Class com.google.common.collect.Sets$3                                                : loaded 5 times (x 135B)
Class com.google.common.collect.Sets$SetView                                          : loaded 5 times (x 134B)
Class com.google.common.collect.Iterables                                             : loaded 5 times (x 67B)
Class com.google.common.base.CharMatcher$And                                          : loaded 5 times (x 108B)
Class kotlin.jvm.KotlinReflectionNotSupportedError                                    : loaded 5 times (x 78B)
Class com.google.common.graph.SuccessorsFunction                                      : loaded 5 times (x 66B)
Class com.google.common.collect.BaseImmutableMultimap                                 : loaded 5 times (x 119B)
Class kotlin.coroutines.Continuation                                                  : loaded 4 times (x 66B)
Class kotlin.jvm.internal.ReflectionFactory                                           : loaded 4 times (x 87B)
Class [Lcom.squareup.javapoet.LineWrapper$FlushType;                                  : loaded 4 times (x 65B)
Class [Lkotlin.reflect.jvm.internal.impl.resolve.jvm.JvmPrimitiveType;                : loaded 4 times (x 65B)
Class kotlin.jvm.internal.ClassBasedDeclarationContainer                              : loaded 4 times (x 66B)
Class com.squareup.javapoet.LineWrapper$1                                             : loaded 4 times (x 67B)
Class kotlin.text.Regex                                                               : loaded 4 times (x 68B)
Class com.google.common.base.CaseFormat$2                                             : loaded 4 times (x 79B)
Class com.google.common.collect.Maps$9                                                : loaded 4 times (x 72B)
Class kotlin.sequences.SequencesKt__SequenceBuilderKt$sequence$$inlined$Sequence$1    : loaded 4 times (x 71B)
Class [Lcom.google.common.collect.LinkedHashMultimap$ValueEntry;                      : loaded 4 times (x 65B)
Class kotlin.Result$Companion                                                         : loaded 4 times (x 67B)
Class kotlin.coroutines.jvm.internal.BaseContinuationImpl                             : loaded 4 times (x 83B)
Class com.squareup.javapoet.TypeSpec                                                  : loaded 4 times (x 68B)
Class com.google.common.base.CaseFormat$3                                             : loaded 4 times (x 79B)
Class dagger.spi.internal.shaded.androidx.room.compiler.processing.XBasicAnnotationProcessor: loaded 4 times (x 66B)
Class kotlin.reflect.jvm.internal.impl.name.ClassId                                   : loaded 4 times (x 68B)
Class com.squareup.javapoet.JavaFile                                                  : loaded 4 times (x 68B)
Class com.google.common.collect.CompoundOrdering                                      : loaded 4 times (x 111B)
Class kotlin.coroutines.jvm.internal.RestrictedSuspendLambda                          : loaded 4 times (x 87B)
Class kotlin.reflect.KType                                                            : loaded 4 times (x 66B)
Class dagger.hilt.android.processor.internal.bindvalue.BindValueProcessingStep        : loaded 4 times (x 83B)
Class com.squareup.javapoet.ArrayTypeName                                             : loaded 4 times (x 77B)
Class kotlin.reflect.jvm.internal.ReflectProperties$Val$1                             : loaded 4 times (x 67B)
Class kotlin.jvm.internal.SpreadBuilder                                               : loaded 4 times (x 72B)
Class com.google.common.collect.CollectSpliterators                                   : loaded 4 times (x 67B)
Class com.google.common.base.CaseFormat$1                                             : loaded 4 times (x 79B)
Class kotlin.reflect.full.IllegalPropertyDelegateAccessException                      : loaded 4 times (x 78B)
Class kotlin.LazyThreadSafetyMode                                                     : loaded 4 times (x 75B)
Class dagger.hilt.android.processor.internal.bindvalue.BindValueProcessor             : loaded 4 times (x 96B)
Class kotlin.jvm.internal.PropertyReference2                                          : loaded 4 times (x 123B)
Class kotlin.jvm.internal.MutablePropertyReference                                    : loaded 4 times (x 115B)
Class kotlin.LazyKt__LazyJVMKt$WhenMappings                                           : loaded 4 times (x 67B)
Class kotlin.jvm.internal.markers.KMutableIterable                                    : loaded 4 times (x 66B)
Class com.google.common.collect.MultimapBuilder$ListMultimapBuilder                   : loaded 4 times (x 71B)
Class com.google.common.base.CaseFormat$4                                             : loaded 4 times (x 79B)
Class com.squareup.javapoet.TypeVariableName                                          : loaded 4 times (x 77B)
Class kotlin.annotation.AnnotationRetention                                           : loaded 4 times (x 75B)
Class com.google.common.collect.NaturalOrdering                                       : loaded 4 times (x 111B)
Class com.google.common.collect.LinkedHashMultimapGwtSerializationDependencies        : loaded 4 times (x 170B)
Class kotlin.jvm.internal.PropertyReference1                                          : loaded 4 times (x 123B)
Class com.google.common.collect.ImmutableMultisetGwtSerializationDependencies         : loaded 4 times (x 121B)
Class kotlin.reflect.full.IllegalCallableAccessException                              : loaded 4 times (x 78B)
Class kotlin.jvm.internal.PropertyReference0                                          : loaded 4 times (x 123B)
Class kotlin.reflect.jvm.internal.KDeclarationContainerImpl$Companion                 : loaded 4 times (x 67B)
Class kotlin.sequences.SequenceScope                                                  : loaded 4 times (x 69B)
Class com.google.common.collect.MultimapBuilder$SortedSetMultimapBuilder              : loaded 4 times (x 73B)
Class kotlin.jvm.internal.markers.KMutableListIterator                                : loaded 4 times (x 66B)
Class com.google.common.collect.AllEqualOrdering                                      : loaded 4 times (x 110B)
Class [Lkotlin.DeprecationLevel;                                                      : loaded 4 times (x 65B)
Class kotlin.reflect.jvm.internal.KClassImpl                                          : loaded 4 times (x 111B)
Class [Lkotlin.reflect.KCallable;                                                     : loaded 4 times (x 65B)
Class com.google.common.base.CaseFormat$5                                             : loaded 4 times (x 79B)
Class kotlin.reflect.KProperty$Accessor                                               : loaded 4 times (x 66B)
Class kotlin.reflect.jvm.internal.KCallableImpl                                       : loaded 4 times (x 101B)
Class com.squareup.javapoet.FieldSpec                                                 : loaded 4 times (x 68B)
Class kotlin.ranges.IntRange                                                          : loaded 4 times (x 89B)
Class kotlin.collections.AbstractMutableList                                          : loaded 4 times (x 202B)
Class kotlin.jvm.internal.markers.KMutableMap                                         : loaded 4 times (x 66B)
Class dagger.hilt.processor.internal.definecomponent.DefineComponentProcessingStep    : loaded 4 times (x 83B)
Class kotlin.reflect.KTypeParameter                                                   : loaded 4 times (x 66B)
Class com.google.common.collect.ComparatorOrdering                                    : loaded 4 times (x 111B)
Class com.squareup.javapoet.LineWrapper$FlushType                                     : loaded 4 times (x 75B)
Class dagger.spi.internal.shaded.androidx.room.compiler.processing.javac.JavacBasicAnnotationProcessor$2: loaded 4 times (x 75B)
Class com.google.common.collect.MultimapBuilder$SetMultimapBuilder                    : loaded 4 times (x 71B)
Class kotlin.jvm.internal.markers.KMutableIterator                                    : loaded 4 times (x 66B)
Class com.google.common.collect.ImmutableSortedSet$Builder                            : loaded 4 times (x 82B)
Class kotlin.collections.AbstractList$IteratorImpl                                    : loaded 4 times (x 78B)
Class dagger.internal.codegen.DelegateComponentProcessor                              : loaded 4 times (x 68B)
Class com.google.common.collect.LinkedHashMultimap$ValueEntry                         : loaded 4 times (x 85B)
Class dagger.spi.internal.shaded.androidx.room.compiler.processing.javac.JavacBasicAnnotationProcessor$xEnv$2: loaded 4 times (x 75B)
Class dagger.hilt.processor.internal.generatesrootinput.GeneratesRootInputProcessor   : loaded 4 times (x 96B)
Class dagger.hilt.processor.internal.root.RootProcessor                               : loaded 4 times (x 96B)
Class kotlin.reflect.jvm.internal.impl.builtins.PrimitiveType                         : loaded 4 times (x 75B)
Class dagger.spi.internal.shaded.androidx.room.compiler.processing.javac.JavacBasicAnnotationProcessor$commonDelegate$2: loaded 4 times (x 75B)
Class dagger.hilt.processor.internal.root.ComponentTreeDepsProcessingStep             : loaded 4 times (x 83B)
Class com.squareup.javapoet.LineWrapper                                               : loaded 4 times (x 68B)
Class kotlin.jvm.internal.MutablePropertyReference1Impl                               : loaded 4 times (x 133B)
Class kotlin.reflect.jvm.internal.impl.name.FqNameUnsafe$1                            : loaded 4 times (x 70B)
Class kotlin.reflect.jvm.internal.KDeclarationContainerImpl$Data                      : loaded 4 times (x 68B)
Class com.google.common.collect.CollectSpliterators$1WithCharacteristics              : loaded 4 times (x 86B)
Class kotlin.jvm.internal.markers.KMutableList                                        : loaded 4 times (x 66B)
Class com.google.common.collect.UsingToStringOrdering                                 : loaded 4 times (x 110B)
Class dagger.hilt.processor.internal.JavacBaseProcessingStepProcessor                 : loaded 4 times (x 96B)
Class kotlin.ranges.IntProgression                                                    : loaded 4 times (x 77B)
Class com.google.common.base.CaseFormat$StringConverter                               : loaded 4 times (x 86B)
Class kotlin.text.Regex$Companion                                                     : loaded 4 times (x 67B)
Class com.google.common.collect.ImmutableMultiset                                     : loaded 4 times (x 159B)
Class kotlin.reflect.jvm.internal.impl.builtins.PrimitiveType$Companion               : loaded 4 times (x 67B)
Class kotlin.coroutines.jvm.internal.RestrictedContinuationImpl                       : loaded 4 times (x 83B)
Class kotlin.reflect.jvm.internal.KClassImpl$Data                                     : loaded 4 times (x 68B)
Class [Ldagger.hilt.processor.internal.optionvalues.GradleProjectType;                : loaded 4 times (x 65B)
Class com.squareup.javapoet.LineWrapper$RecordingAppendable                           : loaded 4 times (x 73B)
Class kotlin.reflect.jvm.internal.KProperty1Impl                                      : loaded 4 times (x 124B)
Class dagger.hilt.processor.internal.originatingelement.OriginatingElementProcessor   : loaded 4 times (x 96B)
Class dagger.hilt.processor.internal.generatesrootinput.GeneratesRootInputProcessingStep: loaded 4 times (x 83B)
Class com.squareup.javapoet.ParameterSpec                                             : loaded 4 times (x 68B)
Class com.google.common.collect.ImmutableMapValues                                    : loaded 4 times (x 122B)
Class com.squareup.javapoet.FieldSpec$Builder                                         : loaded 4 times (x 68B)
Class kotlin.reflect.jvm.internal.KTypeParameterOwnerImpl                             : loaded 4 times (x 66B)
Class dagger.spi.internal.shaded.androidx.room.compiler.processing.javac.JavacBasicAnnotationProcessor$steps$2: loaded 4 times (x 75B)
Class com.google.common.collect.Ordering                                              : loaded 4 times (x 110B)
Class [Lkotlin.coroutines.intrinsics.CoroutineSingletons;                             : loaded 4 times (x 65B)
Class com.google.common.collect.LinkedHashMultimap$ValueSet                           : loaded 4 times (x 138B)
Class dagger.hilt.android.processor.internal.customtestapplication.CustomTestApplicationProcessor: loaded 4 times (x 96B)
Class dagger.hilt.processor.internal.earlyentrypoint.EarlyEntryPointProcessor         : loaded 4 times (x 96B)
Class com.squareup.javapoet.TypeName                                                  : loaded 4 times (x 77B)
Class com.google.common.collect.ImmutableListMultimap                                 : loaded 4 times (x 172B)
Class kotlin.reflect.jvm.internal.impl.name.Name                                      : loaded 4 times (x 71B)
Class kotlin.collections.IndexedValue                                                 : loaded 4 times (x 68B)
Class com.google.common.collect.LinkedHashMultimap$ValueSetLink                       : loaded 4 times (x 66B)
Class kotlin.reflect.jvm.internal.KPropertyImpl$Companion                             : loaded 4 times (x 67B)
Class com.google.common.collect.NullsLastOrdering                                     : loaded 4 times (x 111B)
Class kotlin.collections.builders.MapBuilder$Companion                                : loaded 4 times (x 67B)
Class com.google.common.collect.Maps$12                                               : loaded 4 times (x 78B)
Class kotlin.reflect.jvm.internal.impl.name.FqNameUnsafe                              : loaded 4 times (x 68B)
Class [Lkotlin.annotation.AnnotationRetention;                                        : loaded 4 times (x 65B)
Class com.google.common.collect.Multimaps$CustomListMultimap                          : loaded 4 times (x 170B)
Class dagger.internal.codegen.ComponentProcessor                                      : loaded 4 times (x 94B)
Class [Lkotlin.annotation.AnnotationTarget;                                           : loaded 4 times (x 65B)
Class com.squareup.javapoet.Util                                                      : loaded 4 times (x 67B)
Class kotlin.reflect.jvm.internal.KDeclarationContainerImpl                           : loaded 4 times (x 80B)
Class com.squareup.javapoet.JavaFile$1                                                : loaded 4 times (x 75B)
Class com.google.common.collect.MultimapBuilder$MultimapBuilderWithKeys$1             : loaded 4 times (x 72B)
Class com.google.common.collect.ReverseNaturalOrdering                                : loaded 4 times (x 110B)
Class com.google.common.collect.Maps$13                                               : loaded 4 times (x 81B)
Class com.google.common.collect.ImmutableMultimap$Values                              : loaded 4 times (x 122B)
Class [Lkotlin.LazyThreadSafetyMode;                                                  : loaded 4 times (x 65B)
Class com.google.common.collect.ImmutableSortedAsList                                 : loaded 4 times (x 217B)
Class com.google.common.collect.MultimapBuilder$ArrayListSupplier                     : loaded 4 times (x 73B)
Class kotlin.coroutines.intrinsics.IntrinsicsKt__IntrinsicsKt                         : loaded 4 times (x 67B)
Class [Lkotlin.reflect.KClassifier;                                                   : loaded 4 times (x 65B)
Class kotlin.reflect.jvm.internal.EmptyContainerForLocal                              : loaded 4 times (x 80B)
Class dagger.spi.internal.shaded.androidx.room.compiler.processing.XProcessingStep    : loaded 4 times (x 66B)
Class dagger.hilt.android.processor.internal.androidentrypoint.AndroidEntryPointProcessor: loaded 4 times (x 96B)
Class com.google.common.collect.EmptyImmutableListMultimap                            : loaded 4 times (x 172B)
Class kotlin.collections.builders.ListBuilder$Companion                               : loaded 4 times (x 67B)
Class kotlin.collections.builders.ListBuilder                                         : loaded 4 times (x 203B)
Class kotlin.annotation.MustBeDocumented                                              : loaded 4 times (x 66B)
Class dagger.hilt.processor.internal.aliasof.AliasOfProcessingStep                    : loaded 4 times (x 83B)
Class kotlin.coroutines.intrinsics.IntrinsicsKt                                       : loaded 4 times (x 67B)
Class com.google.common.collect.MultimapBuilder$MultimapBuilderWithKeys$2             : loaded 4 times (x 72B)
Class com.squareup.javapoet.MethodSpec                                                : loaded 4 times (x 68B)
Class com.squareup.javapoet.TypeSpec$Builder                                          : loaded 4 times (x 68B)
Class [Lkotlin.reflect.KClass;                                                        : loaded 4 times (x 65B)
Class kotlin.reflect.jvm.internal.ReflectProperties                                   : loaded 4 times (x 67B)
Class kotlin.SafePublicationLazyImpl                                                  : loaded 4 times (x 72B)
Class kotlin.jvm.internal.markers.KMutableCollection                                  : loaded 4 times (x 66B)
Class com.google.common.base.CaseFormat                                               : loaded 4 times (x 79B)
Class kotlin.reflect.KProperty$Getter                                                 : loaded 4 times (x 66B)
Class com.google.common.collect.MultimapBuilder                                       : loaded 4 times (x 69B)
Class kotlin.reflect.jvm.internal.impl.name.FqName                                    : loaded 4 times (x 68B)
Class dagger.hilt.processor.internal.originatingelement.OriginatingElementProcessingStep: loaded 4 times (x 83B)
Class kotlin.ranges.IntRange$Companion                                                : loaded 4 times (x 67B)
Class kotlin.coroutines.intrinsics.CoroutineSingletons                                : loaded 4 times (x 75B)
Class com.google.common.collect.MultimapBuilder$MultimapBuilderWithKeys$3             : loaded 4 times (x 72B)
Class kotlin.sequences.SequenceBuilderIterator                                        : loaded 4 times (x 81B)
Class dagger.hilt.android.processor.internal.androidentrypoint.AndroidEntryPointProcessingStep: loaded 4 times (x 83B)
Class com.google.common.collect.MultimapBuilder$MultimapBuilderWithKeys$4             : loaded 4 times (x 72B)
Class kotlin.Result                                                                   : loaded 4 times (x 68B)
Class [Lcom.google.common.base.CaseFormat;                                            : loaded 4 times (x 65B)
Class com.google.common.collect.ImmutableMultimap$1                                   : loaded 4 times (x 78B)
Class [Lkotlin.reflect.KDeclarationContainer;                                         : loaded 4 times (x 65B)
Class com.squareup.javapoet.ParameterSpec$Builder                                     : loaded 4 times (x 68B)
Class com.google.common.collect.Sets$1$1                                              : loaded 4 times (x 78B)
Class dagger.spi.internal.shaded.androidx.room.compiler.processing.XProcessingEnvConfig: loaded 4 times (x 67B)
Class kotlin.ranges.OpenEndRange                                                      : loaded 4 times (x 66B)
Class dagger.hilt.processor.internal.definecomponent.DefineComponentProcessor         : loaded 4 times (x 96B)
Class kotlin.reflect.KProperty0                                                       : loaded 4 times (x 66B)
Class com.google.common.collect.MultimapBuilder$MultimapBuilderWithKeys$5             : loaded 4 times (x 74B)
Class kotlin.reflect.jvm.internal.KPackageImpl                                        : loaded 4 times (x 81B)
Class com.google.common.collect.ImmutableMultimap$2                                   : loaded 4 times (x 77B)
Class com.google.common.collect.MultimapBuilder$MultimapBuilderWithKeys$6             : loaded 4 times (x 72B)
Class [Lkotlin.reflect.jvm.internal.impl.name.FqName;                                 : loaded 4 times (x 65B)
Class com.google.common.base.Equivalence$Wrapper                                      : loaded 4 times (x 68B)
Class dagger.hilt.processor.internal.root.RootProcessingStep                          : loaded 4 times (x 83B)
Class dagger.hilt.android.processor.internal.viewmodel.ViewModelProcessor             : loaded 4 times (x 96B)
Class kotlin.collections.builders.ListBuilder$Itr                                     : loaded 4 times (x 90B)
Class dagger.spi.internal.shaded.androidx.room.compiler.processing.javac.JavacBasicAnnotationProcessor: loaded 4 times (x 94B)
Class kotlin.ranges.IntProgression$Companion                                          : loaded 4 times (x 67B)
Class kotlin.jvm.internal.MutablePropertyReference2                                   : loaded 4 times (x 133B)
Class kotlin.reflect.jvm.internal.ReflectProperties$Val                               : loaded 4 times (x 70B)
Class kotlin.coroutines.EmptyCoroutineContext                                         : loaded 4 times (x 73B)
Class kotlin.reflect.KClass                                                           : loaded 4 times (x 66B)
Class kotlin.reflect.KProperty1                                                       : loaded 4 times (x 66B)
Class com.squareup.javapoet.CodeBlock$CodeBlockJoiner                                 : loaded 4 times (x 68B)
Class com.google.common.collect.ByFunctionOrdering                                    : loaded 4 times (x 111B)
Class kotlin.collections.builders.MapBuilder                                          : loaded 4 times (x 108B)
Class dagger.hilt.processor.internal.HiltProcessingEnvConfigs                         : loaded 4 times (x 67B)
Class com.google.common.collect.ImmutableListMultimap$Builder                         : loaded 4 times (x 79B)
Class kotlin.reflect.jvm.internal.impl.resolve.jvm.JvmPrimitiveType                   : loaded 4 times (x 75B)
Class dagger.internal.codegen.base.SourceFileGenerationException                      : loaded 4 times (x 78B)
Class kotlin.ranges.ClosedRange                                                       : loaded 4 times (x 66B)
Class [Lcom.squareup.javapoet.TypeSpec$Kind;                                          : loaded 4 times (x 65B)
Class kotlin.jvm.internal.MutablePropertyReference1                                   : loaded 4 times (x 133B)
Class kotlin.SafePublicationLazyImpl$Companion                                        : loaded 4 times (x 67B)
Class kotlin.jvm.internal.PropertyReference1Impl                                      : loaded 4 times (x 123B)
Class kotlin.annotation.AnnotationTarget                                              : loaded 4 times (x 75B)
Class kotlin.jvm.internal.Reflection                                                  : loaded 4 times (x 67B)
Class kotlin.reflect.KProperty                                                        : loaded 4 times (x 66B)
Class kotlin.jvm.JvmClassMappingKt                                                    : loaded 4 times (x 67B)
Class kotlin.reflect.jvm.internal.KPropertyImpl                                       : loaded 4 times (x 111B)
Class com.squareup.javapoet.CodeBlock$Builder                                         : loaded 4 times (x 68B)
Class com.google.common.collect.ImmutableMultimap$Keys                                : loaded 4 times (x 162B)
Class kotlin.reflect.KMutableProperty$Setter                                          : loaded 4 times (x 66B)
Class [Lkotlin.reflect.KAnnotatedElement;                                             : loaded 4 times (x 65B)
Class kotlin.reflect.jvm.internal.ReflectProperties$LazySoftVal                       : loaded 4 times (x 74B)
Class kotlin.reflect.KProperty2                                                       : loaded 4 times (x 66B)
Class kotlin.collections.CollectionsKt___CollectionsKt$withIndex$1                    : loaded 4 times (x 75B)
Class [Lkotlin.reflect.jvm.internal.impl.builtins.PrimitiveType;                      : loaded 4 times (x 65B)
Class com.google.common.collect.MultimapBuilder$1                                     : loaded 4 times (x 79B)
Class com.squareup.javapoet.CodeWriter$Multiset                                       : loaded 4 times (x 68B)
Class kotlin.reflect.jvm.internal.impl.builtins.StandardNames                         : loaded 4 times (x 67B)
Class dagger.hilt.android.processor.internal.customtestapplication.CustomTestApplicationProcessingStep: loaded 4 times (x 83B)
Class kotlin.io.CloseableKt                                                           : loaded 4 times (x 67B)
Class com.google.common.collect.MultimapBuilder$2                                     : loaded 4 times (x 79B)
Class com.google.common.collect.ImmutableMap$IteratorBasedImmutableMap$1EntrySetImpl  : loaded 4 times (x 150B)
Class com.google.common.collect.Maps$TransformedEntriesMap                            : loaded 4 times (x 123B)
Class com.google.common.collect.LinkedHashMultimap                                    : loaded 4 times (x 171B)
Class dagger.hilt.processor.internal.uninstallmodules.UninstallModulesProcessingStep  : loaded 4 times (x 83B)
Class kotlin.streams.jdk8.StreamsKt                                                   : loaded 4 times (x 67B)
Class com.google.common.collect.SortedIterables                                       : loaded 4 times (x 67B)
Class kotlin.collections.IndexingIterator                                             : loaded 4 times (x 75B)
Class com.google.common.collect.MultimapBuilder$MultimapBuilderWithKeys               : loaded 4 times (x 78B)
Class com.google.common.collect.ReverseOrdering                                       : loaded 4 times (x 111B)
Class kotlin.jvm.internal.PropertyReference                                           : loaded 4 times (x 111B)
Class dagger.hilt.processor.internal.earlyentrypoint.EarlyEntryPointProcessingStep    : loaded 4 times (x 83B)
Class kotlin.internal.ProgressionUtilKt                                               : loaded 4 times (x 67B)
Class kotlin.reflect.KMutableProperty                                                 : loaded 4 times (x 66B)
Class kotlin.reflect.jvm.internal.KClassifierImpl                                     : loaded 4 times (x 66B)
Class com.squareup.javapoet.AnnotationSpec$Builder                                    : loaded 4 times (x 68B)
Class com.squareup.javapoet.AnnotationSpec                                            : loaded 4 times (x 68B)
Class com.squareup.javapoet.CodeWriter                                                : loaded 4 times (x 68B)
Class com.squareup.javapoet.CodeBlock                                                 : loaded 4 times (x 68B)
Class [Lcom.google.common.collect.LinkedHashMultimap$ValueSetLink;                    : loaded 4 times (x 65B)
Class dagger.hilt.processor.internal.optionvalues.GradleProjectType                   : loaded 4 times (x 75B)
Class com.squareup.javapoet.ParameterizedTypeName                                     : loaded 4 times (x 77B)
Class com.google.common.collect.MultimapBuilder$3                                     : loaded 4 times (x 80B)
Class kotlin.reflect.jvm.internal.KotlinReflectionInternalError                       : loaded 4 times (x 78B)
Class dagger.spi.internal.shaded.androidx.room.compiler.processing.XProcessingEnvConfig$Companion: loaded 4 times (x 67B)
Class [Lkotlin.reflect.KProperty;                                                     : loaded 4 times (x 65B)
Class kotlin.jvm.internal.CollectionToArray                                           : loaded 4 times (x 67B)
Class dagger.hilt.processor.internal.aggregateddeps.AggregatedDepsProcessingStep      : loaded 4 times (x 83B)
Class dagger.spi.internal.shaded.androidx.room.compiler.processing.XProcessingEnvConfig$Builder: loaded 4 times (x 68B)
Class com.google.common.collect.MultimapBuilder$4                                     : loaded 4 times (x 80B)
Class kotlin.jvm.internal.MutablePropertyReference0                                   : loaded 4 times (x 133B)
Class com.google.common.collect.ImmutableMultimap$Builder                             : loaded 4 times (x 79B)
Class kotlin.coroutines.jvm.internal.SuspendFunction                                  : loaded 4 times (x 66B)
Class com.squareup.javapoet.TypeSpec$Kind                                             : loaded 4 times (x 75B)
Class com.google.common.collect.ImmutableMultimap$EntryCollection                     : loaded 4 times (x 124B)
Class kotlin.collections.IndexingIterable                                             : loaded 4 times (x 75B)
Class com.squareup.javapoet.MethodSpec$Builder                                        : loaded 4 times (x 68B)
Class kotlin.Result$Failure                                                           : loaded 4 times (x 68B)
Class dagger.hilt.processor.internal.BaseProcessingStep                               : loaded 4 times (x 83B)
Class dagger.hilt.processor.internal.aggregateddeps.AggregatedDepsProcessor           : loaded 4 times (x 96B)
Class kotlin.reflect.KMutableProperty0                                                : loaded 4 times (x 66B)
Class kotlin.reflect.KClassifier                                                      : loaded 4 times (x 66B)
Class kotlin.coroutines.intrinsics.IntrinsicsKt__IntrinsicsJvmKt                      : loaded 4 times (x 67B)
Class kotlin.coroutines.jvm.internal.CoroutineStackFrame                              : loaded 4 times (x 66B)
Class kotlin.reflect.KMutableProperty1                                                : loaded 4 times (x 66B)
Class com.google.common.collect.NullsFirstOrdering                                    : loaded 4 times (x 111B)
Class kotlin.ResultKt                                                                 : loaded 4 times (x 67B)
Class kotlin.reflect.KMutableProperty2                                                : loaded 4 times (x 66B)
Class kotlin.coroutines.CoroutineContext                                              : loaded 4 times (x 66B)
Class kotlin.coroutines.jvm.internal.DebugProbesKt                                    : loaded 4 times (x 67B)
Class com.google.common.collect.ExplicitOrdering                                      : loaded 4 times (x 111B)
Class com.squareup.javapoet.JavaFile$Builder                                          : loaded 4 times (x 68B)
Class kotlin.reflect.jvm.internal.RuntimeTypeMapper                                   : loaded 4 times (x 67B)
Class kotlin.collections.builders.ListBuilderKt                                       : loaded 4 times (x 67B)
Class dagger.hilt.processor.internal.aliasof.AliasOfProcessor                         : loaded 4 times (x 96B)
Class com.google.common.collect.LexicographicalOrdering                               : loaded 4 times (x 111B)
Class com.squareup.javapoet.ClassName                                                 : loaded 4 times (x 80B)
Class kotlin.reflect.jvm.internal.ReflectionFactoryImpl                               : loaded 4 times (x 87B)
Class kotlin.DeprecationLevel                                                         : loaded 4 times (x 75B)
Class dagger.hilt.processor.internal.root.ComponentTreeDepsProcessor                  : loaded 4 times (x 96B)
Class dagger.hilt.processor.internal.uninstallmodules.UninstallModulesProcessor       : loaded 4 times (x 96B)
Class kotlin.reflect.jvm.internal.KMutableProperty1Impl                               : loaded 4 times (x 131B)
Class dagger.spi.internal.shaded.androidx.room.jarjarred.kotlinx.metadata.ClassKind   : loaded 3 times (x 75B)
Class dagger.spi.internal.shaded.androidx.room.jarjarred.kotlinx.metadata.Visibility  : loaded 3 times (x 75B)
Class dagger.spi.internal.shaded.androidx.room.jarjarred.kotlinx.metadata.internal.metadata.ProtoBuf$Class$Kind$1: loaded 3 times (x 70B)
Class dagger.spi.internal.shaded.androidx.room.compiler.processing.XFiler$Mode        : loaded 3 times (x 75B)
Class dagger.spi.internal.shaded.androidx.room.jarjarred.kotlinx.metadata.internal.protobuf.InvalidProtocolBufferException: loaded 3 times (x 80B)
Class dagger.spi.internal.shaded.androidx.room.jarjarred.kotlinx.metadata.internal.metadata.jvm.deserialization.JvmMetadataVersion: loaded 3 times (x 70B)
Class dagger.spi.internal.shaded.androidx.room.compiler.processing.javac.JavacTypeElement$packageName$2: loaded 3 times (x 75B)
Class dagger.spi.internal.shaded.androidx.room.compiler.processing.javac.JavacTypeElement$superInterfaces$2: loaded 3 times (x 75B)
Class dagger.internal.DaggerGenerated                                                 : loaded 3 times (x 66B)
Class dagger.spi.internal.shaded.androidx.room.compiler.processing.javac.kotlin.KmClassContainer$primaryConstructorSignature$2: loaded 3 times (x 75B)
Class dagger.internal.codegen.base.SourceFileHjarGenerator                            : loaded 3 times (x 73B)
Class dagger.internal.codegen.validation.ComponentHierarchyValidator_Factory          : loaded 3 times (x 75B)
Class dagger.internal.codegen.binding.BindingGraphFactory                             : loaded 3 times (x 71B)
Class dagger.internal.codegen.writing.MembersInjectorGenerator                        : loaded 3 times (x 73B)
Class dagger.internal.codegen.binding.ProvisionBinding$Builder                        : loaded 3 times (x 84B)
Class com.google.common.collect.ImmutableMap$MapViewOfValuesAsSingletonSets$1         : loaded 3 times (x 78B)
Class dagger.internal.codegen.base.ClearableCache                                     : loaded 3 times (x 66B)
Class dagger.internal.codegen.binding.MonitoringModules_Factory$InstanceHolder        : loaded 3 times (x 67B)
Class dagger.internal.codegen.base.DaggerSuperficialValidation_Factory                : loaded 3 times (x 75B)
Class kotlin.reflect.jvm.internal.KClassImpl$Data$declaredMembers$2                   : loaded 3 times (x 75B)
Class dagger.spi.internal.shaded.androidx.room.compiler.processing.javac.JavacExecutableElement$Companion: loaded 3 times (x 67B)
Class dagger.spi.internal.shaded.androidx.room.compiler.processing.XAnnotationValue   : loaded 3 times (x 66B)
Class dagger.spi.internal.shaded.auto.common.MoreTypes$AsElementVisitor               : loaded 3 times (x 97B)
Class dagger.spi.internal.shaded.androidx.room.compiler.processing.javac.JavacType$superTypes$2: loaded 3 times (x 75B)
Class dagger.spi.internal.shaded.androidx.room.jarjarred.kotlinx.metadata.Attributes  : loaded 3 times (x 67B)
Class kotlin.reflect.jvm.internal.pcollections.ConsPStack                             : loaded 3 times (x 75B)
Class dagger.spi.internal.shaded.androidx.room.compiler.processing.javac.JavacTypeElement$type$2: loaded 3 times (x 75B)
Class dagger.spi.internal.shaded.androidx.room.compiler.processing.javac.JavacTypeElement$_declaredFields$2: loaded 3 times (x 75B)
Class dagger.internal.codegen.validation.BindsMethodValidator_Factory                 : loaded 3 times (x 75B)
Class [Ldagger.internal.codegen.validation.BindingMethodValidator$ExceptionSuperclass;: loaded 3 times (x 65B)
Class dagger.internal.codegen.base.$AutoValue_ModuleAnnotation                        : loaded 3 times (x 72B)
Class dagger.internal.codegen.base.ModuleAnnotation                                   : loaded 3 times (x 72B)
Class dagger.internal.codegen.writing.ProducerFactoryGenerator_Factory                : loaded 3 times (x 75B)
Class dagger.spi.internal.shaded.androidx.room.compiler.processing.javac.kotlin.KmConstructorContainer$parameters$2: loaded 3 times (x 75B)
Class dagger.internal.codegen.writing.ModuleProxies_ModuleConstructorProxyGenerator_Factory: loaded 3 times (x 75B)
Class [Ldagger.spi.internal.shaded.androidx.room.compiler.processing.XFiler$Mode;     : loaded 3 times (x 65B)
Class dagger.internal.codegen.processingstep.AssistedFactoryProcessingStep_Factory    : loaded 3 times (x 75B)
Class dagger.internal.codegen.binding.BindingGraphFactory_Factory                     : loaded 3 times (x 75B)
Class dagger.internal.codegen.validation.ComponentCreatorValidator_Factory            : loaded 3 times (x 75B)
Class dagger.internal.codegen.binding.MonitoringModules_Factory                       : loaded 3 times (x 74B)
Class dagger.internal.codegen.binding.InjectionAnnotations_Factory                    : loaded 3 times (x 75B)
Class dagger.internal.Factory                                                         : loaded 3 times (x 66B)
Class dagger.spi.internal.shaded.androidx.room.jarjarred.kotlinx.metadata.Attributes$visibility$14: loaded 3 times (x 133B)
Class dagger.internal.codegen.validation.BindingGraphValidator_Factory                : loaded 3 times (x 75B)
Class dagger.internal.codegen.binding.ContributionBinding$Builder                     : loaded 3 times (x 79B)
Class dagger.spi.internal.shaded.androidx.room.jarjarred.kotlinx.metadata.internal.metadata.ProtoBuf$Type$Argument: loaded 3 times (x 106B)
Class dagger.internal.codegen.writing.FactoryGenerator                                : loaded 3 times (x 73B)
Class dagger.spi.internal.shaded.androidx.room.jarjarred.kotlinx.metadata.internal.metadata.deserialization.BinaryVersion$Companion: loaded 3 times (x 67B)
Class dagger.internal.codegen.processingstep.InjectProcessingStep                     : loaded 3 times (x 82B)
Class dagger.spi.internal.shaded.androidx.room.jarjarred.kotlinx.metadata.internal.metadata.deserialization.TypeTable: loaded 3 times (x 68B)
Class kotlin.reflect.jvm.internal.KPackageImpl$data$1                                 : loaded 3 times (x 75B)
Class dagger.spi.internal.shaded.androidx.room.jarjarred.kotlinx.metadata.Attributes$isNegated$2: loaded 3 times (x 133B)
Class com.squareup.kotlinpoet.ClassNames                                              : loaded 3 times (x 67B)
Class dagger.internal.codegen.validation.InjectBindingRegistryImpl                    : loaded 3 times (x 77B)
Class dagger.internal.codegen.validation.BindsInstanceMethodValidator                 : loaded 3 times (x 74B)
Class dagger.spi.internal.shaded.androidx.room.compiler.processing.XTypeVariableType  : loaded 3 times (x 66B)
Class dagger.internal.codegen.javapoet.AnnotationSpecs$Suppression                    : loaded 3 times (x 75B)
Class dagger.internal.codegen.model.AutoValue_DependencyRequest                       : loaded 3 times (x 72B)
Class dagger.spi.internal.shaded.androidx.room.compiler.processing.XConstructorType   : loaded 3 times (x 66B)
Class dagger.internal.codegen.binding.MultibindingDeclaration$Factory                 : loaded 3 times (x 68B)
Class [[Ldagger.internal.codegen.compileroption.ProcessingEnvironmentCompilerOptions$CommandLineOption;: loaded 3 times (x 65B)
Class dagger.internal.codegen.processingstep.BindingMethodProcessingStep              : loaded 3 times (x 82B)
Class dagger.internal.codegen.writing.ProducerFactoryGenerator$NoArgFutureTransform   : loaded 3 times (x 74B)
Class dagger.internal.codegen.model.Scope                                             : loaded 3 times (x 68B)
Class dagger.spi.internal.shaded.androidx.room.compiler.processing.javac.JavacConstructorElement$executableType$2: loaded 3 times (x 75B)
Class dagger.spi.internal.shaded.androidx.room.compiler.processing.javac.JavacAnnotationValueKt$UNWRAP_VISITOR$1$visitArray$1$1: loaded 3 times (x 75B)
Class dagger.spi.internal.shaded.androidx.room.compiler.processing.InternalXAnnotation$valuesByName$2: loaded 3 times (x 75B)
Class dagger.spi.internal.shaded.androidx.room.jarjarred.kotlinx.metadata.internal.metadata.ProtoBuf$ClassOrBuilder: loaded 3 times (x 66B)
Class dagger.spi.internal.shaded.androidx.room.jarjarred.kotlinx.metadata.internal.protobuf.MessageLite: loaded 3 times (x 66B)
Class dagger.internal.codegen.DelegateComponentProcessor$Injector                     : loaded 3 times (x 66B)
Class dagger.internal.codegen.compileroption.FeatureStatus                            : loaded 3 times (x 75B)
Class dagger.internal.codegen.binding.ProductionBinding$Builder                       : loaded 3 times (x 86B)
Class dagger.spi.internal.shaded.androidx.room.compiler.processing.javac.JavacExecutableType: loaded 3 times (x 77B)
Class dagger.internal.codegen.validation.InjectValidator                              : loaded 3 times (x 71B)
Class dagger.internal.codegen.validation.ValidationBindingGraphPlugins_Factory        : loaded 3 times (x 75B)
Class dagger.spi.internal.shaded.androidx.room.compiler.processing.javac.JavacMethodElement$name$2: loaded 3 times (x 75B)
Class dagger.spi.internal.shaded.androidx.room.compiler.processing.util.MemoizedSequence$CachedIterator: loaded 3 times (x 75B)
Class dagger.internal.codegen.binding.InjectionSiteFactory$InjectionSiteVisitor       : loaded 3 times (x 68B)
Class dagger.spi.internal.shaded.androidx.room.jarjarred.kotlinx.metadata.internal.protobuf.MessageLite$Builder: loaded 3 times (x 66B)
Class dagger.internal.codegen.model.BindingGraph$MaybeBinding                         : loaded 3 times (x 66B)
Class dagger.internal.codegen.validation.BindsOptionalOfMethodValidator$Validator     : loaded 3 times (x 76B)
Class dagger.spi.internal.shaded.androidx.room.jarjarred.kotlinx.metadata.internal.metadata.jvm.JvmProtoBuf$StringTableTypes$Record$Operation$1: loaded 3 times (x 70B)
Class dagger.internal.codegen.ServiceLoaders                                          : loaded 3 times (x 67B)
Class dagger.spi.internal.shaded.androidx.room.jarjarred.kotlinx.metadata.internal.extensions.KmTypeExtension: loaded 3 times (x 66B)
Class dagger.spi.internal.shaded.androidx.room.jarjarred.kotlinx.metadata.jvm.JvmTypeParameterExtensionVisitor: loaded 3 times (x 75B)
Class dagger.spi.internal.shaded.androidx.room.jarjarred.kotlinx.metadata.Attributes$modality$2: loaded 3 times (x 133B)
Class dagger.spi.internal.shaded.androidx.room.jarjarred.kotlinx.metadata.KmValueParameter: loaded 3 times (x 73B)
Class dagger.spi.internal.shaded.androidx.room.jarjarred.kotlinx.metadata.jvm.internal.JvmTypeExtension: loaded 3 times (x 82B)
Class dagger.spi.internal.shaded.androidx.room.jarjarred.kotlinx.metadata.internal.protobuf.WireFormat: loaded 3 times (x 67B)
Class dagger.spi.internal.shaded.androidx.room.jarjarred.kotlinx.metadata.internal.metadata.jvm.JvmProtoBuf$JvmFieldSignature: loaded 3 times (x 104B)
Class dagger.internal.codegen.extension.DaggerStreams                                 : loaded 3 times (x 67B)
Class dagger.spi.internal.shaded.androidx.room.jarjarred.kotlinx.metadata.Attributes$visibility$2: loaded 3 times (x 133B)
Class dagger.internal.codegen.kotlin.KotlinMetadataFactory                            : loaded 3 times (x 71B)
Class dagger.spi.internal.shaded.androidx.room.jarjarred.kotlinx.metadata.internal.metadata.ProtoBuf$FunctionOrBuilder: loaded 3 times (x 66B)
Class dagger.spi.internal.shaded.androidx.room.jarjarred.kotlinx.metadata.internal.metadata.ProtoBuf$ValueParameterOrBuilder: loaded 3 times (x 66B)
Class dagger.spi.internal.shaded.androidx.room.jarjarred.kotlinx.metadata.internal.metadata.ProtoBuf$Type$Argument$1: loaded 3 times (x 140B)
Class dagger.spi.internal.shaded.androidx.room.compiler.processing.javac.JavacMethodParameter$jvmName$2: loaded 3 times (x 75B)
Class dagger.internal.codegen.validation.BindingMethodValidator$Abstractness          : loaded 3 times (x 75B)
Class dagger.internal.codegen.ProcessingEnvironmentModule_MessagerFactory             : loaded 3 times (x 75B)
Class dagger.spi.internal.shaded.androidx.room.jarjarred.kotlinx.metadata.KmPropertyVisitor: loaded 3 times (x 76B)
Class kotlin.reflect.jvm.internal.KClassImpl$Data$inheritedStaticMembers$2            : loaded 3 times (x 75B)
Class dagger.spi.internal.shaded.androidx.room.jarjarred.kotlinx.metadata.Attributes$isReified$2: loaded 3 times (x 133B)
Class dagger.spi.internal.shaded.androidx.room.jarjarred.kotlinx.metadata.KmDeclarationContainerVisitor: loaded 3 times (x 73B)
Class [Ldagger.spi.internal.shaded.androidx.room.jarjarred.kotlinx.metadata.internal.metadata.jvm.JvmProtoBuf$StringTableTypes$Record$Operation;: loaded 3 times (x 65B)
Class dagger.spi.internal.shaded.androidx.room.jarjarred.kotlinx.metadata.KmPropertyAccessorAttributes: loaded 3 times (x 67B)
Class dagger.spi.internal.shaded.androidx.room.jarjarred.kotlinx.metadata.internal.protobuf.GeneratedMessageLite$ExtendableMessage: loaded 3 times (x 109B)
Class dagger.spi.internal.shaded.androidx.room.compiler.processing.javac.JavacTypeElement$packageElement$2: loaded 3 times (x 75B)
Class dagger.spi.internal.shaded.androidx.room.compiler.processing.CommonProcessorDelegate$processRound$currentElementsDeferredByStep$1$previousRoundDeferredElementsByAnnotation$1: loaded 3 times (x 74B)
Class dagger.internal.codegen.validation.AnyBindingMethodValidator_Factory            : loaded 3 times (x 75B)
Class dagger.internal.codegen.validation.BindingMethodValidator$MethodValidator       : loaded 3 times (x 76B)
Class dagger.internal.codegen.DelegateComponentProcessor_SourceFileGeneratorsModule_ModuleConstructorProxyGeneratorFactory: loaded 3 times (x 75B)
Class dagger.internal.codegen.componentgenerator.ComponentGenerator                   : loaded 3 times (x 73B)
Class dagger.internal.codegen.validation.ValidationReport                             : loaded 3 times (x 68B)
Class dagger.internal.codegen.model.Key                                               : loaded 3 times (x 74B)
Class dagger.internal.codegen.validation.ModuleValidator                              : loaded 3 times (x 68B)
Class dagger.spi.internal.shaded.androidx.room.jarjarred.kotlinx.metadata.KmProperty  : loaded 3 times (x 77B)
Class dagger.internal.codegen.model.DependencyRequest$Builder                         : loaded 3 times (x 72B)
Class [Ldagger.internal.codegen.model.DependencyRequest;                              : loaded 3 times (x 65B)
Class dagger.spi.internal.shaded.androidx.room.compiler.processing.javac.JavacMethodType$typeVariableNames$2: loaded 3 times (x 75B)
Class dagger.internal.codegen.binding.$AutoValue_DelegateDeclaration                  : loaded 3 times (x 79B)
Class com.google.common.collect.ImmutableSetMultimap$Builder                          : loaded 3 times (x 79B)
Class dagger.internal.codegen.xprocessing.XProcessingEnvs                             : loaded 3 times (x 67B)
Class dagger.internal.codegen.bindinggraphvalidation.MapMultibindingValidator_Factory : loaded 3 times (x 75B)
Class dagger.spi.internal.shaded.androidx.room.compiler.processing.XArrayType         : loaded 3 times (x 66B)
Class com.squareup.kotlinpoet.Dynamic                                                 : loaded 3 times (x 78B)
Class dagger.spi.internal.shaded.androidx.room.compiler.processing.InternalXAnnotationValue: loaded 3 times (x 151B)
Class dagger.internal.codegen.xprocessing.XTypes$1                                    : loaded 3 times (x 67B)
Class dagger.spi.internal.shaded.androidx.room.jarjarred.kotlinx.metadata.Attributes$visibility$18: loaded 3 times (x 133B)
Class dagger.spi.internal.shaded.androidx.room.jarjarred.kotlinx.metadata.internal.metadata.ProtoBuf$Effect$EffectType$1: loaded 3 times (x 70B)
Class dagger.spi.internal.shaded.androidx.room.jarjarred.kotlinx.metadata.internal.metadata.jvm.JvmProtoBuf$StringTableTypesOrBuilder: loaded 3 times (x 66B)
Class dagger.spi.internal.shaded.androidx.room.jarjarred.kotlinx.metadata.internal.metadata.jvm.JvmProtoBuf$JvmMethodSignature$Builder: loaded 3 times (x 130B)
Class dagger.spi.internal.shaded.androidx.room.jarjarred.kotlinx.metadata.internal.metadata.jvm.JvmProtoBuf$JvmFieldSignatureOrBuilder: loaded 3 times (x 66B)
Class dagger.spi.internal.shaded.androidx.room.jarjarred.kotlinx.metadata.internal.protobuf.WireFormat$JavaType: loaded 3 times (x 75B)
Class kotlin.io.NoSuchFileException                                                   : loaded 3 times (x 78B)
Class kotlin.io.FilesKt__FilePathComponentsKt                                         : loaded 3 times (x 67B)
Class kotlin.io.TerminateException                                                    : loaded 3 times (x 78B)
Class dagger.spi.internal.shaded.androidx.room.jarjarred.kotlinx.metadata.internal.protobuf.AbstractMessageLite: loaded 3 times (x 94B)
Class dagger.spi.internal.shaded.androidx.room.compiler.processing.javac.JavacFiler   : loaded 3 times (x 74B)
Class dagger.spi.internal.shaded.androidx.room.jarjarred.kotlinx.metadata.internal.protobuf.SmallSortedMap$EmptySet$2: loaded 3 times (x 74B)
Class [Ldagger.spi.internal.shaded.androidx.room.jarjarred.kotlinx.metadata.internal.metadata.ProtoBuf$TypeParameter$Variance;: loaded 3 times (x 65B)
Class dagger.internal.codegen.model.$AutoValue_Key$Builder                            : loaded 3 times (x 74B)
Class dagger.internal.codegen.binding.BindingDeclaration                              : loaded 3 times (x 70B)
Class dagger.internal.codegen.binding.BindingFactory                                  : loaded 3 times (x 68B)
Class dagger.internal.codegen.validation.ExternalBindingGraphPlugins_Factory          : loaded 3 times (x 75B)
Class dagger.internal.codegen.validation.DependencyRequestValidator_Factory           : loaded 3 times (x 75B)
Class javax.inject.Provider                                                           : loaded 3 times (x 66B)
Class dagger.internal.codegen.xprocessing.XAnnotationValues                           : loaded 3 times (x 67B)
Class dagger.spi.internal.shaded.androidx.room.jarjarred.kotlinx.metadata.KmTypeVisitor: loaded 3 times (x 78B)
Class dagger.spi.internal.shaded.androidx.room.compiler.processing.XNullability       : loaded 3 times (x 75B)
Class kotlin.reflect.jvm.internal.pcollections.IntTree                                : loaded 3 times (x 68B)
Class dagger.spi.internal.shaded.androidx.room.jarjarred.kotlinx.metadata.Attributes$visibility$10: loaded 3 times (x 133B)
Class dagger.spi.internal.shaded.androidx.room.jarjarred.kotlinx.metadata.jvm.JvmMetadataVersion$Companion: loaded 3 times (x 67B)
Class dagger.spi.internal.shaded.androidx.room.jarjarred.kotlinx.metadata.internal.metadata.ProtoBuf$Class: loaded 3 times (x 176B)
Class dagger.spi.internal.shaded.androidx.room.jarjarred.kotlinx.metadata.internal.metadata.ProtoBuf$ValueParameter: loaded 3 times (x 124B)
Class dagger.spi.internal.shaded.androidx.room.jarjarred.kotlinx.metadata.internal.protobuf.SmallSortedMap$EmptySet: loaded 3 times (x 67B)
Class dagger.spi.internal.shaded.androidx.room.compiler.processing.javac.JavacTypeElement$DefaultJavacTypeElement: loaded 3 times (x 296B)
Class dagger.spi.internal.shaded.androidx.room.compiler.processing.XParameterizable   : loaded 3 times (x 66B)
Class dagger.internal.codegen.kotlin.KotlinMetadataFactory_Factory$InstanceHolder     : loaded 3 times (x 67B)
Class kotlin.io.FileAlreadyExistsException                                            : loaded 3 times (x 78B)
Class dagger.spi.internal.shaded.androidx.room.jarjarred.kotlinx.metadata.internal.metadata.ProtoBuf$PackageOrBuilder: loaded 3 times (x 66B)
Class dagger.spi.internal.shaded.androidx.room.jarjarred.kotlinx.metadata.internal.FlagImpl: loaded 3 times (x 67B)
Class dagger.spi.internal.shaded.androidx.room.jarjarred.kotlinx.metadata.internal.metadata.ProtoBuf$Expression$ConstantValue$1: loaded 3 times (x 70B)
Class dagger.internal.codegen.bindinggraphvalidation.CompositeBindingGraphPlugin_Factory_Impl: loaded 3 times (x 71B)
Class dagger.spi.internal.shaded.auto.common.AnnotationOutput$SourceFormVisitor       : loaded 3 times (x 113B)
Class dagger.internal.codegen.binding.BindsTypeChecker$1                              : loaded 3 times (x 67B)
Class dagger.spi.internal.shaded.androidx.room.compiler.processing.XExecutableParameterElement: loaded 3 times (x 66B)
Class dagger.internal.codegen.binding.$AutoValue_ModuleDescriptor                     : loaded 3 times (x 82B)
Class dagger.internal.codegen.binding.DependencyRequestFactory                        : loaded 3 times (x 68B)
Class dagger.internal.codegen.bindinggraphvalidation.SetMultibindingValidator_Factory : loaded 3 times (x 74B)
Class dagger.internal.codegen.bindinggraphvalidation.DependsOnProductionExecutorValidator_Factory: loaded 3 times (x 75B)
Class dagger.spi.internal.shaded.androidx.room.jarjarred.kotlinx.metadata.Attributes$modality$6: loaded 3 times (x 133B)
Class dagger.spi.internal.shaded.androidx.room.compiler.processing.javac.kotlin.KmClassContainer$functionList$2: loaded 3 times (x 75B)
Class dagger.internal.codegen.model.DiagnosticReporter                                : loaded 3 times (x 71B)
Class dagger.spi.internal.shaded.androidx.room.jarjarred.kotlinx.metadata.internal.protobuf.CodedOutputStream$OutOfSpaceException: loaded 3 times (x 78B)
Class dagger.spi.internal.shaded.androidx.room.jarjarred.kotlinx.metadata.internal.metadata.ProtoBuf$TypeParameterOrBuilder: loaded 3 times (x 66B)
Class dagger.spi.internal.shaded.androidx.room.jarjarred.kotlinx.metadata.internal.protobuf.BoundedByteString: loaded 3 times (x 108B)
Class dagger.spi.internal.shaded.androidx.room.compiler.processing.javac.JavacTypeElement$_declaredMethods$2: loaded 3 times (x 75B)
Class dagger.spi.internal.shaded.androidx.room.compiler.processing.javac.JavacType    : loaded 3 times (x 183B)
Class dagger.spi.internal.shaded.androidx.room.jarjarred.kotlinx.metadata.internal.extensions.KmTypeParameterExtension: loaded 3 times (x 66B)
Class dagger.spi.internal.shaded.androidx.room.compiler.processing.JavaPoetExtKt      : loaded 3 times (x 67B)
Class com.google.common.collect.CompactHashSet                                        : loaded 3 times (x 146B)
Class [Ldagger.internal.codegen.base.ComponentCreatorAnnotation;                      : loaded 3 times (x 65B)
Class dagger.internal.codegen.binding.FrameworkTypeMapper                             : loaded 3 times (x 76B)
Class [Ldagger.internal.codegen.validation.ModuleValidator$ModuleMethodKind;          : loaded 3 times (x 65B)
Class dagger.internal.codegen.validation.BindingGraphValidator                        : loaded 3 times (x 68B)
Class dagger.internal.codegen.bindinggraphvalidation.SubcomponentFactoryMethodValidator: loaded 3 times (x 81B)
Class dagger.internal.codegen.binding.OptionalBindingDeclaration$Factory              : loaded 3 times (x 69B)
Class dagger.internal.codegen.binding.DelegateDeclaration                             : loaded 3 times (x 76B)
Class dagger.internal.codegen.processingstep.MultibindingAnnotationsProcessingStep    : loaded 3 times (x 82B)
Class dagger.internal.codegen.xprocessing.XTypeElements$Visibility                    : loaded 3 times (x 75B)
Class kotlin.reflect.jvm.internal.KClassImpl$Data$nestedClasses$2                     : loaded 3 times (x 75B)
Class dagger.spi.internal.shaded.androidx.room.compiler.processing.javac.JavacAnnotationValue: loaded 3 times (x 151B)
Class dagger.spi.model.DaggerProcessingEnv$Backend                                    : loaded 3 times (x 75B)
Class dagger.spi.internal.shaded.androidx.room.jarjarred.kotlinx.metadata.jvm.internal.JvmPropertyExtension: loaded 3 times (x 84B)
Class dagger.internal.codegen.validation.ValidationReport$Builder                     : loaded 3 times (x 68B)
Class dagger.spi.internal.shaded.androidx.room.compiler.processing.XProcessingEnv     : loaded 3 times (x 66B)
Class dagger.internal.codegen.binding.ContributionBinding                             : loaded 3 times (x 86B)
Class dagger.internal.codegen.processingstep.MonitoringModuleGenerator                : loaded 3 times (x 73B)
Class dagger.internal.codegen.bindinggraphvalidation.SetMultibindingValidator         : loaded 3 times (x 81B)
Class dagger.spi.internal.shaded.androidx.room.jarjarred.kotlinx.metadata.internal.protobuf.SmallSortedMap$EmptySet$1: loaded 3 times (x 74B)
Class dagger.spi.internal.shaded.androidx.room.jarjarred.kotlinx.metadata.internal.metadata.jvm.JvmProtoBuf$JvmMethodSignature$1: loaded 3 times (x 140B)
Class dagger.internal.codegen.writing.InjectionMethods$InstanceCastPolicy             : loaded 3 times (x 75B)
Class dagger.internal.codegen.binding.FrameworkTypeMapper$1                           : loaded 3 times (x 76B)
Class dagger.internal.codegen.base.ModuleKind                                         : loaded 3 times (x 75B)
Class dagger.spi.internal.shaded.androidx.room.jarjarred.kotlinx.metadata.internal.protobuf.GeneratedMessageLite$GeneratedExtension: loaded 3 times (x 75B)
Class com.google.common.graph.Traverser                                               : loaded 3 times (x 69B)
Class dagger.spi.internal.shaded.androidx.room.jarjarred.kotlinx.metadata.internal.extensions.KmClassExtension: loaded 3 times (x 66B)
Class dagger.spi.internal.shaded.androidx.room.compiler.processing.InternalXAnnotationValue$Kind: loaded 3 times (x 75B)
Class dagger.internal.codegen.binding.BindsTypeChecker_Factory                        : loaded 3 times (x 75B)
Class dagger.spi.internal.shaded.androidx.room.compiler.processing.XTypeKt            : loaded 3 times (x 67B)
Class dagger.spi.internal.shaded.androidx.room.compiler.processing.javac.JavacPackageElement$name$2: loaded 3 times (x 75B)
Class dagger.internal.codegen.componentgenerator.ComponentHjarGenerator               : loaded 3 times (x 73B)
Class dagger.hilt.processor.internal.HiltCompilerOptions$EnumOption                   : loaded 3 times (x 68B)
Class dagger.hilt.android.processor.internal.viewmodel.ViewModelMetadata              : loaded 3 times (x 68B)
Class kotlin.reflect.jvm.internal.KClassImpl$Data$annotations$2                       : loaded 3 times (x 75B)
Class dagger.spi.internal.shaded.androidx.room.compiler.processing.XAnnotation        : loaded 3 times (x 66B)
Class dagger.spi.internal.shaded.auto.common.MoreElements$CastingElementVisitor       : loaded 3 times (x 89B)
Class dagger.spi.internal.shaded.androidx.room.jarjarred.kotlinx.metadata.jvm.JvmTypeExtensionVisitor: loaded 3 times (x 76B)
Class kotlin.reflect.jvm.internal.pcollections.HashPMap                               : loaded 3 times (x 68B)
Class dagger.spi.internal.shaded.androidx.room.jarjarred.kotlinx.metadata.internal.metadata.ProtoBuf$Effect$EffectType: loaded 3 times (x 78B)
Class dagger.spi.internal.shaded.androidx.room.jarjarred.kotlinx.metadata.internal.protobuf.LiteralByteString: loaded 3 times (x 108B)
Class dagger.hilt.processor.internal.generatesrootinput.GeneratesRootInputs           : loaded 3 times (x 68B)
Class dagger.internal.codegen.base.ComponentAnnotation                                : loaded 3 times (x 72B)
Class dagger.spi.internal.shaded.androidx.room.compiler.processing.javac.JavacMethodElement$parameters$2$1$1: loaded 3 times (x 75B)
Class dagger.internal.codegen.processingstep.ComponentProcessingStep                  : loaded 3 times (x 82B)
Class dagger.internal.codegen.bindinggraphvalidation.DuplicateBindingsValidator       : loaded 3 times (x 81B)
Class dagger.spi.internal.shaded.androidx.room.jarjarred.kotlinx.metadata.internal.protobuf.Parser: loaded 3 times (x 66B)
Class dagger.spi.internal.shaded.androidx.room.jarjarred.kotlinx.metadata.internal.protobuf.ByteString$ByteIterator: loaded 3 times (x 66B)
Class dagger.spi.internal.shaded.androidx.room.jarjarred.kotlinx.metadata.internal.metadata.jvm.JvmProtoBuf$JvmPropertySignatureOrBuilder: loaded 3 times (x 66B)
Class dagger.internal.codegen.binding.FrameworkTypeMapper$2                           : loaded 3 times (x 76B)
Class dagger.spi.internal.shaded.androidx.room.compiler.processing.javac.JavacConstructorType: loaded 3 times (x 79B)
Class [Ldagger.internal.codegen.validation.BindingMethodValidator$Abstractness;       : loaded 3 times (x 65B)
Class dagger.internal.codegen.processingstep.AssistedInjectProcessingStep_Factory     : loaded 3 times (x 75B)
Class dagger.internal.codegen.model.RequestKind                                       : loaded 3 times (x 75B)
Class dagger.spi.internal.shaded.androidx.room.jarjarred.kotlinx.metadata.KmTypeProjection$Companion: loaded 3 times (x 67B)
Class dagger.spi.internal.shaded.androidx.room.compiler.processing.javac.JavacAnnotation$declaredAnnotationValues$2: loaded 3 times (x 75B)
Class kotlin.reflect.jvm.internal.KClassImpl$Data$qualifiedName$2                     : loaded 3 times (x 75B)
Class dagger.internal.codegen.xprocessing.XTypes$XTypeEquivalence                     : loaded 3 times (x 80B)
Class dagger.Lazy                                                                     : loaded 3 times (x 66B)
Class dagger.internal.codegen.binding.MethodSignatureFormatter                        : loaded 3 times (x 82B)
Class dagger.internal.codegen.writing.AnnotationCreatorGenerator                      : loaded 3 times (x 76B)
Class dagger.internal.codegen.validation.ProvidesMethodValidator$Validator            : loaded 3 times (x 76B)
Class dagger.spi.internal.shaded.androidx.room.jarjarred.kotlinx.metadata.KmDeclarationContainer: loaded 3 times (x 66B)
Class dagger.internal.codegen.binding.ModuleDescriptor                                : loaded 3 times (x 77B)
Class [Ldagger.internal.codegen.model.BindingKind;                                    : loaded 3 times (x 65B)
Class dagger.spi.internal.shaded.androidx.room.jarjarred.kotlinx.metadata.internal.metadata.ProtoBuf$Type$Argument$Projection: loaded 3 times (x 78B)
Class dagger.spi.internal.shaded.androidx.room.jarjarred.kotlinx.metadata.jvm.JvmMetadataVersion: loaded 3 times (x 70B)
Class dagger.internal.codegen.binding.$AutoValue_OptionalBindingDeclaration           : loaded 3 times (x 71B)
Class dagger.internal.codegen.validation.BindsInstanceParameterValidator$Validator    : loaded 3 times (x 73B)
Class dagger.spi.internal.shaded.androidx.room.jarjarred.kotlinx.metadata.jvm.JvmConstructorExtensionVisitor: loaded 3 times (x 74B)
Class dagger.spi.internal.shaded.androidx.room.compiler.codegen.XTypeNameKt           : loaded 3 times (x 67B)
Class dagger.internal.codegen.componentgenerator.TopLevelImplementationComponent$Factory: loaded 3 times (x 66B)
Class dagger.internal.codegen.binding.FrameworkTypeMapper$3                           : loaded 3 times (x 67B)
Class dagger.spi.internal.shaded.androidx.room.compiler.processing.XEnumEntry         : loaded 3 times (x 66B)
Class dagger.spi.internal.shaded.androidx.room.compiler.processing.javac.JavacMethodParameter$name$2: loaded 3 times (x 75B)
Class dagger.spi.internal.shaded.androidx.room.compiler.processing.javac.JavacFieldElement$syntheticMethodForAnnotations$2: loaded 3 times (x 75B)
Class dagger.internal.codegen.model.DaggerProcessingEnv                               : loaded 3 times (x 70B)
Class dagger.internal.codegen.binding.AutoValue_OptionalBindingDeclaration            : loaded 3 times (x 71B)
Class [Ldagger.internal.codegen.compileroption.ProcessingEnvironmentCompilerOptions$CommandLineOption;: loaded 3 times (x 65B)
Class dagger.internal.codegen.ProcessingEnvironmentModule_FilerFactory                : loaded 3 times (x 75B)
Class dagger.internal.codegen.binding.MethodSignatureFormatter_Factory                : loaded 3 times (x 75B)
Class dagger.internal.codegen.validation.BindingMethodValidator$ExceptionSuperclass   : loaded 3 times (x 77B)
Class kotlin.reflect.jvm.internal.KClassImpl$Data$declaredNonStaticMembers$2          : loaded 3 times (x 75B)
Class dagger.spi.internal.shaded.androidx.room.compiler.processing.javac.kotlin.KmTypeContainer: loaded 3 times (x 72B)
Class dagger.spi.internal.shaded.androidx.room.jarjarred.kotlinx.metadata.internal.metadata.deserialization.NameResolver: loaded 3 times (x 66B)
Class dagger.spi.internal.shaded.androidx.room.jarjarred.kotlinx.metadata.internal.protobuf.GeneratedMessageLite$ExtensionDescriptor: loaded 3 times (x 80B)
Class dagger.spi.internal.shaded.androidx.room.jarjarred.kotlinx.metadata.internal.protobuf.ExtensionRegistryLite: loaded 3 times (x 70B)
Class dagger.internal.codegen.processingstep.AssistedProcessingStep                   : loaded 3 times (x 82B)
Class dagger.internal.codegen.bindinggraphvalidation.InjectBindingValidator           : loaded 3 times (x 81B)
Class dagger.internal.codegen.processingstep.ModuleProcessingStep                     : loaded 3 times (x 82B)
Class dagger.internal.codegen.compileroption.ProcessingEnvironmentCompilerOptions$Validation$1: loaded 3 times (x 89B)
Class dagger.spi.internal.shaded.androidx.room.compiler.processing.javac.JavacVariableElement: loaded 3 times (x 196B)
Class dagger.internal.codegen.xprocessing.XExecutableTypes                            : loaded 3 times (x 67B)
Class dagger.internal.codegen.compileroption.ProcessingEnvironmentCompilerOptions$EnumOption: loaded 3 times (x 66B)
Class dagger.internal.codegen.bindinggraphvalidation.NullableBindingValidator_Factory : loaded 3 times (x 75B)
Class kotlin.reflect.jvm.internal.KClassImpl$Data$inheritedNonStaticMembers$2         : loaded 3 times (x 75B)
Class dagger.spi.internal.shaded.androidx.room.compiler.processing.javac.JavacProcessingEnvMessager$Companion: loaded 3 times (x 67B)
Class dagger.internal.codegen.componentgenerator.TopLevelImplementationComponent      : loaded 3 times (x 66B)
Class dagger.internal.codegen.bindinggraphvalidation.DependsOnProductionExecutorValidator: loaded 3 times (x 81B)
Class dagger.internal.codegen.bindinggraphvalidation.ProvisionDependencyOnProducerBindingValidator_Factory$InstanceHolder: loaded 3 times (x 67B)
Class dagger.spi.internal.shaded.androidx.room.jarjarred.kotlinx.metadata.jvm.JvmMemberSignatureKt: loaded 3 times (x 67B)
Class dagger.spi.internal.shaded.androidx.room.jarjarred.kotlinx.metadata.internal.metadata.jvm.deserialization.JvmNameResolverBase: loaded 3 times (x 76B)
Class dagger.spi.internal.shaded.androidx.room.jarjarred.kotlinx.metadata.jvm.KotlinClassMetadata: loaded 3 times (x 72B)
Class com.google.common.collect.Iterators$SingletonIterator                           : loaded 3 times (x 77B)
Class dagger.internal.codegen.validation.DiagnosticReporterFactory$DiagnosticReporterImpl: loaded 3 times (x 72B)
Class dagger.internal.codegen.binding.FrameworkType                                   : loaded 3 times (x 80B)
Class dagger.spi.internal.shaded.androidx.room.compiler.processing.javac.JavacTypeElement$qualifiedName$2: loaded 3 times (x 75B)
Class dagger.spi.internal.shaded.androidx.room.jarjarred.kotlinx.metadata.internal.metadata.deserialization.VersionRequirementTable: loaded 3 times (x 68B)
Class dagger.spi.internal.shaded.androidx.room.compiler.processing.javac.JavacMethodElement: loaded 3 times (x 265B)
Class dagger.spi.internal.shaded.androidx.room.compiler.codegen.XTypeName$Companion   : loaded 3 times (x 67B)
Class dagger.internal.codegen.binding.BindingGraphConverter_Factory                   : loaded 3 times (x 75B)
Class kotlin.reflect.jvm.internal.KCallableImpl$_annotations$1                        : loaded 3 times (x 75B)
Class dagger.internal.codegen.validation.BindsInstanceMethodValidator$Validator       : loaded 3 times (x 73B)
Class dagger.internal.codegen.writing.ProducerFactoryGenerator$MultiArgFutureTransform: loaded 3 times (x 74B)
Class dagger.internal.codegen.validation.ComponentHierarchyValidator                  : loaded 3 times (x 68B)
Class dagger.spi.internal.shaded.androidx.room.compiler.processing.XMethodType        : loaded 3 times (x 66B)
Class [Ldagger.internal.codegen.base.ContributionType;                                : loaded 3 times (x 65B)
Class dagger.internal.codegen.model.AutoValue_DependencyRequest$Builder               : loaded 3 times (x 73B)
Class dagger.internal.codegen.validation.SpiModelBindingGraphConverter$DaggerProcessingEnvImpl: loaded 3 times (x 72B)
Class dagger.internal.codegen.validation.BindsOptionalOfMethodValidator               : loaded 3 times (x 74B)
Class dagger.internal.codegen.DelegateComponentProcessor$SourceFileGeneratorsModule   : loaded 3 times (x 66B)
Class dagger.internal.codegen.validation.ProvidesMethodValidator_Factory              : loaded 3 times (x 75B)
Class dagger.internal.codegen.DaggerDelegateComponentProcessor_Injector$Factory       : loaded 3 times (x 70B)
Class dagger.spi.internal.shaded.auto.common.GeneratedAnnotations                     : loaded 3 times (x 67B)
Class dagger.spi.internal.shaded.androidx.room.compiler.processing.javac.DefaultJavacType$equalityItems$2: loaded 3 times (x 75B)
Class dagger.spi.internal.shaded.androidx.room.compiler.processing.javac.JavacElement$equalityItems$2: loaded 3 times (x 75B)
Class dagger.spi.internal.shaded.androidx.room.jarjarred.kotlinx.metadata.internal.metadata.jvm.JvmProtoBuf$JvmMethodSignature: loaded 3 times (x 104B)
Class dagger.spi.internal.shaded.androidx.room.jarjarred.kotlinx.metadata.jvm.JvmDeclarationContainerExtensionVisitor: loaded 3 times (x 77B)
Class dagger.spi.internal.shaded.androidx.room.jarjarred.kotlinx.metadata.internal.metadata.ProtoBuf$PropertyOrBuilder: loaded 3 times (x 66B)
Class dagger.spi.internal.shaded.androidx.room.jarjarred.kotlinx.metadata.jvm.internal.JvmExceptionUtilsKt: loaded 3 times (x 67B)
Class dagger.spi.internal.shaded.androidx.room.jarjarred.kotlinx.metadata.Attributes$hasAnnotations$26: loaded 3 times (x 133B)
Class dagger.spi.internal.shaded.androidx.room.jarjarred.kotlinx.metadata.jvm.internal.JvmClassExtension: loaded 3 times (x 89B)
Class [Ldagger.internal.codegen.binding.FrameworkType;                                : loaded 3 times (x 65B)
Class dagger.spi.internal.shaded.androidx.room.jarjarred.kotlinx.metadata.internal.ReadersKt: loaded 3 times (x 67B)
Class dagger.spi.internal.shaded.androidx.room.jarjarred.kotlinx.metadata.internal.metadata.deserialization.BinaryVersion: loaded 3 times (x 70B)
Class dagger.internal.codegen.validation.MultibindsMethodValidator_Factory            : loaded 3 times (x 75B)
Class dagger.internal.codegen.binding.BindingGraphConverter                           : loaded 3 times (x 68B)
Class dagger.internal.codegen.validation.DiagnosticMessageGenerator$Factory           : loaded 3 times (x 68B)
Class dagger.internal.codegen.base.AutoValue_ComponentAnnotation                      : loaded 3 times (x 72B)
Class dagger.internal.codegen.binding.BindingGraph$TopLevelBindingGraph               : loaded 3 times (x 95B)
Class dagger.hilt.android.processor.internal.viewmodel.ViewModelModuleGenerator       : loaded 3 times (x 68B)
Class kotlin.reflect.jvm.internal.KClassImpl$Data$declaredStaticMembers$2             : loaded 3 times (x 75B)
Class dagger.spi.internal.shaded.androidx.room.jarjarred.kotlinx.metadata.KmTypeParameterVisitor: loaded 3 times (x 71B)
Class [Ldagger.spi.internal.shaded.androidx.room.jarjarred.kotlinx.metadata.internal.metadata.ProtoBuf$Effect$EffectType;: loaded 3 times (x 65B)
Class kotlin.reflect.jvm.internal.KProperty1Impl$delegateSource$1                     : loaded 3 times (x 75B)
Class dagger.spi.internal.shaded.androidx.room.jarjarred.kotlinx.metadata.KmFunctionExtensionVisitor: loaded 3 times (x 66B)
Class dagger.internal.codegen.binding.AssistedInjectionAnnotations                    : loaded 3 times (x 67B)
Class dagger.spi.internal.shaded.androidx.room.compiler.processing.javac.JavacTypeElement$typeParameters$2: loaded 3 times (x 75B)
Class dagger.hilt.android.processor.internal.AndroidClassNames                        : loaded 3 times (x 67B)
Class [Ldagger.hilt.processor.internal.optionvalues.BooleanValue;                     : loaded 3 times (x 65B)
Class dagger.spi.internal.shaded.androidx.room.compiler.processing.javac.JavacConstructorElement$parameters$2$1$1: loaded 3 times (x 75B)
Class Build_gradle                                                                    : loaded 3 times (x 126B)
Class dagger.spi.internal.shaded.androidx.room.compiler.processing.XProcessingEnv$Backend: loaded 3 times (x 75B)
Class dagger.spi.internal.shaded.androidx.room.compiler.processing.javac.kotlin.KmClassContainer$Companion: loaded 3 times (x 67B)
Class dagger.internal.codegen.binding.AutoValue_DelegateDeclaration                   : loaded 3 times (x 79B)
Class dagger.internal.codegen.validation.DependencyRequestValidator                   : loaded 3 times (x 68B)
Class dagger.internal.codegen.binding.BindingType                                     : loaded 3 times (x 75B)
Class dagger.internal.SingleCheck                                                     : loaded 3 times (x 73B)
Class dagger.internal.codegen.xprocessing.XAnnotations                                : loaded 3 times (x 67B)
Class com.squareup.kotlinpoet.TypeName$Companion                                      : loaded 3 times (x 67B)
Class dagger.spi.internal.shaded.androidx.room.jarjarred.kotlinx.metadata.KmTypeParameterExtensionVisitor: loaded 3 times (x 66B)
Class [Ldagger.spi.internal.shaded.androidx.room.jarjarred.kotlinx.metadata.MemberKind;: loaded 3 times (x 65B)
Class dagger.spi.internal.shaded.androidx.room.jarjarred.kotlinx.metadata.internal.protobuf.AbstractMessageLite$Builder: loaded 3 times (x 118B)
Class dagger.spi.internal.shaded.androidx.room.jarjarred.kotlinx.metadata.internal.metadata.jvm.deserialization.JvmNameResolver: loaded 3 times (x 76B)
Class dagger.internal.codegen.model.AutoValue_DaggerExecutableElement                 : loaded 3 times (x 70B)
Class dagger.hilt.processor.internal.ClassNames                                       : loaded 3 times (x 67B)
Class dagger.hilt.android.processor.internal.viewmodel.ViewModelMetadata$Companion    : loaded 3 times (x 67B)
Class dagger.spi.internal.shaded.androidx.room.jarjarred.kotlinx.metadata.internal.metadata.ProtoBuf$ConstructorOrBuilder: loaded 3 times (x 66B)
Class dagger.spi.internal.shaded.androidx.room.jarjarred.kotlinx.metadata.internal.protobuf.SmallSortedMap$1: loaded 3 times (x 126B)
Class dagger.internal.codegen.binding.DependencyVariableNamer$1                       : loaded 3 times (x 67B)
Class dagger.internal.codegen.xprocessing.XTypes$TypeResolutionVisitor                : loaded 3 times (x 97B)
Class [Ldagger.internal.codegen.base.ComponentCreatorKind;                            : loaded 3 times (x 65B)
Class dagger.internal.codegen.processingstep.ProcessingStepsModule_ProcessingStepsFactory: loaded 3 times (x 75B)
Class dagger.internal.codegen.DelegateComponentProcessor_MembersInjector              : loaded 3 times (x 71B)
Class dagger.internal.codegen.compileroption.ProcessingEnvironmentCompilerOptions_Factory: loaded 3 times (x 75B)
Class dagger.spi.internal.shaded.androidx.room.compiler.processing.javac.JavacType$typeElement$2: loaded 3 times (x 75B)
Class dagger.spi.internal.shaded.auto.common.MoreElements                             : loaded 3 times (x 67B)
Class dagger.spi.internal.shaded.androidx.room.jarjarred.kotlinx.metadata.KmClassifier$Class: loaded 3 times (x 68B)
Class dagger.spi.internal.shaded.androidx.room.jarjarred.kotlinx.metadata.internal.protobuf.FieldSet$1: loaded 3 times (x 67B)
Class dagger.spi.internal.shaded.androidx.room.jarjarred.kotlinx.metadata.internal.metadata.ProtoBuf$TypeOrBuilder: loaded 3 times (x 66B)
Class dagger.spi.internal.shaded.androidx.room.jarjarred.kotlinx.metadata.internal.protobuf.AbstractParser: loaded 3 times (x 140B)
Class dagger.spi.internal.shaded.androidx.room.jarjarred.kotlinx.metadata.internal.metadata.ProtoBuf$Type: loaded 3 times (x 141B)
Class dagger.spi.internal.shaded.androidx.room.compiler.processing.javac.JavacTypeElement$Companion: loaded 3 times (x 67B)
Class dagger.hilt.android.processor.internal.viewmodel.ViewModelProcessingStep        : loaded 3 times (x 83B)
Class dagger.spi.internal.shaded.androidx.room.jarjarred.kotlinx.metadata.KmClassExtensionVisitor: loaded 3 times (x 66B)
Class dagger.spi.internal.shaded.androidx.room.compiler.processing.javac.JavacTypeElement$allFieldsIncludingPrivateSupers$1: loaded 3 times (x 75B)
Class dagger.spi.internal.shaded.androidx.room.jarjarred.kotlinx.metadata.Attributes$kind$11: loaded 3 times (x 133B)
Class kotlin.reflect.jvm.internal.KClassImpl$Data$simpleName$2                        : loaded 3 times (x 75B)
Class dagger.internal.InstanceFactory                                                 : loaded 3 times (x 78B)
Class dagger.internal.codegen.kotlin.KotlinMetadataFactory_Factory                    : loaded 3 times (x 74B)
Class dagger.spi.internal.shaded.androidx.room.jarjarred.kotlinx.metadata.internal.metadata.ProtoBuf$TypeParameter$Variance$1: loaded 3 times (x 70B)
Class dagger.internal.codegen.binding.AutoValue_Nullability                           : loaded 3 times (x 70B)
Class dagger.spi.internal.shaded.androidx.room.compiler.processing.javac.JavacFieldElement$getter$2: loaded 3 times (x 75B)
Class dagger.internal.codegen.writing.InaccessibleMapKeyProxyGenerator                : loaded 3 times (x 73B)
Class dagger.internal.codegen.base.DaggerSuperficialValidation$ValidationException$UnexpectedException: loaded 3 times (x 79B)
Class dagger.internal.codegen.binding.ProvisionBinding                                : loaded 3 times (x 91B)
Class dagger.internal.codegen.binding.InjectionSiteFactory                            : loaded 3 times (x 68B)
Class dagger.spi.internal.shaded.androidx.room.compiler.processing.javac.JavacPackageElement$qualifiedName$2: loaded 3 times (x 75B)
Class kotlin.reflect.jvm.internal.KClassImpl$Data$supertypes$2                        : loaded 3 times (x 75B)
Class com.squareup.kotlinpoet.WildcardTypeName                                        : loaded 3 times (x 78B)
Class com.squareup.kotlinpoet.ClassName                                               : loaded 3 times (x 81B)
Class dagger.spi.internal.shaded.androidx.room.compiler.processing.javac.JavacMethodElement$kotlinDefaultImplClass$2: loaded 3 times (x 75B)
Class dagger.spi.internal.shaded.androidx.room.jarjarred.kotlinx.metadata.jvm.internal.JvmFunctionExtension: loaded 3 times (x 81B)
Class kotlin.sequences.ConstrainedOnceSequence                                        : loaded 3 times (x 71B)
Class dagger.spi.internal.shaded.androidx.room.jarjarred.kotlinx.metadata.internal.protobuf.WireFormat$FieldType$4: loaded 3 times (x 79B)
Class dagger.spi.internal.shaded.androidx.room.jarjarred.kotlinx.metadata.KmConstructorVisitor: loaded 3 times (x 72B)
Class dagger.internal.codegen.writing.ModuleProxies                                   : loaded 3 times (x 67B)
Class dagger.internal.codegen.componentgenerator.ComponentHjarGenerator_Factory       : loaded 3 times (x 75B)
Class dagger.internal.codegen.validation.ValidationBindingGraphPlugin                 : loaded 3 times (x 81B)
Class dagger.internal.codegen.processingstep.MonitoringModuleProcessingStep           : loaded 3 times (x 82B)
Class dagger.internal.codegen.processingstep.InjectProcessingStep_Factory             : loaded 3 times (x 75B)
Class dagger.spi.internal.shaded.androidx.room.compiler.processing.compat.XConverters : loaded 3 times (x 67B)
Class dagger.internal.codegen.bindinggraphvalidation.SubcomponentFactoryMethodValidator_Factory$InstanceHolder: loaded 3 times (x 67B)
Class dagger.spi.internal.shaded.androidx.room.compiler.processing.javac.JavacExecutableElement$enclosingElement$2: loaded 3 times (x 75B)
Class dagger.hilt.processor.internal.ProcessorErrors                                  : loaded 3 times (x 67B)
Class dagger.spi.internal.shaded.androidx.room.jarjarred.kotlinx.metadata.Attributes$modality$10: loaded 3 times (x 133B)
Class dagger.spi.internal.shaded.androidx.room.jarjarred.kotlinx.metadata.internal.metadata.ProtoBuf$VersionRequirement$VersionKind$1: loaded 3 times (x 70B)
Class dagger.spi.internal.shaded.androidx.room.compiler.processing.javac.JavacAnnotation: loaded 3 times (x 135B)
Class dagger.spi.internal.shaded.androidx.room.jarjarred.kotlinx.metadata.KmConstructorExtensionVisitor: loaded 3 times (x 66B)
Class dagger.spi.internal.shaded.androidx.room.compiler.processing.InternalXAnnotationValue$kind$2: loaded 3 times (x 75B)
Class dagger.spi.internal.shaded.androidx.room.jarjarred.kotlinx.metadata.internal.metadata.ProtoBuf$VersionRequirementTable$1: loaded 3 times (x 140B)
Class dagger.spi.internal.shaded.androidx.room.jarjarred.kotlinx.metadata.internal.metadata.jvm.JvmProtoBuf$JvmMethodSignatureOrBuilder: loaded 3 times (x 66B)
Class dagger.spi.internal.shaded.androidx.room.compiler.processing.CommonProcessorDelegate: loaded 3 times (x 68B)
Class com.squareup.kotlinpoet.ClassName$Companion                                     : loaded 3 times (x 67B)
Class dagger.internal.codegen.bindinggraphvalidation.CompositeBindingGraphPlugin$Factory: loaded 3 times (x 66B)
Class kotlin.reflect.jvm.internal.KCallableImpl$_parameters$1                         : loaded 3 times (x 75B)
Class [Ldagger.spi.internal.shaded.androidx.room.compiler.processing.XNullability;    : loaded 3 times (x 65B)
Class dagger.spi.internal.shaded.androidx.room.compiler.processing.javac.JavacExecutableElement$thrownTypes$2: loaded 3 times (x 75B)
Class kotlin.io.FilesKt__FileTreeWalkKt                                               : loaded 3 times (x 67B)
Class dagger.internal.codegen.binding.MethodSignatureFormatter$1                      : loaded 3 times (x 83B)
Class dagger.internal.codegen.binding.KeyFactory$1                                    : loaded 3 times (x 67B)
Class dagger.internal.codegen.model.Key$MultibindingContributionIdentifier            : loaded 3 times (x 69B)
Class dagger.internal.codegen.writing.FactoryGenerator$FactoryCreationStrategy        : loaded 3 times (x 75B)
Class dagger.internal.codegen.binding.MapKeys                                         : loaded 3 times (x 67B)
Class dagger.spi.internal.shaded.androidx.room.compiler.processing.javac.JavacMethodType$returnType$2: loaded 3 times (x 75B)
Class dagger.internal.codegen.binding.DependencyRequestFormatter                      : loaded 3 times (x 82B)
Class dagger.internal.codegen.validation.MultibindsMethodValidator                    : loaded 3 times (x 75B)
Class dagger.spi.internal.shaded.androidx.room.compiler.processing.InternalXAnnotationValue$Kind$Companion: loaded 3 times (x 67B)
Class [Ldagger.spi.internal.shaded.androidx.room.jarjarred.kotlinx.metadata.Visibility;: loaded 3 times (x 65B)
Class dagger.spi.internal.shaded.androidx.room.jarjarred.kotlinx.metadata.jvm.JvmMemberSignature: loaded 3 times (x 69B)
Class dagger.spi.internal.shaded.androidx.room.jarjarred.kotlinx.metadata.internal.metadata.jvm.JvmProtoBuf$StringTableTypes$RecordOrBuilder: loaded 3 times (x 66B)
Class [Ldagger.spi.internal.shaded.androidx.room.jarjarred.kotlinx.metadata.internal.protobuf.WireFormat$FieldType;: loaded 3 times (x 65B)
Class dagger.internal.codegen.validation.SpiModelBindingGraphConverter$DiagnosticReporterImpl: loaded 3 times (x 72B)
Class dagger.internal.codegen.langmodel.Accessibility                                 : loaded 3 times (x 67B)
Class dagger.internal.codegen.model.DaggerExecutableElement                           : loaded 3 times (x 69B)
Class dagger.spi.internal.shaded.androidx.room.compiler.processing.javac.kotlin.KmData: loaded 3 times (x 66B)
Class dagger.spi.internal.shaded.androidx.room.jarjarred.kotlinx.metadata.internal.protobuf.WireFormat$FieldType$3: loaded 3 times (x 79B)
Class dagger.spi.internal.shaded.androidx.room.jarjarred.kotlinx.metadata.internal.metadata.ProtoBuf$Effect$InvocationKind$1: loaded 3 times (x 70B)
Class dagger.spi.internal.shaded.androidx.room.compiler.processing.javac.JavacConstructorElement$typeParameters$2: loaded 3 times (x 75B)
Class dagger.internal.codegen.xprocessing.XTypeElements                               : loaded 3 times (x 67B)
Class dagger.internal.codegen.validation.BindingElementValidator                      : loaded 3 times (x 74B)
Class dagger.internal.codegen.extension.Optionals                                     : loaded 3 times (x 67B)
Class dagger.spi.internal.shaded.androidx.room.compiler.processing.XFieldElement      : loaded 3 times (x 66B)
Class dagger.internal.codegen.binding.BindsTypeChecker                                : loaded 3 times (x 68B)
Class dagger.internal.codegen.processingstep.ComponentHjarProcessingStep              : loaded 3 times (x 82B)
Class dagger.internal.codegen.processingstep.MapKeyProcessingStep_Factory             : loaded 3 times (x 75B)
Class dagger.spi.internal.shaded.androidx.room.compiler.processing.XFiler             : loaded 3 times (x 66B)
Class dagger.hilt.processor.internal.root.ir.InvalidRootsException                    : loaded 3 times (x 78B)
Class dagger.spi.internal.shaded.androidx.room.compiler.processing.XTypeElement       : loaded 3 times (x 66B)
Class dagger.spi.internal.shaded.androidx.room.jarjarred.kotlinx.metadata.internal.FlagDelegatesImplKt$functionBooleanFlag$1: loaded 3 times (x 133B)
Class dagger.spi.internal.shaded.androidx.room.jarjarred.kotlinx.metadata.internal.metadata.jvm.deserialization.ClassMapperLite: loaded 3 times (x 67B)
Class dagger.internal.codegen.xprocessing.XElements                                   : loaded 3 times (x 67B)
Class dagger.spi.internal.shaded.androidx.room.jarjarred.kotlinx.metadata.internal.protobuf.GeneratedMessageLite$Builder: loaded 3 times (x 124B)
Class dagger.spi.internal.shaded.androidx.room.jarjarred.kotlinx.metadata.internal.metadata.ProtoBuf$Property$1: loaded 3 times (x 140B)
Class dagger.spi.internal.shaded.androidx.room.compiler.processing.util.MemoizedSequence$delegateIterator$2: loaded 3 times (x 75B)
Class dagger.hilt.android.processor.internal.bindvalue.BindValueMetadata              : loaded 3 times (x 69B)
Class dagger.internal.codegen.binding.$AutoValue_MultibindingDeclaration              : loaded 3 times (x 75B)
Class dagger.internal.codegen.binding.OptionalBindingDeclaration                      : loaded 3 times (x 70B)
Class dagger.internal.codegen.validation.ComponentCreatorValidator                    : loaded 3 times (x 71B)
Class dagger.spi.internal.shaded.androidx.room.compiler.processing.javac.JavacFieldElement$enclosingElement$2: loaded 3 times (x 75B)
Class dagger.internal.codegen.model.AutoValue_Scope                                   : loaded 3 times (x 69B)
Class dagger.spi.internal.shaded.androidx.room.jarjarred.kotlinx.metadata.internal.metadata.ProtoBuf$ContractOrBuilder: loaded 3 times (x 66B)
Class com.google.common.collect.Lists$TransformingRandomAccessList                    : loaded 3 times (x 195B)
Class dagger.internal.codegen.javapoet.CodeBlocks                                     : loaded 3 times (x 67B)
Class dagger.spi.internal.shaded.androidx.room.jarjarred.kotlinx.metadata.internal.metadata.jvm.deserialization.JvmNameResolverBase$Companion: loaded 3 times (x 67B)
Class dagger.spi.internal.shaded.androidx.room.compiler.processing.javac.DefaultJavacType: loaded 3 times (x 183B)
Class dagger.internal.codegen.processingstep.BindingMethodProcessingStep_Factory      : loaded 3 times (x 75B)
Class [Ldagger.internal.codegen.model.BindingGraphPlugin;                             : loaded 3 times (x 65B)
Class dagger.internal.codegen.validation.BindingElementValidator$AllowsScoping        : loaded 3 times (x 75B)
Class dagger.internal.codegen.base.Formatter                                          : loaded 3 times (x 81B)
Class dagger.spi.internal.shaded.androidx.room.jarjarred.kotlinx.metadata.internal.protobuf.CodedOutputStream$ByteBufferOutputStream: loaded 3 times (x 82B)
Class dagger.spi.internal.shaded.androidx.room.compiler.processing.javac.JavacAnnotationValueKt: loaded 3 times (x 67B)
Class dagger.spi.internal.shaded.androidx.room.compiler.processing.javac.JavacMethodElement$kotlinMetadata$2: loaded 3 times (x 75B)
Class dagger.spi.internal.shaded.auto.common.MoreTypes$CastingTypeVisitor             : loaded 3 times (x 98B)
Class dagger.spi.internal.shaded.androidx.room.jarjarred.kotlinx.metadata.internal.metadata.ProtoBuf$MemberKind$1: loaded 3 times (x 70B)
Class dagger.spi.internal.shaded.androidx.room.jarjarred.kotlinx.metadata.KmClassVisitor: loaded 3 times (x 88B)
Class dagger.spi.internal.shaded.androidx.room.compiler.processing.XRoundEnv          : loaded 3 times (x 66B)
Class kotlin.reflect.jvm.internal.KClassImpl$data$1                                   : loaded 3 times (x 75B)
Class dagger.spi.internal.shaded.androidx.room.jarjarred.kotlinx.metadata.internal.metadata.deserialization.ProtoBufUtilKt: loaded 3 times (x 67B)
Class kotlin.io.FilesKt__UtilsKt                                                      : loaded 3 times (x 67B)
Class [Lcom.squareup.javapoet.ClassName;                                              : loaded 3 times (x 65B)
Class dagger.spi.internal.shaded.androidx.room.jarjarred.kotlinx.metadata.internal.protobuf.WireFormat$FieldType$2: loaded 3 times (x 79B)
Class dagger.spi.internal.shaded.androidx.room.jarjarred.kotlinx.metadata.internal.protobuf.ExtensionRegistryLite$ObjectIntPair: loaded 3 times (x 68B)
Class kotlin.reflect.jvm.internal.KPropertyImpl$_javaField$1                          : loaded 3 times (x 75B)
Class dagger.spi.internal.shaded.androidx.room.jarjarred.kotlinx.metadata.internal.metadata.ProtoBuf$MemberKind: loaded 3 times (x 78B)
Class dagger.internal.codegen.validation.BindingMethodValidator$1                     : loaded 3 times (x 67B)
Class [Ldagger.internal.codegen.binding.BindingType;                                  : loaded 3 times (x 65B)
Class dagger.spi.internal.shaded.androidx.room.jarjarred.kotlinx.metadata.KmTypeProjection: loaded 3 times (x 68B)
Class dagger.spi.internal.shaded.androidx.room.compiler.processing.javac.JavacMethodParameter$closestMemberContainer$2: loaded 3 times (x 75B)
Class dagger.internal.codegen.bindinggraphvalidation.BindingGraphValidationModule     : loaded 3 times (x 66B)
Class dagger.internal.codegen.bindinggraphvalidation.MapMultibindingValidator         : loaded 3 times (x 81B)
Class dagger.internal.codegen.validation.BindsInstanceParameterValidator_Factory      : loaded 3 times (x 75B)
Class dagger.internal.codegen.compileroption.ProcessingEnvironmentCompilerOptions$KeyOnlyOption$1: loaded 3 times (x 82B)
Class com.google.common.collect.ImmutableSetMultimap$EntrySet                         : loaded 3 times (x 142B)
Class dagger.spi.BindingGraphPlugin                                                   : loaded 3 times (x 66B)
Class dagger.spi.internal.shaded.androidx.room.jarjarred.kotlinx.metadata.Attributes$modality$14: loaded 3 times (x 133B)
Class dagger.spi.internal.shaded.androidx.room.jarjarred.kotlinx.metadata.internal.metadata.ProtoBuf$Class$Kind: loaded 3 times (x 78B)
Class dagger.spi.internal.shaded.androidx.room.jarjarred.kotlinx.metadata.internal.metadata.jvm.JvmProtoBuf$StringTableTypes$Record$1: loaded 3 times (x 140B)
Class dagger.spi.internal.shaded.auto.common.MoreElements$TypeElementVisitor          : loaded 3 times (x 89B)
Class dagger.spi.internal.shaded.androidx.room.compiler.processing.javac.JavacConstructorElement$parameters$2: loaded 3 times (x 75B)
Class dagger.hilt.processor.internal.BadInputException                                : loaded 3 times (x 78B)
Class dagger.internal.codegen.binding.KeyFactory                                      : loaded 3 times (x 68B)
Class dagger.spi.internal.shaded.androidx.room.compiler.processing.javac.kotlin.KmPropertyFunctionContainerImpl: loaded 3 times (x 105B)
Class dagger.spi.internal.shaded.androidx.room.jarjarred.kotlinx.metadata.KmType      : loaded 3 times (x 79B)
Class dagger.internal.codegen.model.AutoValue_DaggerProcessingEnv                     : loaded 3 times (x 71B)
Class dagger.spi.internal.shaded.androidx.room.jarjarred.kotlinx.metadata.internal.metadata.deserialization.Flags: loaded 3 times (x 67B)
Class dagger.spi.internal.shaded.androidx.room.jarjarred.kotlinx.metadata.Attributes$hasAnnotations$18: loaded 3 times (x 133B)
Class kotlin.reflect.jvm.internal.KClassImpl$Data$allStaticMembers$2                  : loaded 3 times (x 75B)
Class dagger.internal.codegen.binding.BindingFactory_Factory                          : loaded 3 times (x 75B)
Class dagger.internal.codegen.bindinggraphvalidation.DependencyCycleValidator_Factory : loaded 3 times (x 75B)
Class dagger.internal.codegen.base.DaggerSuperficialValidation                        : loaded 3 times (x 68B)
Class dagger.internal.codegen.DelegateComponentProcessor_SourceFileGeneratorsModule_MembersInjectorGeneratorFactory: loaded 3 times (x 75B)
Class dagger.spi.internal.shaded.androidx.room.compiler.processing.XEnumTypeElement   : loaded 3 times (x 66B)
Class dagger.spi.internal.shaded.androidx.room.compiler.processing.javac.kotlin.KmConstructorContainer: loaded 3 times (x 96B)
Class dagger.internal.codegen.compileroption.ProcessingEnvironmentCompilerOptions$KeyOnlyOption$2: loaded 3 times (x 82B)
Class dagger.internal.codegen.validation.ValidationBindingGraphPlugins                : loaded 3 times (x 68B)
Class dagger.internal.codegen.processingstep.ProcessingStepsModule                    : loaded 3 times (x 66B)
Class kotlin.reflect.jvm.internal.KClassImpl$Data$allMembers$2                        : loaded 3 times (x 75B)
Class dagger.hilt.android.processor.internal.viewmodel.ViewModelValidationPluginKt$WhenMappings: loaded 3 times (x 67B)
Class dagger.internal.codegen.binding.SubcomponentDeclaration_Factory_Factory         : loaded 3 times (x 75B)
Class dagger.hilt.android.processor.internal.viewmodel.ViewModelMetadata$Companion$create$1$1: loaded 3 times (x 74B)
Class dagger.spi.internal.shaded.androidx.room.jarjarred.kotlinx.metadata.internal.metadata.jvm.deserialization.JvmMetadataVersion$Companion: loaded 3 times (x 67B)
Class dagger.spi.internal.shaded.androidx.room.jarjarred.kotlinx.metadata.internal.protobuf.WireFormat$FieldType: loaded 3 times (x 79B)
Class dagger.spi.internal.shaded.androidx.room.jarjarred.kotlinx.metadata.internal.EnumFlagDelegate: loaded 3 times (x 68B)
Class dagger.spi.internal.shaded.androidx.room.jarjarred.kotlinx.metadata.internal.metadata.ProtoBuf$TypeTable$1: loaded 3 times (x 140B)
Class dagger.spi.internal.shaded.androidx.room.jarjarred.kotlinx.metadata.internal.metadata.ProtoBuf$Class$1: loaded 3 times (x 140B)
Class dagger.spi.internal.shaded.androidx.room.compiler.processing.javac.JavacMethodType$typeVariables$2: loaded 3 times (x 75B)
Class dagger.internal.codegen.DelegateComponentProcessor_SourceFileGeneratorsModule_ProducerFactoryGeneratorFactory: loaded 3 times (x 75B)
Class dagger.internal.codegen.validation.BindsInstanceElementValidator                : loaded 3 times (x 74B)
Class dagger.internal.codegen.validation.BindsMethodValidator                         : loaded 3 times (x 74B)
Class dagger.internal.codegen.processingstep.TypeCheckingProcessingStep_MembersInjector: loaded 3 times (x 71B)
Class dagger.spi.internal.shaded.androidx.room.jarjarred.kotlinx.metadata.internal.metadata.ProtoBuf$Type$ArgumentOrBuilder: loaded 3 times (x 66B)
Class dagger.spi.internal.shaded.androidx.room.jarjarred.kotlinx.metadata.internal.metadata.ProtoBuf$Modality: loaded 3 times (x 78B)
Class dagger.internal.codegen.bindinggraphvalidation.DuplicateBindingsValidator_Factory: loaded 3 times (x 75B)
Class dagger.spi.internal.shaded.androidx.room.jarjarred.kotlinx.metadata.jvm.JvmTypeExtensionVisitor$Companion: loaded 3 times (x 67B)
Class dagger.spi.internal.shaded.androidx.room.jarjarred.kotlinx.metadata.jvm.JvmClassExtensionVisitor: loaded 3 times (x 83B)
Class dagger.spi.internal.shaded.androidx.room.jarjarred.kotlinx.metadata.internal.metadata.jvm.deserialization.JvmNameResolverKt: loaded 3 times (x 67B)
Class dagger.spi.internal.shaded.androidx.room.compiler.processing.javac.JavacTypeElement$enclosingTypeElement$2: loaded 3 times (x 75B)
Class dagger.spi.internal.shaded.auto.common.Overrides$NativeOverrides                : loaded 3 times (x 70B)
Class dagger.spi.internal.shaded.androidx.room.jarjarred.kotlinx.metadata.Modality    : loaded 3 times (x 75B)
Class dagger.spi.internal.shaded.androidx.room.compiler.processing.XEquality$Companion: loaded 3 times (x 67B)
Class dagger.spi.internal.shaded.androidx.room.jarjarred.kotlinx.metadata.internal.protobuf.ByteString: loaded 3 times (x 104B)
Class dagger.spi.internal.shaded.androidx.room.jarjarred.kotlinx.metadata.internal.protobuf.WireFormat$FieldType$1: loaded 3 times (x 79B)
Class dagger.spi.internal.shaded.androidx.room.jarjarred.kotlinx.metadata.internal.metadata.jvm.JvmProtoBuf$JvmFieldSignature$1: loaded 3 times (x 140B)
Class dagger.spi.internal.shaded.androidx.room.compiler.processing.javac.JavacType$typeName$2: loaded 3 times (x 75B)
Class dagger.spi.internal.shaded.androidx.room.compiler.processing.javac.JavacMethodType$Companion: loaded 3 times (x 67B)
Class dagger.spi.internal.shaded.androidx.room.jarjarred.kotlinx.metadata.KmClassifier$TypeParameter: loaded 3 times (x 67B)
Class dagger.internal.codegen.base.RequestKinds                                       : loaded 3 times (x 67B)
Class dagger.internal.codegen.validation.InjectBindingRegistryImpl_Factory            : loaded 3 times (x 75B)
Class dagger.internal.codegen.validation.SpiModelBindingGraphConverter                : loaded 3 times (x 67B)
Class dagger.internal.codegen.binding.AutoValue_ModuleDescriptor                      : loaded 3 times (x 82B)
Class dagger.internal.codegen.compileroption.ValidationType                           : loaded 3 times (x 75B)
Class dagger.hilt.processor.internal.aggregateddeps.AggregatedDepsGenerator           : loaded 3 times (x 68B)
Class com.squareup.kotlinpoet.UtilKt                                                  : loaded 3 times (x 67B)
Class dagger.spi.internal.shaded.androidx.room.compiler.processing.javac.VisitorData  : loaded 3 times (x 68B)
Class dagger.spi.internal.shaded.androidx.room.jarjarred.kotlinx.metadata.internal.metadata.deserialization.ProtoTypeTableUtilKt: loaded 3 times (x 67B)
Class dagger.spi.internal.shaded.androidx.room.jarjarred.kotlinx.metadata.internal.metadata.ProtoBuf$VersionRequirementTable: loaded 3 times (x 103B)
Class dagger.spi.internal.shaded.androidx.room.jarjarred.kotlinx.metadata.internal.metadata.ProtoBuf$Contract$1: loaded 3 times (x 140B)
Class dagger.spi.internal.shaded.androidx.room.jarjarred.kotlinx.metadata.jvm.internal.JvmReadUtils: loaded 3 times (x 67B)
Class dagger.internal.codegen.validation.BindingElementValidator$AllowsMultibindings  : loaded 3 times (x 75B)
Class dagger.internal.codegen.processingstep.BindsInstanceProcessingStep              : loaded 3 times (x 82B)
Class kotlin.io.FilesKt__FileReadWriteKt                                              : loaded 3 times (x 67B)
Class dagger.spi.internal.shaded.auto.common.Overrides$ExplicitOverrides              : loaded 3 times (x 72B)
Class dagger.spi.internal.shaded.androidx.room.jarjarred.kotlinx.metadata.internal.metadata.ProtoBuf$Modality$1: loaded 3 times (x 70B)
Class dagger.spi.internal.shaded.androidx.room.compiler.processing.javac.JavacPackageElement: loaded 3 times (x 189B)
Class dagger.internal.codegen.base.DaggerSuperficialValidation$ValidationException$KnownErrorType: loaded 3 times (x 79B)
Class dagger.internal.codegen.validation.SpiModelBindingGraphConverter$1              : loaded 3 times (x 67B)
Class dagger.internal.codegen.writing.FactoryGenerator_Factory                        : loaded 3 times (x 75B)
Class dagger.internal.codegen.binding.InjectionAnnotations                            : loaded 3 times (x 68B)
Class dagger.spi.model.DiagnosticReporter                                             : loaded 3 times (x 71B)
Class dagger.internal.codegen.binding.DependencyRequestFormatter_Factory              : loaded 3 times (x 75B)
Class dagger.hilt.processor.internal.Components                                       : loaded 3 times (x 67B)
Class dagger.hilt.android.processor.internal.viewmodel.ViewModelModuleGenerator$Companion: loaded 3 times (x 67B)
Class com.squareup.kotlinpoet.TypeName$cachedString$2                                 : loaded 3 times (x 75B)
Class dagger.spi.internal.shaded.androidx.room.compiler.processing.javac.JavacDeclaredType$equalityItems$2: loaded 3 times (x 75B)
Class dagger.spi.internal.shaded.androidx.room.jarjarred.kotlinx.metadata.internal.metadata.jvm.deserialization.JvmMemberSignature$Field: loaded 3 times (x 71B)
Class [Ldagger.spi.internal.shaded.androidx.room.jarjarred.kotlinx.metadata.KmVariance;: loaded 3 times (x 65B)
Class dagger.internal.codegen.binding.$AutoValue_ProvisionBinding$Builder             : loaded 3 times (x 99B)
Class dagger.spi.internal.shaded.androidx.room.jarjarred.kotlinx.metadata.jvm.JvmFunctionExtensionVisitor: loaded 3 times (x 76B)
Class dagger.spi.internal.shaded.androidx.room.jarjarred.kotlinx.metadata.KmExtensionVisitor: loaded 3 times (x 66B)
Class dagger.spi.internal.shaded.androidx.room.jarjarred.kotlinx.metadata.internal.protobuf.GeneratedMessageLite$1: loaded 3 times (x 67B)
Class dagger.spi.internal.shaded.androidx.room.compiler.processing.XTypeParameterElement: loaded 3 times (x 66B)
Class dagger.spi.internal.shaded.androidx.room.compiler.processing.javac.kotlin.KmPropertyContainer: loaded 3 times (x 75B)
Class dagger.internal.codegen.model.AutoValue_DaggerElement                           : loaded 3 times (x 70B)
Class dagger.spi.internal.shaded.androidx.room.compiler.processing.util.NamingUtilsKt : loaded 3 times (x 67B)
Class dagger.spi.internal.shaded.androidx.room.jarjarred.kotlinx.metadata.internal.protobuf.FieldSet$FieldDescriptorLite: loaded 3 times (x 66B)
Class [Ldagger.internal.codegen.writing.InjectionMethods$InstanceCastPolicy;          : loaded 3 times (x 65B)
Class [Ldagger.internal.codegen.writing.FactoryGenerator$FactoryCreationStrategy;     : loaded 3 times (x 65B)
Class dagger.internal.codegen.model.DependencyRequest                                 : loaded 3 times (x 71B)
Class dagger.internal.codegen.validation.ProducesMethodValidator$Validator            : loaded 3 times (x 76B)
Class dagger.internal.codegen.processingstep.MonitoringModuleGenerator_Factory        : loaded 3 times (x 75B)
Class dagger.internal.codegen.javapoet.AnnotationSpecs                                : loaded 3 times (x 67B)
Class dagger.internal.codegen.validation.InjectValidator_Factory                      : loaded 3 times (x 75B)
Class dagger.spi.model.BindingGraphPlugin                                             : loaded 3 times (x 66B)
Class dagger.spi.internal.shaded.androidx.room.compiler.codegen.XClassName            : loaded 3 times (x 71B)
Class dagger.spi.internal.shaded.androidx.room.compiler.processing.javac.JavacElement$docComment$2: loaded 3 times (x 75B)
Class dagger.spi.internal.shaded.androidx.room.jarjarred.kotlinx.metadata.internal.FlagDelegatesImplKt: loaded 3 times (x 67B)
Class dagger.spi.internal.shaded.androidx.room.jarjarred.kotlinx.metadata.jvm.internal.JvmConstructorExtension: loaded 3 times (x 79B)
Class dagger.spi.internal.shaded.androidx.room.jarjarred.kotlinx.metadata.internal.metadata.ProtoBuf$VersionRequirementTableOrBuilder: loaded 3 times (x 66B)
Class dagger.spi.internal.shaded.androidx.room.jarjarred.kotlinx.metadata.internal.metadata.ProtoBuf$Function$1: loaded 3 times (x 140B)
Class dagger.spi.internal.shaded.androidx.room.jarjarred.kotlinx.metadata.internal.protobuf.LazyField: loaded 3 times (x 79B)
Class dagger.spi.internal.shaded.androidx.room.jarjarred.kotlinx.metadata.internal.extensions.KmExtension: loaded 3 times (x 66B)
Class dagger.spi.internal.shaded.androidx.room.jarjarred.kotlinx.metadata.KmPropertyExtensionVisitor: loaded 3 times (x 66B)
Class dagger.spi.internal.shaded.androidx.room.compiler.processing.javac.kotlin.KmClassContainer$constructorList$2: loaded 3 times (x 75B)
Class dagger.spi.internal.shaded.androidx.room.compiler.processing.javac.JavacAnnotationValue$value$2: loaded 3 times (x 75B)
Class dagger.spi.internal.shaded.androidx.room.compiler.codegen.XClassName$Companion  : loaded 3 times (x 67B)
Class dagger.hilt.processor.internal.aggregateddeps.PkgPrivateMetadata                : loaded 3 times (x 71B)
Class dagger.internal.codegen.compileroption.ProcessingEnvironmentCompilerOptions$Feature: loaded 3 times (x 86B)
Class dagger.internal.codegen.binding.MembersInjectionBinding$InjectionSite$Kind      : loaded 3 times (x 75B)
Class dagger.internal.codegen.binding.AutoValue_MembersInjectionBinding_InjectionSite : loaded 3 times (x 73B)
Class dagger.internal.codegen.binding.MembersInjectionBinding$InjectionSite           : loaded 3 times (x 72B)
Class dagger.spi.internal.shaded.androidx.room.compiler.processing.javac.JavacTypeElement$allMethods$1: loaded 3 times (x 75B)
Class dagger.spi.internal.shaded.androidx.room.compiler.processing.XAnnotated         : loaded 3 times (x 66B)
Class dagger.internal.codegen.validation.DiagnosticReporterFactory_Factory            : loaded 3 times (x 75B)
Class dagger.spi.internal.shaded.androidx.room.compiler.processing.XPackageElement    : loaded 3 times (x 66B)
Class com.squareup.javapoet.WildcardTypeName                                          : loaded 3 times (x 77B)
Class dagger.internal.codegen.base.DaggerSuperficialValidation$ValidationException    : loaded 3 times (x 79B)
Class [Ldagger.spi.internal.shaded.androidx.room.jarjarred.kotlinx.metadata.internal.metadata.ProtoBuf$MemberKind;: loaded 3 times (x 65B)
Class dagger.spi.internal.shaded.androidx.room.compiler.processing.javac.JavacTypeElement$kotlinMetadata$2: loaded 3 times (x 75B)
Class dagger.spi.internal.shaded.androidx.room.jarjarred.kotlinx.metadata.jvm.JvmClassExtensionVisitor$Companion: loaded 3 times (x 67B)
Class dagger.spi.internal.shaded.androidx.room.jarjarred.kotlinx.metadata.internal.protobuf.UninitializedMessageException: loaded 3 times (x 80B)
Class dagger.spi.internal.shaded.androidx.room.jarjarred.kotlinx.metadata.internal.metadata.ProtoBuf$TypeTableOrBuilder: loaded 3 times (x 66B)
Class dagger.spi.internal.shaded.androidx.room.compiler.processing.javac.JavacProcessingEnv$typeElementStore$1: loaded 3 times (x 75B)
Class [Ldagger.internal.codegen.base.ModuleKind;                                      : loaded 3 times (x 65B)
Class dagger.spi.internal.shaded.androidx.room.jarjarred.kotlinx.metadata.jvm.JvmConstructorExtensionVisitor$Companion: loaded 3 times (x 67B)
Class [Ldagger.internal.codegen.writing.InjectionMethods$CheckNotNullPolicy;          : loaded 3 times (x 65B)
Class dagger.internal.codegen.model.AutoValue_Key                                     : loaded 3 times (x 76B)
Class dagger.spi.internal.shaded.androidx.room.jarjarred.kotlinx.metadata.internal.ReadersKt$WhenMappings: loaded 3 times (x 67B)
Class dagger.internal.codegen.writing.ProducerFactoryGenerator                        : loaded 3 times (x 73B)
Class dagger.internal.codegen.compileroption.ProcessingEnvironmentCompilerOptions$KeyOnlyOption: loaded 3 times (x 82B)
Class dagger.spi.internal.shaded.androidx.room.jarjarred.kotlinx.metadata.Attributes$hasAnnotations$22: loaded 3 times (x 133B)
Class dagger.spi.internal.shaded.androidx.room.compiler.processing.javac.AnnotationMirrorExtKt: loaded 3 times (x 67B)
Class dagger.spi.internal.shaded.androidx.room.compiler.processing.javac.ElementExtKt : loaded 3 times (x 67B)
Class [Ldagger.spi.internal.shaded.androidx.room.jarjarred.kotlinx.metadata.internal.metadata.ProtoBuf$Effect$InvocationKind;: loaded 3 times (x 65B)
Class dagger.spi.internal.shaded.androidx.room.jarjarred.kotlinx.metadata.internal.protobuf.SmallSortedMap$Entry: loaded 3 times (x 84B)
Class dagger.spi.internal.shaded.androidx.room.jarjarred.kotlinx.metadata.internal.metadata.jvm.JvmProtoBuf$StringTableTypes$Record: loaded 3 times (x 115B)
Class kotlin.reflect.jvm.internal.KClassImpl$Data$descriptor$2                        : loaded 3 times (x 75B)
Class dagger.spi.internal.shaded.androidx.room.compiler.processing.javac.JavacProcessingEnv$typeElementStore$2: loaded 3 times (x 74B)
Class dagger.internal.codegen.binding.DependencyVariableNamer                         : loaded 3 times (x 67B)
Class dagger.spi.internal.shaded.androidx.room.jarjarred.kotlinx.metadata.internal.metadata.jvm.JvmProtoBuf$JvmPropertySignature: loaded 3 times (x 110B)
Class dagger.spi.internal.shaded.androidx.room.jarjarred.kotlinx.metadata.internal.protobuf.RopeByteString$RopeInputStream: loaded 3 times (x 88B)
Class [Ldagger.spi.internal.shaded.androidx.room.jarjarred.kotlinx.metadata.internal.metadata.ProtoBuf$Class$Kind;: loaded 3 times (x 65B)
Class dagger.spi.internal.shaded.androidx.room.compiler.processing.javac.JavacAnnotationValueKt$UNWRAP_VISITOR$1: loaded 3 times (x 99B)
Class dagger.internal.codegen.kotlin.KotlinMetadataUtil_Factory                       : loaded 3 times (x 75B)
Class dagger.internal.codegen.ProcessingEnvironmentModule_ProcessingOptionsFactory    : loaded 3 times (x 75B)
Class [Ldagger.spi.internal.shaded.androidx.room.compiler.processing.XType;           : loaded 3 times (x 65B)
Class [Ldagger.spi.internal.shaded.androidx.room.compiler.processing.XAnnotated;      : loaded 3 times (x 65B)
Class dagger.internal.codegen.writing.GwtCompatibility                                : loaded 3 times (x 67B)
Class dagger.spi.internal.shaded.androidx.room.compiler.processing.javac.JavacFieldElement$kotlinMetadata$2: loaded 3 times (x 75B)
Class dagger.spi.internal.shaded.androidx.room.compiler.processing.javac.JavacVariableElement$type$2: loaded 3 times (x 75B)
Class com.google.common.graph.Traverser$1                                             : loaded 3 times (x 70B)
Class dagger.internal.codegen.bindinggraphvalidation.NullableBindingValidator         : loaded 3 times (x 81B)
Class dagger.internal.Provider                                                        : loaded 3 times (x 66B)
Class dagger.internal.codegen.bindinggraphvalidation.IncompatiblyScopedBindingsValidator_Factory: loaded 3 times (x 75B)
Class dagger.spi.internal.shaded.auto.common.AnnotationMirrors$1                      : loaded 3 times (x 80B)
Class dagger.spi.internal.shaded.androidx.room.jarjarred.kotlinx.metadata.jvm.internal.JvmTypeParameterExtension: loaded 3 times (x 80B)
Class dagger.spi.internal.shaded.androidx.room.jarjarred.kotlinx.metadata.Attributes$visibility$22: loaded 3 times (x 133B)
Class dagger.internal.codegen.bindinggraphvalidation.BindingGraphValidationModule_ProvidePluginsFactory: loaded 3 times (x 75B)
Class dagger.spi.internal.shaded.androidx.room.compiler.processing.javac.kotlin.KmBaseTypeContainer: loaded 3 times (x 66B)
Class dagger.internal.codegen.validation.BindingMethodValidatorsModule                : loaded 3 times (x 66B)
Class dagger.internal.codegen.binding.SubcomponentDeclaration$Factory                 : loaded 3 times (x 69B)
Class dagger.spi.internal.shaded.androidx.room.compiler.processing.javac.JavacProcessingEnv$typeElementStore$3: loaded 3 times (x 75B)
Class dagger.internal.codegen.binding.DependencyRequestFactory_Factory                : loaded 3 times (x 75B)
Class dagger.internal.codegen.xprocessing.XProcessingEnvs$1                           : loaded 3 times (x 67B)
Class dagger.internal.codegen.model.$AutoValue_Key                                    : loaded 3 times (x 76B)
Class dagger.internal.codegen.binding.AutoValue_FrameworkField                        : loaded 3 times (x 70B)
Class com.google.common.graph.Traverser$2                                             : loaded 3 times (x 70B)
Class dagger.spi.internal.shaded.androidx.room.compiler.processing.DeclarationCollectorKt: loaded 3 times (x 67B)
Class dagger.internal.codegen.processingstep.ComponentHjarProcessingStep_Factory      : loaded 3 times (x 75B)
Class dagger.internal.codegen.DaggerDelegateComponentProcessor_Injector$TopLevelImplementationComponentFactory: loaded 3 times (x 71B)
Class dagger.internal.codegen.base.ElementFormatter                                   : loaded 3 times (x 81B)
Class [Ldagger.internal.codegen.compileroption.ProcessingEnvironmentCompilerOptions$KeyOnlyOption;: loaded 3 times (x 65B)
Class kotlin.reflect.jvm.internal.KCallableImpl$_returnType$1                         : loaded 3 times (x 75B)
Class dagger.spi.internal.shaded.androidx.room.jarjarred.kotlinx.metadata.KmFunctionVisitor: loaded 3 times (x 77B)
Class dagger.spi.internal.shaded.androidx.room.jarjarred.kotlinx.metadata.KmConstructor: loaded 3 times (x 73B)
Class dagger.internal.codegen.extension.DaggerCollectors                              : loaded 3 times (x 67B)
Class [Ldagger.internal.codegen.compileroption.ProcessingEnvironmentCompilerOptions$Validation;: loaded 3 times (x 65B)
Class dagger.spi.internal.shaded.androidx.room.compiler.processing.XVariableElement   : loaded 3 times (x 66B)
Class dagger.internal.codegen.validation.AnyBindingMethodValidator                    : loaded 3 times (x 71B)
Class dagger.internal.codegen.binding.MonitoringModules                               : loaded 3 times (x 71B)
Class dagger.internal.codegen.binding.$AutoValue_ProvisionBinding                     : loaded 3 times (x 91B)
Class dagger.internal.codegen.model.BindingKind                                       : loaded 3 times (x 75B)
Class dagger.internal.codegen.base.$AutoValue_ComponentAnnotation                     : loaded 3 times (x 72B)
Class dagger.internal.codegen.compileroption.ProcessingEnvironmentCompilerOptions$Validation: loaded 3 times (x 89B)
Class dagger.internal.codegen.ProcessingEnvironmentModule                             : loaded 3 times (x 66B)
Class dagger.internal.codegen.ServiceLoaders$1                                        : loaded 3 times (x 67B)
Class dagger.internal.codegen.xprocessing.XAnnotations$1                              : loaded 3 times (x 80B)
Class dagger.internal.codegen.xprocessing.XTypes                                      : loaded 3 times (x 67B)
Class dagger.spi.internal.shaded.androidx.room.jarjarred.kotlinx.metadata.KmTypeParameter: loaded 3 times (x 72B)
Class [Ldagger.spi.internal.shaded.androidx.room.jarjarred.kotlinx.metadata.internal.metadata.ProtoBuf$Visibility;: loaded 3 times (x 65B)
Class dagger.spi.internal.shaded.androidx.room.jarjarred.kotlinx.metadata.KmClassifier: loaded 3 times (x 67B)
Class dagger.internal.codegen.binding.DelegateDeclaration$Factory                     : loaded 3 times (x 68B)
Class dagger.hilt.processor.internal.optionvalues.BooleanValue                        : loaded 3 times (x 75B)
Class dagger.spi.internal.shaded.androidx.room.compiler.processing.javac.kotlin.JvmDescriptorTypeVisitor: loaded 3 times (x 95B)
Class dagger.internal.codegen.writing.MembersInjectorGenerator_Factory                : loaded 3 times (x 75B)
Class dagger.internal.codegen.model.AutoValue_DaggerTypeElement                       : loaded 3 times (x 71B)
Class kotlin.reflect.jvm.internal.impl.builtins.PrimitiveType$typeFqName$2            : loaded 3 times (x 75B)
Class dagger.spi.internal.shaded.androidx.room.compiler.processing.javac.JavacMethodType$NormalMethodType: loaded 3 times (x 87B)
Class dagger.spi.internal.shaded.androidx.room.compiler.processing.javac.kotlin.JvmAbi: loaded 3 times (x 67B)
Class dagger.internal.codegen.model.BindingGraphPlugin                                : loaded 3 times (x 66B)
Class dagger.internal.codegen.validation.MultibindsMethodValidator$Validator          : loaded 3 times (x 76B)
Class dagger.internal.codegen.processingstep.AssistedProcessingStep_Factory           : loaded 3 times (x 75B)
Class dagger.hilt.android.processor.internal.viewmodel.ViewModelValidationPlugin      : loaded 3 times (x 79B)
Class dagger.spi.internal.shaded.androidx.room.compiler.processing.javac.JavacArrayType: loaded 3 times (x 207B)
Class dagger.spi.internal.shaded.androidx.room.jarjarred.kotlinx.metadata.internal.metadata.ProtoBuf$Effect$InvocationKind: loaded 3 times (x 78B)
Class dagger.spi.internal.shaded.androidx.room.jarjarred.kotlinx.metadata.internal.metadata.ProtoBuf$Visibility$1: loaded 3 times (x 70B)
Class dagger.spi.internal.shaded.androidx.room.jarjarred.kotlinx.metadata.jvm.internal.JvmExtensionNodesKt: loaded 3 times (x 67B)
Class dagger.spi.internal.shaded.androidx.room.jarjarred.kotlinx.metadata.internal.ReadContext: loaded 3 times (x 68B)
Class dagger.spi.internal.shaded.androidx.room.jarjarred.kotlinx.metadata.jvm.JvmPropertyExtensionVisitor: loaded 3 times (x 78B)
Class dagger.spi.internal.shaded.androidx.room.jarjarred.kotlinx.metadata.internal.metadata.jvm.deserialization.BitEncoding: loaded 3 times (x 67B)
Class kotlin.io.FileSystemException                                                   : loaded 3 times (x 78B)
Class dagger.spi.internal.shaded.androidx.room.jarjarred.kotlinx.metadata.KmValueParameterVisitor: loaded 3 times (x 72B)
Class dagger.spi.internal.shaded.androidx.room.jarjarred.kotlinx.metadata.internal.metadata.jvm.JvmProtoBuf$JvmPropertySignature$1: loaded 3 times (x 140B)
Class dagger.internal.codegen.base.ModuleKind$1                                       : loaded 3 times (x 67B)
Class dagger.internal.codegen.componentgenerator.ComponentGeneratorModule_ComponentHjarGeneratorFactory: loaded 3 times (x 75B)
Class dagger.internal.codegen.validation.ComponentDescriptorValidator_Factory         : loaded 3 times (x 75B)
Class dagger.internal.codegen.bindinggraphvalidation.ProvisionDependencyOnProducerBindingValidator: loaded 3 times (x 81B)
Class dagger.internal.codegen.processingstep.TypeCheckingProcessingStep               : loaded 3 times (x 82B)
Class dagger.internal.codegen.binding.SourceFiles_Factory                             : loaded 3 times (x 74B)
Class [Ldagger.internal.codegen.xprocessing.XTypeElements$Visibility;                 : loaded 3 times (x 65B)
Class com.google.common.collect.CompactHashing                                        : loaded 3 times (x 67B)
Class com.squareup.kotlinpoet.TagMap                                                  : loaded 3 times (x 73B)
Class dagger.spi.internal.shaded.androidx.room.compiler.processing.javac.JavacRoundEnv: loaded 3 times (x 73B)
Class dagger.spi.internal.shaded.androidx.room.jarjarred.kotlinx.metadata.internal.protobuf.CodedInputStream: loaded 3 times (x 68B)
Class dagger.spi.internal.shaded.androidx.room.compiler.processing.javac.JavacTypeElement$xClassName$2: loaded 3 times (x 75B)
Class dagger.spi.internal.shaded.androidx.room.compiler.processing.javac.kotlin.KmClassContainer$typeParameters$2: loaded 3 times (x 75B)
Class dagger.spi.internal.shaded.androidx.room.jarjarred.kotlinx.metadata.internal.protobuf.LazyFieldLite: loaded 3 times (x 78B)
Class dagger.spi.internal.shaded.androidx.room.jarjarred.kotlinx.metadata.internal.metadata.ProtoBuf$TypeParameter: loaded 3 times (x 126B)
Class dagger.spi.internal.shaded.androidx.room.jarjarred.kotlinx.metadata.jvm.internal.JvmMetadataExtensions: loaded 3 times (x 99B)
Class dagger.spi.internal.shaded.androidx.room.jarjarred.kotlinx.metadata.KmDeclarationContainerExtensionVisitor: loaded 3 times (x 66B)
Class dagger.spi.internal.shaded.androidx.room.jarjarred.kotlinx.metadata.internal.metadata.deserialization.VersionRequirementTable$Companion: loaded 3 times (x 67B)
Class dagger.spi.internal.shaded.androidx.room.jarjarred.kotlinx.metadata.internal.metadata.ProtoBuf$VersionRequirement$VersionKind: loaded 3 times (x 78B)
Class com.google.common.collect.EmptyImmutableSetMultimap                             : loaded 3 times (x 176B)
Class dagger.internal.codegen.validation.BindingElementValidator$1                    : loaded 3 times (x 67B)
Class dagger.internal.codegen.binding.ProductionBinding                               : loaded 3 times (x 91B)
Class dagger.internal.codegen.validation.ExternalBindingGraphPlugins                  : loaded 3 times (x 68B)
Class dagger.internal.codegen.validation.ProducesMethodValidator                      : loaded 3 times (x 74B)
Class dagger.internal.codegen.binding.MultibindingDeclaration_Factory_Factory         : loaded 3 times (x 75B)
Class dagger.internal.codegen.componentgenerator.ComponentGenerator_Factory           : loaded 3 times (x 75B)
Class dagger.internal.codegen.model.Key$Builder                                       : loaded 3 times (x 72B)
Class dagger.internal.codegen.model.DaggerElement                                     : loaded 3 times (x 69B)
Class dagger.spi.internal.shaded.androidx.room.jarjarred.kotlinx.metadata.internal.metadata.ProtoBuf$AnnotationOrBuilder: loaded 3 times (x 66B)
Class dagger.spi.internal.shaded.androidx.room.jarjarred.kotlinx.metadata.internal.metadata.ProtoBuf$Property: loaded 3 times (x 144B)
Class dagger.spi.internal.shaded.androidx.room.jarjarred.kotlinx.metadata.internal.protobuf.SmallSortedMap: loaded 3 times (x 126B)
Class dagger.spi.internal.shaded.androidx.room.jarjarred.kotlinx.metadata.Attributes$hasAnnotations$14: loaded 3 times (x 133B)
Class dagger.spi.internal.shaded.androidx.room.jarjarred.kotlinx.metadata.Attributes$visibility$6: loaded 3 times (x 133B)
Class dagger.spi.internal.shaded.androidx.room.compiler.processing.javac.JavacMethodElement$propertyName$2: loaded 3 times (x 75B)
Class dagger.spi.internal.shaded.auto.common.AnnotationOutput$1                       : loaded 3 times (x 103B)
Class dagger.internal.codegen.validation.ProducesMethodValidator_Factory              : loaded 3 times (x 75B)
Class dagger.spi.internal.shaded.androidx.room.compiler.processing.ksp.KSTypeJavaPoetExtKt: loaded 3 times (x 67B)
Class kotlin.reflect.jvm.internal.KClassImpl$Data$constructors$2                      : loaded 3 times (x 75B)
Class dagger.spi.internal.shaded.androidx.room.compiler.processing.javac.kotlin.KmClassContainer$superType$2: loaded 3 times (x 75B)
Class com.squareup.kotlinpoet.Taggable                                                : loaded 3 times (x 66B)
Class dagger.internal.codegen.binding.ComponentDescriptor_Factory_Factory             : loaded 3 times (x 75B)
Class kotlin.reflect.jvm.internal.KClassCacheKt                                       : loaded 3 times (x 67B)
Class dagger.internal.codegen.validation.MapKeyValidator_Factory                      : loaded 3 times (x 75B)
Class dagger.spi.internal.shaded.androidx.room.compiler.processing.javac.kotlin.JvmDescriptorTypeVisitor$WhenMappings: loaded 3 times (x 67B)
Class [Ldagger.spi.internal.shaded.androidx.room.jarjarred.kotlinx.metadata.Modality; : loaded 3 times (x 65B)
Class dagger.spi.internal.shaded.auto.common.MoreTypes                                : loaded 3 times (x 67B)
Class dagger.spi.internal.shaded.androidx.room.jarjarred.kotlinx.metadata.internal.metadata.jvm.JvmProtoBuf: loaded 3 times (x 67B)
Class dagger.internal.codegen.binding.MultibindingDeclaration                         : loaded 3 times (x 74B)
Class dagger.internal.codegen.writing.UnwrappedMapKeyGenerator_Factory                : loaded 3 times (x 75B)
Class dagger.internal.codegen.writing.ModuleProxies$ModuleConstructorProxyGenerator   : loaded 3 times (x 73B)
Class dagger.internal.codegen.compileroption.ProcessingEnvironmentCompilerOptions$CommandLineOption: loaded 3 times (x 66B)
Class dagger.internal.codegen.validation.ComponentValidator_Factory                   : loaded 3 times (x 75B)
Class dagger.spi.internal.shaded.androidx.room.jarjarred.kotlinx.metadata.internal.metadata.ProtoBuf$Contract: loaded 3 times (x 103B)
Class dagger.spi.internal.shaded.androidx.room.jarjarred.kotlinx.metadata.internal.metadata.deserialization.Flags$BooleanFlagField: loaded 3 times (x 72B)
Class dagger.spi.internal.shaded.androidx.room.jarjarred.kotlinx.metadata.internal.metadata.jvm.JvmProtoBuf$JvmPropertySignature$Builder: loaded 3 times (x 137B)
Class [Ldagger.spi.internal.shaded.androidx.room.jarjarred.kotlinx.metadata.internal.protobuf.Internal$EnumLite;: loaded 3 times (x 65B)
Class dagger.spi.internal.shaded.androidx.room.jarjarred.kotlinx.metadata.internal.metadata.ProtoBuf$Type$1: loaded 3 times (x 140B)
Class dagger.spi.internal.shaded.androidx.room.jarjarred.kotlinx.metadata.internal.metadata.ProtoBuf$Constructor$1: loaded 3 times (x 140B)
Class dagger.spi.internal.shaded.androidx.room.jarjarred.kotlinx.metadata.KmTypeExtensionVisitor: loaded 3 times (x 66B)
Class kotlin.collections.MapWithDefaultImpl                                           : loaded 3 times (x 122B)
Class dagger.spi.internal.shaded.androidx.room.jarjarred.kotlinx.metadata.Attributes$hasAnnotations$6: loaded 3 times (x 133B)
Class dagger.spi.internal.shaded.androidx.room.jarjarred.kotlinx.metadata.jvm.JvmExtensionsKt: loaded 3 times (x 67B)
Class Build_gradle$1                                                                  : loaded 3 times (x 71B)
Class dagger.spi.internal.shaded.androidx.room.compiler.processing.ksp.KSTypeJavaPoetExtKt$typeVarNameConstructor$2: loaded 3 times (x 74B)
Class dagger.internal.codegen.validation.BindingMethodValidatorsModule_IndexValidatorsFactory: loaded 3 times (x 75B)
Class [Ldagger.internal.codegen.compileroption.FeatureStatus;                         : loaded 3 times (x 65B)
Class dagger.spi.internal.shaded.androidx.room.jarjarred.kotlinx.metadata.internal.metadata.jvm.JvmProtoBuf$StringTableTypes$Record$Operation: loaded 3 times (x 78B)
Class dagger.internal.codegen.base.MapKeyAccessibility                                : loaded 3 times (x 67B)
Class dagger.spi.internal.shaded.androidx.room.compiler.processing.XProcessingEnv$Companion: loaded 3 times (x 67B)
Class dagger.spi.internal.shaded.androidx.room.compiler.processing.javac.XTypeElementStore: loaded 3 times (x 68B)
Class dagger.spi.internal.shaded.androidx.room.jarjarred.kotlinx.metadata.internal.metadata.ProtoBuf$Constructor: loaded 3 times (x 120B)
Class dagger.hilt.android.processor.internal.viewmodel.ViewModelValidationPluginKt    : loaded 3 times (x 67B)
Class dagger.internal.codegen.validation.ProvidesMethodValidator                      : loaded 3 times (x 74B)
Class dagger.internal.codegen.DelegateComponentProcessor_SourceFileGeneratorsModule_FactoryGeneratorFactory: loaded 3 times (x 75B)
Class dagger.spi.internal.shaded.androidx.room.compiler.processing.javac.JavacConstructorElement$kotlinMetadata$2: loaded 3 times (x 75B)
Class dagger.spi.internal.shaded.androidx.room.jarjarred.kotlinx.metadata.internal.metadata.ProtoBuf$Function: loaded 3 times (x 145B)
Class dagger.spi.internal.shaded.androidx.room.jarjarred.kotlinx.metadata.internal.ReadUtilsKt: loaded 3 times (x 67B)
Class dagger.internal.codegen.binding.InjectionSiteFactory_Factory                    : loaded 3 times (x 75B)
Class com.google.devtools.ksp.symbol.KSNode                                           : loaded 3 times (x 66B)
Class dagger.spi.internal.shaded.androidx.room.compiler.processing.javac.JavacTypeElement$enclosingElement$2: loaded 3 times (x 75B)
Class dagger.internal.codegen.validation.ModuleValidator$ModuleMethodKind             : loaded 3 times (x 75B)
Class dagger.spi.internal.shaded.androidx.room.jarjarred.kotlinx.metadata.internal.metadata.jvm.JvmProtoBuf$StringTableTypes: loaded 3 times (x 106B)
Class dagger.spi.internal.shaded.androidx.room.jarjarred.kotlinx.metadata.internal.metadata.ProtoBuf$TypeParameter$Variance: loaded 3 times (x 78B)
Class dagger.internal.codegen.binding.InjectBindingRegistry                           : loaded 3 times (x 66B)
Class dagger.internal.codegen.model.Binding                                           : loaded 3 times (x 66B)
Class [Lcom.squareup.javapoet.TypeName;                                               : loaded 3 times (x 65B)
Class dagger.internal.codegen.processingstep.ComponentProcessingStep_Factory          : loaded 3 times (x 75B)
Class dagger.internal.codegen.writing.FactoryGenerator$1                              : loaded 3 times (x 67B)
Class dagger.spi.internal.shaded.androidx.room.compiler.processing.javac.JavacExecutableType$parameterTypes$2: loaded 3 times (x 75B)
Class dagger.internal.codegen.base.SourceFileGenerator                                : loaded 3 times (x 73B)
Class dagger.internal.codegen.binding.SourceFiles                                     : loaded 3 times (x 67B)
Class dagger.spi.internal.shaded.androidx.room.jarjarred.kotlinx.metadata.internal.protobuf.GeneratedMessageLite$ExtendableMessageOrBuilder: loaded 3 times (x 66B)
Class dagger.internal.codegen.DaggerDelegateComponentProcessor_Injector               : loaded 3 times (x 67B)
Class dagger.spi.internal.shaded.auto.common.MoreTypes$ArrayTypeVisitor               : loaded 3 times (x 98B)
Class dagger.spi.internal.shaded.androidx.room.compiler.processing.javac.kotlin.KmClassContainer$superTypes$2: loaded 3 times (x 75B)
Class [Ldagger.spi.internal.shaded.androidx.room.jarjarred.kotlinx.metadata.internal.metadata.ProtoBuf$VersionRequirement$VersionKind;: loaded 3 times (x 65B)
Class dagger.spi.internal.shaded.androidx.room.jarjarred.kotlinx.metadata.internal.extensions.KmFunctionExtension: loaded 3 times (x 66B)
Class dagger.spi.internal.shaded.auto.common.AnnotationOutput                         : loaded 3 times (x 67B)
Class dagger.spi.internal.shaded.androidx.room.jarjarred.kotlinx.metadata.jvm.KotlinClassMetadata$Class: loaded 3 times (x 73B)
Class dagger.spi.internal.shaded.androidx.room.compiler.processing.javac.JavacTypeElement: loaded 3 times (x 296B)
Class dagger.spi.internal.shaded.androidx.room.compiler.processing.javac.JavacProcessingEnvMessager: loaded 3 times (x 69B)
Class dagger.spi.internal.shaded.androidx.room.compiler.processing.javac.JavacTypeElement$Companion$WhenMappings: loaded 3 times (x 67B)
Class dagger.spi.internal.shaded.androidx.room.jarjarred.kotlinx.metadata.internal.metadata.jvm.deserialization.JvmProtoBufUtil: loaded 3 times (x 67B)
Class dagger.spi.internal.shaded.androidx.room.jarjarred.kotlinx.metadata.internal.FlagDelegatesImplKt$propertyBooleanFlag$1: loaded 3 times (x 133B)
Class [Ldagger.internal.codegen.validation.BindingElementValidator$AllowsMultibindings;: loaded 3 times (x 65B)
Class dagger.internal.codegen.validation.BindsInstanceParameterValidator              : loaded 3 times (x 74B)
Class com.google.common.graph.Network                                                 : loaded 3 times (x 66B)
Class dagger.internal.codegen.model.BindingGraph$Edge                                 : loaded 3 times (x 66B)
Class dagger.internal.codegen.base.ComponentCreatorKind                               : loaded 3 times (x 75B)
Class dagger.hilt.processor.internal.HiltCompilerOptions                              : loaded 3 times (x 67B)
Class dagger.internal.codegen.javapoet.TypeNames                                      : loaded 3 times (x 67B)
Class dagger.internal.codegen.validation.ModuleValidator_Factory                      : loaded 3 times (x 75B)
Class dagger.internal.codegen.validation.BindsOptionalOfMethodValidator_Factory       : loaded 3 times (x 75B)
Class dagger.internal.codegen.binding.ContributionBinding$1                           : loaded 3 times (x 67B)
Class dagger.spi.internal.shaded.androidx.room.compiler.processing.javac.JavacExecutableElement: loaded 3 times (x 219B)
Class dagger.spi.internal.shaded.androidx.room.compiler.processing.InternalXAnnotation: loaded 3 times (x 135B)
Class dagger.spi.internal.shaded.androidx.room.jarjarred.kotlinx.metadata.internal.metadata.deserialization.Flags$EnumLiteFlagField: loaded 3 times (x 72B)
Class dagger.spi.internal.shaded.androidx.room.compiler.processing.javac.JavacDeclaredType: loaded 3 times (x 183B)
Class dagger.spi.internal.shaded.androidx.room.jarjarred.kotlinx.metadata.internal.metadata.ProtoBuf$Package: loaded 3 times (x 125B)
Class dagger.spi.internal.shaded.androidx.room.compiler.processing.javac.JavacAnnotation$annotationValues$2: loaded 3 times (x 75B)
Class dagger.internal.DoubleCheck                                                     : loaded 3 times (x 76B)
Class net.ltgt.gradle.incap.IncrementalAnnotationProcessorType                        : loaded 3 times (x 75B)
Class dagger.spi.internal.shaded.androidx.room.compiler.processing.XElementKt         : loaded 3 times (x 67B)
Class dagger.internal.codegen.writing.InjectionMethods                                : loaded 3 times (x 67B)
Class [Ldagger.internal.codegen.validation.BindingElementValidator$AllowsScoping;     : loaded 3 times (x 65B)
Class dagger.internal.codegen.validation.BindingMethodValidator                       : loaded 3 times (x 74B)
Class dagger.internal.codegen.processingstep.MonitoringModuleProcessingStep_Factory   : loaded 3 times (x 75B)
Class dagger.internal.codegen.base.DaggerSuperficialValidation$ValidationException$UnknownErrorType: loaded 3 times (x 79B)
Class [Ldagger.internal.codegen.compileroption.ProcessingEnvironmentCompilerOptions$EnumOption;: loaded 3 times (x 65B)
Class dagger.internal.codegen.bindinggraphvalidation.InjectBindingValidator_Factory   : loaded 3 times (x 75B)
Class dagger.hilt.processor.internal.Processors                                       : loaded 3 times (x 67B)
Class dagger.spi.internal.shaded.androidx.room.compiler.processing.javac.kotlin.KmClassContainer$functionByDescriptor$2: loaded 3 times (x 75B)
Class dagger.spi.internal.shaded.androidx.room.jarjarred.kotlinx.metadata.Attributes$kind$7: loaded 3 times (x 133B)
Class dagger.spi.internal.shaded.androidx.room.jarjarred.kotlinx.metadata.KmClass     : loaded 3 times (x 94B)
Class dagger.spi.internal.shaded.androidx.room.jarjarred.kotlinx.metadata.jvm.JvmTypeParameterExtensionVisitor$Companion: loaded 3 times (x 67B)
Class dagger.spi.internal.shaded.androidx.room.compiler.processing.XMessager          : loaded 3 times (x 69B)
Class dagger.internal.codegen.writing.InjectionMethods$CheckNotNullPolicy             : loaded 3 times (x 75B)
Class dagger.internal.codegen.base.ElementFormatter_Factory                           : loaded 3 times (x 74B)
Class dagger.spi.internal.shaded.androidx.room.compiler.processing.javac.kotlin.KmValueParameterContainer: loaded 3 times (x 68B)
Class dagger.internal.codegen.validation.MapKeyValidator                              : loaded 3 times (x 68B)
Class dagger.internal.codegen.binding.AutoValue_ComponentDescriptor                   : loaded 3 times (x 86B)
Class com.google.common.graph.BaseGraph                                               : loaded 3 times (x 66B)
Class dagger.internal.codegen.processingstep.ModuleProcessingStep_Factory             : loaded 3 times (x 75B)
Class com.google.common.graph.PredecessorsFunction                                    : loaded 3 times (x 66B)
Class dagger.spi.internal.shaded.androidx.room.compiler.processing.javac.JavacProcessingEnv$messager$2: loaded 3 times (x 75B)
Class dagger.internal.codegen.compileroption.CompilerOptions                          : loaded 3 times (x 90B)
Class dagger.spi.internal.shaded.androidx.room.compiler.processing.InternalXAnnotationValue$Companion: loaded 3 times (x 67B)
Class dagger.spi.internal.shaded.androidx.room.compiler.processing.CommonProcessorDelegate$processRound$currentElementsDeferredByStep$1$stepDeferredElementsByAnnotation$1: loaded 3 times (x 74B)
Class dagger.internal.codegen.base.RequestKinds$1                                     : loaded 3 times (x 67B)
Class dagger.internal.codegen.base.DaggerSuperficialValidation$1                      : loaded 3 times (x 67B)
Class dagger.spi.internal.shaded.androidx.room.compiler.processing.javac.JavacMethodParameter: loaded 3 times (x 221B)
Class [Ldagger.internal.codegen.validation.ValidationBindingGraphPlugin;              : loaded 3 times (x 65B)
Class dagger.internal.codegen.binding.ModuleDescriptor$Factory                        : loaded 3 times (x 71B)
Class dagger.internal.codegen.processingstep.BindsInstanceProcessingStep_Factory      : loaded 3 times (x 75B)
Class dagger.internal.codegen.validation.BindingMethodValidator$ExceptionSuperclass$1 : loaded 3 times (x 77B)
Class dagger.internal.codegen.writing.UnwrappedMapKeyGenerator                        : loaded 3 times (x 76B)
Class dagger.spi.internal.shaded.androidx.room.compiler.processing.XExecutableType    : loaded 3 times (x 66B)
Class dagger.internal.codegen.bindinggraphvalidation.SetMultibindingValidator_Factory$InstanceHolder: loaded 3 times (x 67B)
Class dagger.internal.codegen.bindinggraphvalidation.MissingBindingValidator_Factory  : loaded 3 times (x 75B)
Class dagger.internal.codegen.binding.ModuleDescriptor_Factory_Factory                : loaded 3 times (x 75B)
Class dagger.internal.codegen.binding.DelegateDeclaration_Factory_Factory             : loaded 3 times (x 75B)
Class dagger.spi.internal.shaded.androidx.room.compiler.processing.javac.kotlin.KmClassContainer: loaded 3 times (x 75B)
Class dagger.spi.internal.shaded.androidx.room.compiler.processing.javac.kotlin.KotlinClassMetadataUtilsKt: loaded 3 times (x 67B)
Class kotlin.reflect.jvm.internal.KMutableProperty1Impl$_setter$1                     : loaded 3 times (x 75B)
Class [Ldagger.spi.internal.shaded.androidx.room.jarjarred.kotlinx.metadata.internal.metadata.ProtoBuf$Type$Argument$Projection;: loaded 3 times (x 65B)
Class dagger.spi.internal.shaded.androidx.room.jarjarred.kotlinx.metadata.internal.protobuf.RopeByteString: loaded 3 times (x 106B)
Class dagger.spi.internal.shaded.androidx.room.jarjarred.kotlinx.metadata.internal.metadata.jvm.JvmProtoBuf$StringTableTypes$1: loaded 3 times (x 140B)
Class dagger.spi.internal.shaded.androidx.room.jarjarred.kotlinx.metadata.internal.extensions.MetadataExtensions$Companion: loaded 3 times (x 67B)
Class [Ldagger.spi.internal.shaded.androidx.room.jarjarred.kotlinx.metadata.ClassKind;: loaded 3 times (x 65B)
Class dagger.spi.internal.shaded.androidx.room.jarjarred.kotlinx.metadata.internal.extensions.ExtensionUtilsKt: loaded 3 times (x 67B)
Class dagger.spi.internal.shaded.androidx.room.jarjarred.kotlinx.metadata.Attributes$hasAnnotations$10: loaded 3 times (x 133B)
Class com.squareup.kotlinpoet.WildcardTypeName$Companion                              : loaded 3 times (x 67B)
Class kotlin.reflect.jvm.internal.KClassImpl$Data$sealedSubclasses$2                  : loaded 3 times (x 75B)
Class dagger.internal.codegen.DaggerDelegateComponentProcessor_Injector$InjectorImpl  : loaded 3 times (x 71B)
Class dagger.internal.codegen.bindinggraphvalidation.ProvisionDependencyOnProducerBindingValidator_Factory: loaded 3 times (x 74B)
Class dagger.internal.codegen.model.AutoValue_Key_MultibindingContributionIdentifier  : loaded 3 times (x 70B)
Class dagger.internal.codegen.validation.BindingMethodValidator$ExceptionSuperclass$2 : loaded 3 times (x 77B)
Class dagger.internal.codegen.base.ContributionType$HasContributionType               : loaded 3 times (x 66B)
Class [Ldagger.internal.codegen.compileroption.ProcessingEnvironmentCompilerOptions$Feature;: loaded 3 times (x 65B)
Class dagger.spi.internal.shaded.androidx.room.jarjarred.kotlinx.metadata.jvm.JvmFieldSignature: loaded 3 times (x 70B)
Class dagger.internal.codegen.kotlin.KotlinMetadataUtil                               : loaded 3 times (x 68B)
Class dagger.internal.codegen.binding.BindingDeclarationFormatter_Factory             : loaded 3 times (x 75B)
Class [Ldagger.spi.internal.shaded.androidx.room.compiler.processing.InternalXAnnotationValue$Kind;: loaded 3 times (x 65B)
Class dagger.internal.codegen.xprocessing.XAnnotationValues$1                         : loaded 3 times (x 80B)
Class [Ldagger.hilt.processor.internal.root.RootType;                                 : loaded 3 times (x 65B)
Class kotlin.annotation.Repeatable                                                    : loaded 3 times (x 66B)
Class com.squareup.javapoet.ClassName$1                                               : loaded 3 times (x 93B)
Class dagger.spi.internal.shaded.androidx.room.compiler.processing.javac.JavacMethodElement$returnType$2: loaded 3 times (x 75B)
Class dagger.spi.internal.shaded.androidx.room.compiler.processing.javac.JavacAnnotation$type$2: loaded 3 times (x 75B)
Class dagger.spi.internal.shaded.androidx.room.compiler.processing.javac.JavacType$xTypeName$2: loaded 3 times (x 75B)
Class dagger.spi.internal.shaded.androidx.room.jarjarred.kotlinx.metadata.internal.metadata.ProtoBuf$Expression$ConstantValue: loaded 3 times (x 78B)
Class dagger.spi.internal.shaded.androidx.room.compiler.processing.javac.JavacElement : loaded 3 times (x 175B)
Class dagger.spi.internal.shaded.androidx.room.jarjarred.kotlinx.metadata.internal.metadata.ProtoBuf$Type$Argument$Projection$1: loaded 3 times (x 70B)
Class [Ldagger.spi.internal.shaded.androidx.room.jarjarred.kotlinx.metadata.internal.protobuf.WireFormat$JavaType;: loaded 3 times (x 65B)
Class dagger.spi.internal.shaded.androidx.room.compiler.processing.InternalXAnnotated : loaded 3 times (x 66B)
Class dagger.hilt.android.processor.internal.bindvalue.AutoValue_BindValueMetadata    : loaded 3 times (x 70B)
Class dagger.spi.internal.shaded.androidx.room.jarjarred.kotlinx.metadata.internal.protobuf.MessageLiteOrBuilder: loaded 3 times (x 66B)
Class dagger.spi.model.DaggerProcessingEnv                                            : loaded 3 times (x 71B)
Class [Ldagger.spi.model.DaggerProcessingEnv$Backend;                                 : loaded 3 times (x 65B)
Class dagger.spi.internal.shaded.androidx.room.compiler.processing.javac.JavacFieldElement$setter$2: loaded 3 times (x 75B)
Class dagger.spi.internal.shaded.androidx.room.jarjarred.kotlinx.metadata.internal.metadata.jvm.deserialization.JvmMemberSignature$Method: loaded 3 times (x 71B)
Class dagger.spi.internal.shaded.auto.common.MoreTypes$TypeEquivalence                : loaded 3 times (x 78B)
Class dagger.internal.codegen.binding.BindingDeclarationFormatter                     : loaded 3 times (x 82B)
Class dagger.internal.codegen.binding.$AutoValue_ComponentDescriptor                  : loaded 3 times (x 85B)
Class dagger.internal.codegen.binding.AutoValue_MultibindingDeclaration               : loaded 3 times (x 75B)
Class dagger.internal.codegen.validation.BindingMethodValidator$ExceptionSuperclass$3 : loaded 3 times (x 77B)
Class dagger.spi.internal.shaded.androidx.room.compiler.processing.javac.JavacArrayType$xTypeName$2: loaded 3 times (x 75B)
Class dagger.spi.internal.shaded.androidx.room.compiler.processing.XExecutableElement : loaded 3 times (x 66B)
Class kotlin.reflect.jvm.internal.impl.builtins.PrimitiveType$arrayTypeFqName$2       : loaded 3 times (x 75B)
Class dagger.spi.internal.shaded.androidx.room.compiler.processing.XHasModifiers      : loaded 3 times (x 66B)
Class dagger.internal.codegen.processingstep.SuperficialValidator                     : loaded 3 times (x 71B)
Class dagger.spi.internal.shaded.androidx.room.compiler.processing.javac.kotlin.KmFunctionContainerImpl: loaded 3 times (x 96B)
Class dagger.spi.internal.shaded.androidx.room.compiler.processing.javac.JavacMethodType: loaded 3 times (x 87B)
Class dagger.internal.codegen.xprocessing.XMethodElements                             : loaded 3 times (x 67B)
Class dagger.spi.internal.shaded.androidx.room.jarjarred.kotlinx.metadata.internal.protobuf.AbstractMessageLite$Builder$LimitedInputStream: loaded 3 times (x 88B)
Class dagger.internal.codegen.processingstep.AssistedFactoryProcessingStep            : loaded 3 times (x 82B)
Class dagger.internal.codegen.componentgenerator.ComponentGeneratorModule             : loaded 3 times (x 66B)
Class dagger.spi.internal.shaded.auto.common.MoreTypes$ExecutableTypeVisitor          : loaded 3 times (x 98B)
Class dagger.internal.codegen.base.AutoValue_ModuleAnnotation                         : loaded 3 times (x 72B)
Class dagger.internal.codegen.model.DaggerAnnotation                                  : loaded 3 times (x 72B)
Class dagger.MembersInjector                                                          : loaded 3 times (x 66B)
Class dagger.internal.codegen.binding.FrameworkType$3                                 : loaded 3 times (x 67B)
Class dagger.internal.codegen.binding.FrameworkField                                  : loaded 3 times (x 69B)
Class dagger.internal.codegen.processingstep.SuperficialValidator_Factory             : loaded 3 times (x 75B)
Class dagger.spi.internal.shaded.androidx.room.compiler.processing.javac.JavacAnnotationValue$1: loaded 3 times (x 75B)
Class [Ldagger.spi.internal.shaded.androidx.room.jarjarred.kotlinx.metadata.internal.metadata.ProtoBuf$Expression$ConstantValue;: loaded 3 times (x 65B)
Class dagger.spi.internal.shaded.androidx.room.jarjarred.kotlinx.metadata.internal.BooleanFlagDelegate: loaded 3 times (x 68B)
Class dagger.spi.internal.shaded.androidx.room.jarjarred.kotlinx.metadata.internal.protobuf.ByteString$Output: loaded 3 times (x 82B)
Class dagger.spi.internal.shaded.androidx.room.compiler.processing.XMemberContainer   : loaded 3 times (x 66B)
Class [Ldagger.spi.internal.shaded.androidx.room.compiler.processing.XProcessingEnv$Backend;: loaded 3 times (x 65B)
Class dagger.hilt.processor.internal.ProcessorErrorHandler                            : loaded 3 times (x 68B)
Class com.google.devtools.ksp.symbol.KSAnnotated                                      : loaded 3 times (x 66B)
Class dagger.spi.internal.shaded.androidx.room.jarjarred.kotlinx.metadata.KmVariance  : loaded 3 times (x 75B)
Class dagger.spi.internal.shaded.androidx.room.jarjarred.kotlinx.metadata.Attributes$hasAnnotations$2: loaded 3 times (x 133B)
Class dagger.spi.internal.shaded.androidx.room.compiler.processing.javac.JavacType$rawType$2: loaded 3 times (x 75B)
Class dagger.spi.internal.shaded.androidx.room.compiler.processing.javac.JavacTypeVariableType$equalityItems$2: loaded 3 times (x 75B)
Class dagger.spi.internal.shaded.androidx.room.compiler.processing.javac.JavacTypeVariableType: loaded 3 times (x 207B)
Class com.squareup.kotlinpoet.TypeNames                                               : loaded 3 times (x 67B)
Class dagger.internal.codegen.binding.AutoValue_ProvisionBinding                      : loaded 3 times (x 92B)
Class dagger.internal.codegen.validation.ComponentValidator                           : loaded 3 times (x 71B)
Class dagger.internal.codegen.writing.ProducerFactoryGenerator$FutureTransform        : loaded 3 times (x 74B)
Class dagger.internal.codegen.validation.BindsInstanceMethodValidator_Factory         : loaded 3 times (x 75B)
Class dagger.internal.codegen.validation.DiagnosticMessageGenerator_Factory_Factory   : loaded 3 times (x 75B)
Class dagger.spi.internal.shaded.androidx.room.compiler.processing.javac.JavacArrayType$componentType$2: loaded 3 times (x 75B)
Class dagger.spi.internal.shaded.androidx.room.compiler.processing.XMethodElementKt   : loaded 3 times (x 67B)
Class dagger.spi.internal.shaded.androidx.room.jarjarred.kotlinx.metadata.Attributes$isNullCheckPredicate$2: loaded 3 times (x 133B)
Class dagger.spi.internal.shaded.androidx.room.jarjarred.kotlinx.metadata.internal.FlagDelegatesImplKt$typeBooleanFlag$1: loaded 3 times (x 133B)
Class dagger.spi.internal.shaded.auto.common.MoreTypes$DeclaredTypeVisitor            : loaded 3 times (x 98B)
Class dagger.spi.internal.shaded.androidx.room.jarjarred.kotlinx.metadata.internal.metadata.ProtoBuf$TypeTable: loaded 3 times (x 105B)
Class kotlin.reflect.jvm.internal.KClassImpl$Data$allNonStaticMembers$2               : loaded 3 times (x 75B)
Class dagger.spi.internal.shaded.androidx.room.compiler.processing.XElement           : loaded 3 times (x 66B)
Class dagger.internal.codegen.DelegateComponentProcessor$Injector$Factory             : loaded 3 times (x 66B)
Class dagger.internal.codegen.model.BindingGraph$Node                                 : loaded 3 times (x 66B)
Class dagger.internal.codegen.writing.InaccessibleMapKeyProxyGenerator_Factory        : loaded 3 times (x 75B)
Class dagger.internal.codegen.binding.$AutoValue_MembersInjectionBinding_InjectionSite: loaded 3 times (x 73B)
Class dagger.spi.internal.shaded.androidx.room.compiler.processing.javac.JavacTypeElement$className$2: loaded 3 times (x 75B)
Class dagger.internal.codegen.model.AutoValue_DaggerAnnotation                        : loaded 3 times (x 73B)
Class dagger.internal.codegen.bindinggraphvalidation.DependencyCycleValidator         : loaded 3 times (x 81B)
Class dagger.internal.codegen.bindinggraphvalidation.SubcomponentFactoryMethodValidator_Factory: loaded 3 times (x 74B)
Class dagger.spi.internal.shaded.androidx.room.jarjarred.kotlinx.metadata.MemberKind  : loaded 3 times (x 75B)
Class dagger.spi.internal.shaded.auto.common.Overrides                                : loaded 3 times (x 68B)
Class dagger.spi.internal.shaded.androidx.room.compiler.processing.javac.kotlin.KmClassContainer$type$2: loaded 3 times (x 75B)
Class dagger.spi.internal.shaded.androidx.room.jarjarred.kotlinx.metadata.internal.metadata.ProtoBuf$Package$1: loaded 3 times (x 140B)
Class dagger.spi.internal.shaded.androidx.room.jarjarred.kotlinx.metadata.internal.extensions.KmConstructorExtension: loaded 3 times (x 66B)
Class dagger.spi.internal.shaded.androidx.room.compiler.processing.javac.JavacTypeElement$superClass$2: loaded 3 times (x 75B)
Class [Lnet.ltgt.gradle.incap.IncrementalAnnotationProcessorType;                     : loaded 3 times (x 65B)
Class [Ldagger.spi.internal.shaded.androidx.room.jarjarred.kotlinx.metadata.internal.metadata.ProtoBuf$Modality;: loaded 3 times (x 65B)
Class dagger.spi.internal.shaded.androidx.room.compiler.processing.javac.JavacFieldElement: loaded 3 times (x 223B)
Class dagger.spi.internal.shaded.androidx.room.compiler.processing.javac.JavacMethodParameter$kotlinMetadata$2: loaded 3 times (x 75B)
Class dagger.internal.codegen.binding.SourceFiles$1                                   : loaded 3 times (x 67B)
Class dagger.internal.codegen.model.AutoValue_DaggerType                              : loaded 3 times (x 71B)
Class [Ldagger.internal.codegen.javapoet.AnnotationSpecs$Suppression;                 : loaded 3 times (x 65B)
Class dagger.spi.internal.shaded.androidx.room.compiler.processing.javac.JavacMethodElement$executableType$2: loaded 3 times (x 75B)
Class dagger.spi.internal.shaded.auto.common.MoreTypes$TypeVariableVisitor            : loaded 3 times (x 98B)
Class dagger.spi.internal.shaded.androidx.room.compiler.processing.javac.JavacArrayType$equalityItems$2: loaded 3 times (x 75B)
Class dagger.internal.codegen.base.FrameworkTypes                                     : loaded 3 times (x 67B)
Class dagger.spi.internal.shaded.androidx.room.compiler.processing.javac.kotlin.JvmDescriptorUtilsKt: loaded 3 times (x 67B)
Class com.google.common.collect.ImmutableMap$MapViewOfValuesAsSingletonSets$1$1       : loaded 3 times (x 79B)
Class dagger.internal.codegen.validation.BindingElementValidator$ElementValidator     : loaded 3 times (x 73B)
Class dagger.internal.codegen.binding.ComponentDescriptor$Factory                     : loaded 3 times (x 71B)
Class dagger.spi.model.BindingGraph$Edge                                              : loaded 3 times (x 66B)
Class dagger.internal.codegen.base.UniqueNameSet                                      : loaded 3 times (x 68B)
Class dagger.spi.internal.shaded.androidx.room.compiler.processing.javac.JavacConstructorElement: loaded 3 times (x 252B)
Class dagger.spi.internal.shaded.androidx.room.jarjarred.kotlinx.metadata.internal.FlagDelegatesImplKt$valueParameterBooleanFlag$1: loaded 3 times (x 133B)
Class dagger.spi.internal.shaded.androidx.room.jarjarred.kotlinx.metadata.internal.FlagDelegatesImplKt$propertyAccessorBooleanFlag$1: loaded 3 times (x 133B)
Class dagger.spi.internal.shaded.androidx.room.jarjarred.kotlinx.metadata.internal.FlagDelegatesImplKt$constructorBooleanFlag$1: loaded 3 times (x 133B)
Class dagger.spi.internal.shaded.androidx.room.jarjarred.kotlinx.metadata.internal.metadata.ProtoBuf$Visibility: loaded 3 times (x 78B)
Class dagger.spi.internal.shaded.androidx.room.jarjarred.kotlinx.metadata.jvm.JvmMethodSignature: loaded 3 times (x 70B)
Class dagger.spi.internal.shaded.androidx.room.jarjarred.kotlinx.metadata.internal.metadata.jvm.deserialization.JvmMemberSignature: loaded 3 times (x 70B)
Class dagger.spi.internal.shaded.androidx.room.jarjarred.kotlinx.metadata.internal.metadata.jvm.deserialization.UtfEncodingKt: loaded 3 times (x 67B)
Class dagger.spi.internal.shaded.androidx.room.compiler.processing.XEquality          : loaded 3 times (x 66B)
Class dagger.hilt.processor.internal.root.RootType                                    : loaded 3 times (x 75B)
Class dagger.spi.internal.shaded.androidx.room.compiler.processing.javac.JavacProcessingEnv$Companion: loaded 3 times (x 67B)
Class dagger.spi.model.BindingGraph$Node                                              : loaded 3 times (x 66B)
Class kotlin.reflect.jvm.internal.KDeclarationContainerImpl$Data$moduleData$2         : loaded 3 times (x 75B)
Class dagger.spi.internal.shaded.androidx.room.compiler.processing.javac.JavacAnnotation$defaultValues$2: loaded 3 times (x 75B)
Class dagger.spi.internal.shaded.androidx.room.jarjarred.kotlinx.metadata.Attributes$kind$2: loaded 3 times (x 133B)
Class dagger.spi.internal.shaded.androidx.room.jarjarred.kotlinx.metadata.jvm.JvmFunctionExtensionVisitor$Companion: loaded 3 times (x 67B)
Class dagger.internal.codegen.binding.FrameworkType$2                                 : loaded 3 times (x 80B)
Class dagger.internal.codegen.base.MapType                                            : loaded 3 times (x 76B)
Class dagger.internal.codegen.extension.DaggerCollectors$ToOptionalState              : loaded 3 times (x 68B)
Class dagger.internal.codegen.validation.DependencyRequestValidator$Validator         : loaded 3 times (x 68B)
Class dagger.spi.internal.shaded.androidx.room.jarjarred.kotlinx.metadata.InconsistentKotlinMetadataException: loaded 3 times (x 78B)
Class dagger.spi.internal.shaded.androidx.room.compiler.processing.javac.kotlin.KmFunctionContainer: loaded 3 times (x 66B)
Class dagger.internal.codegen.processingstep.MapKeyProcessingStep                     : loaded 3 times (x 82B)
Class dagger.spi.internal.shaded.androidx.room.jarjarred.kotlinx.metadata.internal.protobuf.FieldSet: loaded 3 times (x 68B)
Class dagger.spi.internal.shaded.androidx.room.compiler.processing.javac.JavacMethodElement$typeParameters$2: loaded 3 times (x 75B)
Class dagger.spi.internal.shaded.androidx.room.compiler.processing.XMethodElement     : loaded 3 times (x 66B)
Class dagger.spi.internal.shaded.auto.common.AnnotationMirrors                        : loaded 3 times (x 67B)
Class dagger.spi.internal.shaded.androidx.room.jarjarred.kotlinx.metadata.internal.protobuf.Internal$EnumLite: loaded 3 times (x 66B)
Class kotlin.reflect.jvm.internal.KCallableImpl$_typeParameters$1                     : loaded 3 times (x 75B)
Class kotlin.reflect.jvm.internal.pcollections.MapEntry                               : loaded 3 times (x 68B)
Class dagger.spi.internal.shaded.androidx.room.jarjarred.kotlinx.metadata.internal.metadata.jvm.deserialization.JvmNameResolverBase$WhenMappings: loaded 3 times (x 67B)
Class dagger.spi.internal.shaded.androidx.room.jarjarred.kotlinx.metadata.internal.extensions.MetadataExtensions$Companion$INSTANCES$2: loaded 3 times (x 74B)
Class dagger.spi.internal.shaded.androidx.room.jarjarred.kotlinx.metadata.internal.extensions.MetadataExtensions: loaded 3 times (x 66B)
Class dagger.spi.internal.shaded.androidx.room.compiler.processing.util.MemoizedSequence: loaded 3 times (x 71B)
Class dagger.spi.internal.shaded.androidx.room.jarjarred.kotlinx.metadata.jvm.KotlinClassMetadata$Companion: loaded 3 times (x 67B)
Class dagger.spi.internal.shaded.androidx.room.jarjarred.kotlinx.metadata.jvm.JvmPropertyExtensionVisitor$Companion: loaded 3 times (x 67B)
Class kotlin.reflect.jvm.internal.pcollections.IntTreePMap                            : loaded 3 times (x 68B)
Class dagger.internal.codegen.binding.KeyFactory_Factory                              : loaded 3 times (x 75B)
Class dagger.internal.codegen.validation.MembersInjectionValidator                    : loaded 3 times (x 68B)
Class dagger.spi.internal.shaded.androidx.room.jarjarred.kotlinx.metadata.KmExtensionType: loaded 3 times (x 68B)
Class dagger.spi.internal.shaded.androidx.room.compiler.processing.javac.kotlin.KmClassContainer$propertyList$2: loaded 3 times (x 75B)
Class dagger.spi.internal.shaded.androidx.room.compiler.processing.XType              : loaded 3 times (x 66B)
Class dagger.internal.codegen.model.BindingGraph                                      : loaded 3 times (x 89B)
Class dagger.internal.codegen.binding.MembersInjectionBinding                         : loaded 3 times (x 81B)
Class dagger.spi.internal.shaded.androidx.room.compiler.processing.XConstructorElement: loaded 3 times (x 66B)
Class dagger.internal.codegen.validation.InjectBindingRegistryImpl$BindingsCollection : loaded 3 times (x 68B)
Class dagger.spi.internal.shaded.androidx.room.jarjarred.kotlinx.metadata.internal.FlagDelegatesImplKt$classBooleanFlag$1: loaded 3 times (x 133B)
Class kotlin.reflect.jvm.internal.KProperty1Impl$_getter$1                            : loaded 3 times (x 75B)
Class dagger.spi.internal.shaded.androidx.room.jarjarred.kotlinx.metadata.internal.metadata.ProtoBuf$Annotation$1: loaded 3 times (x 140B)
Class [Ldagger.internal.codegen.base.ClearableCache;                                  : loaded 3 times (x 65B)
Class kotlin.jvm.functions.Function3                                                  : loaded 3 times (x 66B)
Class dagger.spi.internal.shaded.androidx.room.compiler.processing.javac.kotlin.KmVisibility: loaded 3 times (x 66B)
Class dagger.internal.codegen.writing.InjectionMethods$ProvisionMethod                : loaded 3 times (x 67B)
Class dagger.spi.internal.shaded.androidx.room.jarjarred.kotlinx.metadata.internal.metadata.ProtoBuf$TypeParameter$1: loaded 3 times (x 140B)
Class dagger.spi.internal.shaded.androidx.room.jarjarred.kotlinx.metadata.internal.extensions.KmPropertyExtension: loaded 3 times (x 66B)
Class dagger.spi.internal.shaded.androidx.room.compiler.processing.javac.JavacExecutableElement$jvmDescriptor$2: loaded 3 times (x 75B)
Class dagger.spi.internal.shaded.androidx.room.compiler.processing.KClassExtKt        : loaded 3 times (x 67B)
Class dagger.internal.codegen.binding.ComponentDescriptor                             : loaded 3 times (x 83B)
Class dagger.internal.codegen.processingstep.MultibindingAnnotationsProcessingStep_Factory: loaded 3 times (x 75B)
Class [Ldagger.internal.codegen.binding.FrameworkTypeMapper;                          : loaded 3 times (x 65B)
Class dagger.internal.codegen.writing.AnnotationCreatorGenerator_Factory              : loaded 3 times (x 75B)
Class [Ldagger.internal.codegen.compileroption.ValidationType;                        : loaded 3 times (x 65B)
Class dagger.internal.codegen.base.ElementFormatter_Factory$InstanceHolder            : loaded 3 times (x 67B)
Class com.squareup.javapoet.TypeName$1                                                : loaded 3 times (x 105B)
Class dagger.internal.codegen.binding.FrameworkType$1                                 : loaded 3 times (x 80B)
Class kotlin.reflect.jvm.internal.KClassImpl$Data$typeParameters$2                    : loaded 3 times (x 75B)
Class dagger.internal.Preconditions                                                   : loaded 3 times (x 67B)
Class dagger.internal.codegen.validation.MembersInjectionValidator_Factory            : loaded 3 times (x 75B)
Class dagger.spi.internal.shaded.androidx.room.compiler.processing.javac.JavacProcessingEnv$WhenMappings: loaded 3 times (x 67B)
Class kotlin.reflect.jvm.internal.ReflectProperties$LazyVal                           : loaded 3 times (x 71B)
Class dagger.spi.internal.shaded.androidx.room.jarjarred.kotlinx.metadata.internal.metadata.ProtoBuf$ValueParameter$1: loaded 3 times (x 140B)
Class dagger.spi.internal.shaded.androidx.room.jarjarred.kotlinx.metadata.KmFunction  : loaded 3 times (x 78B)
Class dagger.spi.internal.shaded.androidx.room.jarjarred.kotlinx.metadata.internal.metadata.deserialization.Flags$FlagField: loaded 3 times (x 69B)
Class dagger.spi.internal.shaded.androidx.room.compiler.processing.javac.JavacMethodElement$parameters$2: loaded 3 times (x 75B)
Class dagger.internal.codegen.bindinggraphvalidation.CompositeBindingGraphPlugin_Factory: loaded 3 times (x 68B)
Class [Ldagger.internal.codegen.model.RequestKind;                                    : loaded 3 times (x 65B)
Class dagger.internal.codegen.validation.BindsMethodValidator$Validator               : loaded 3 times (x 76B)
Class dagger.internal.codegen.writing.ProducerFactoryGenerator$SingleArgFutureTransform: loaded 3 times (x 74B)
Class dagger.internal.codegen.binding.Nullability                                     : loaded 3 times (x 69B)
Class dagger.spi.internal.shaded.androidx.room.compiler.processing.DeclarationCollectorKt$collectAllMethods$1: loaded 3 times (x 91B)
Class com.squareup.kotlinpoet.TypeName                                                : loaded 3 times (x 78B)
Class dagger.internal.codegen.base.AutoValue_MapType                                  : loaded 3 times (x 76B)
Class com.squareup.javapoet.TypeName$2                                                : loaded 3 times (x 67B)
Class dagger.internal.codegen.binding.Binding                                         : loaded 3 times (x 79B)
Class dagger.internal.codegen.binding.OptionalBindingDeclaration_Factory_Factory      : loaded 3 times (x 75B)
Class dagger.spi.internal.shaded.androidx.room.compiler.processing.javac.JavacDeclaredType$typeArguments$2: loaded 3 times (x 75B)
Class kotlin.reflect.jvm.internal.KClassImpl$Data$objectInstance$2                    : loaded 3 times (x 75B)
Class dagger.internal.codegen.processingstep.AssistedInjectProcessingStep             : loaded 3 times (x 82B)
Class dagger.internal.codegen.bindinggraphvalidation.IncompatiblyScopedBindingsValidator: loaded 3 times (x 81B)
Class dagger.internal.codegen.bindinggraphvalidation.MissingBindingValidator          : loaded 3 times (x 81B)
Class dagger.internal.codegen.validation.ComponentDescriptorValidator                 : loaded 3 times (x 68B)
Class dagger.spi.internal.shaded.auto.common.Visibility                               : loaded 3 times (x 75B)
Class kotlin.io.FilesKt                                                               : loaded 3 times (x 67B)
Class dagger.internal.codegen.model.DaggerTypeElement                                 : loaded 3 times (x 70B)
Class dagger.internal.codegen.base.ContributionType                                   : loaded 3 times (x 75B)
Class dagger.spi.internal.shaded.androidx.room.jarjarred.kotlinx.metadata.internal.protobuf.GeneratedMessageLite: loaded 3 times (x 97B)
Class dagger.internal.codegen.base.ComponentCreatorAnnotation                         : loaded 3 times (x 75B)
Class dagger.spi.internal.shaded.auto.common.MoreTypes$PrimitiveTypeVisitor           : loaded 3 times (x 98B)
Class dagger.internal.codegen.model.DaggerType                                        : loaded 3 times (x 70B)
Class dagger.spi.internal.shaded.androidx.room.compiler.processing.javac.kotlin.JvmDescriptorTypeVisitor$visitExecutable$parameterDescriptors$1: loaded 3 times (x 75B)
Class dagger.internal.codegen.validation.DiagnosticReporterFactory                    : loaded 3 times (x 68B)
Class dagger.internal.codegen.compileroption.ProcessingEnvironmentCompilerOptions     : loaded 3 times (x 91B)
Class dagger.spi.internal.shaded.androidx.room.compiler.codegen.XTypeName             : loaded 3 times (x 71B)
Class kotlin.reflect.jvm.internal.KPropertyImpl$_descriptor$1                         : loaded 3 times (x 75B)
Class dagger.internal.codegen.base.Util                                               : loaded 3 times (x 67B)
Class dagger.spi.internal.shaded.androidx.room.jarjarred.kotlinx.metadata.internal.protobuf.CodedOutputStream: loaded 3 times (x 68B)
Class dagger.spi.internal.shaded.androidx.room.jarjarred.kotlinx.metadata.internal.protobuf.Internal$EnumLiteMap: loaded 3 times (x 66B)
Class dagger.spi.internal.shaded.androidx.room.jarjarred.kotlinx.metadata.internal.metadata.ProtoBuf$Annotation: loaded 3 times (x 105B)
Class dagger.spi.internal.shaded.androidx.room.compiler.processing.javac.JavacProcessingEnv: loaded 3 times (x 112B)
Class org.apache.commons.io.StandardLineSeparator                                     : loaded 2 times (x 75B)
Class com.google.common.cache.RemovalCause$4                                          : loaded 2 times (x 76B)
Class org.gradle.internal.classloader.ClassLoaderVisitor                              : loaded 2 times (x 72B)
Class kotlin.jvm.functions.Function6                                                  : loaded 2 times (x 66B)
Class org.jetbrains.org.objectweb.asm.SymbolTable$Entry                               : loaded 2 times (x 70B)
Class com.google.common.cache.RemovalCause$5                                          : loaded 2 times (x 76B)
Class com.google.common.collect.Maps$AbstractFilteredMap                              : loaded 2 times (x 123B)
Class [Lcom.google.common.collect.MapMakerInternalMap$Strength;                       : loaded 2 times (x 65B)
Class [Lcom.google.common.io.FileWriteMode;                                           : loaded 2 times (x 65B)
Class com.google.common.base.CharMatcher$JavaLowerCase                                : loaded 2 times (x 107B)
Class com.google.common.base.CharMatcher$None                                         : loaded 2 times (x 108B)
Class kotlin.jvm.functions.Function5                                                  : loaded 2 times (x 66B)
Class jdk.internal.jimage.ImageStrings                                                : loaded 2 times (x 66B)
Class org.gradle.api.GradleException                                                  : loaded 2 times (x 78B)
Class com.google.common.base.CharMatcher$Digit                                        : loaded 2 times (x 108B)
Class com.google.common.base.AbstractIterator$1                                       : loaded 2 times (x 67B)
Class com.google.common.cache.RemovalCause$3                                          : loaded 2 times (x 76B)
Class kotlin.jvm.functions.Function4                                                  : loaded 2 times (x 66B)
Class org.jetbrains.org.objectweb.asm.ClassReader                                     : loaded 2 times (x 87B)
Class org.gradle.api.internal.classpath.EffectiveClassPath                            : loaded 2 times (x 86B)
Class org.apache.commons.io.file.PathUtils                                            : loaded 2 times (x 67B)
Class com.google.common.cache.CacheBuilder$2                                          : loaded 2 times (x 68B)
Class com.google.common.cache.LocalCache                                              : loaded 2 times (x 183B)
Class [Lcom.google.common.collect.AbstractIterator$State;                             : loaded 2 times (x 65B)
Class com.google.common.collect.AbstractRangeSet                                      : loaded 2 times (x 110B)
Class com.google.common.io.ByteSource$ConcatenatedByteSource                          : loaded 2 times (x 81B)
Class kotlin.jvm.functions.Function7                                                  : loaded 2 times (x 66B)
Class [Lorg.jetbrains.org.objectweb.asm.Symbol;                                       : loaded 2 times (x 65B)
Class com.google.common.collect.Iterables$4                                           : loaded 2 times (x 77B)
Class com.google.common.collect.MapMakerInternalMap$StrongKeyDummyValueSegment        : loaded 2 times (x 138B)
Class com.google.common.io.Files                                                      : loaded 2 times (x 67B)
Class com.google.common.cache.LocalCache$WriteThroughEntry                            : loaded 2 times (x 75B)
Class com.google.common.cache.LocalCache$HashIterator                                 : loaded 2 times (x 82B)
Class com.google.common.cache.LocalCache$EntryFactory                                 : loaded 2 times (x 79B)
Class com.google.common.collect.MapMakerInternalMap$WeakValueReference                : loaded 2 times (x 66B)
Class org.jetbrains.org.objectweb.asm.ClassVisitor                                    : loaded 2 times (x 83B)
Class com.google.common.cache.RemovalCause$2                                          : loaded 2 times (x 76B)
Class org.gradle.internal.classpath.DefaultClassPath$ImmutableUniqueList$Builder      : loaded 2 times (x 71B)
Class com.google.common.cache.CacheBuilder$1                                          : loaded 2 times (x 81B)
Class [Lcom.google.common.cache.LocalCache$Strength;                                  : loaded 2 times (x 65B)
Class [Lcom.google.common.cache.LocalCache$Segment;                                   : loaded 2 times (x 65B)
Class com.google.common.cache.RemovalCause$1                                          : loaded 2 times (x 76B)
Class com.google.common.collect.AbstractIterator$1                                    : loaded 2 times (x 67B)
Class [Lorg.apache.commons.io.StandardLineSeparator;                                  : loaded 2 times (x 65B)
Class org.apache.commons.io.output.StringBuilderWriter                                : loaded 2 times (x 96B)
Class com.google.common.collect.ImmutableRangeSet                                     : loaded 2 times (x 111B)
Class com.google.common.base.Ticker                                                   : loaded 2 times (x 68B)
Class org.objectweb.asm.Handler                                                       : loaded 2 times (x 68B)
Class com.google.common.base.Strings                                                  : loaded 2 times (x 67B)
Class com.google.common.collect.HashBiMap                                             : loaded 2 times (x 139B)
Class com.google.common.collect.MapMakerInternalMap                                   : loaded 2 times (x 157B)
Class kotlin.jvm.functions.Function8                                                  : loaded 2 times (x 66B)
Class com.google.common.reflect.Types$NativeTypeVariableEquals                        : loaded 2 times (x 67B)
Class com.google.common.reflect.TypeParameter                                         : loaded 2 times (x 68B)
Class com.google.common.collect.Iterables$5                                           : loaded 2 times (x 77B)
Class [Lcom.google.common.collect.MapMaker$Dummy;                                     : loaded 2 times (x 65B)
Class com.google.common.cache.LocalCache$AbstractReferenceEntry                       : loaded 2 times (x 103B)
Class com.google.common.base.Splitter$1$1                                             : loaded 2 times (x 82B)
Class com.google.common.base.CharMatcher$Whitespace                                   : loaded 2 times (x 108B)
Class org.gradle.internal.IoActions                                                   : loaded 2 times (x 67B)
Class org.gradle.api.Action                                                           : loaded 2 times (x 66B)
Class org.gradle.internal.Cast                                                        : loaded 2 times (x 67B)
Class Settings_gradle                                                                 : loaded 2 times (x 124B)
Class com.google.common.util.concurrent.AbstractFuture$Waiter                         : loaded 2 times (x 68B)
Class com.google.common.collect.ImmutableList$SerializedForm                          : loaded 2 times (x 69B)
Class org.gradle.internal.classloader.VisitableURLClassLoader                         : loaded 2 times (x 113B)
Class org.objectweb.asm.Attribute                                                     : loaded 2 times (x 73B)
Class [Lorg.objectweb.asm.Label;                                                      : loaded 2 times (x 65B)
Class org.gradle.internal.classloader.DefaultClassLoaderFactory                       : loaded 2 times (x 78B)
Class com.google.common.collect.ImmutableSet$SerializedForm                           : loaded 2 times (x 69B)
Class com.google.common.collect.Iterators$EmptyModifiableIterator                     : loaded 2 times (x 82B)
Class org.objectweb.asm.AnnotationVisitor                                             : loaded 2 times (x 74B)
Class Settings_gradle$1$1                                                             : loaded 2 times (x 70B)
Class com.google.common.util.concurrent.AbstractFuture$Listener                       : loaded 2 times (x 68B)
Class org.objectweb.asm.RecordComponentWriter                                         : loaded 2 times (x 74B)
Class [Lcom.google.common.cache.CacheBuilder$OneWeigher;                              : loaded 2 times (x 65B)
Class org.objectweb.asm.MethodTooLargeException                                       : loaded 2 times (x 79B)
Class com.google.common.base.Platform$JdkPatternCompiler                              : loaded 2 times (x 71B)
Class com.google.common.collect.MapMakerInternalMap$Strength                          : loaded 2 times (x 76B)
Class com.google.common.io.LineProcessor                                              : loaded 2 times (x 66B)
Class com.google.common.io.Closer$Suppressor                                          : loaded 2 times (x 66B)
Class com.google.common.collect.MapMakerInternalMap$StrongKeyDummyValueEntry$LinkedStrongKeyDummyValueEntry: loaded 2 times (x 78B)
Class com.google.common.collect.Interners                                             : loaded 2 times (x 67B)
Class kotlin.jvm.functions.Function10                                                 : loaded 2 times (x 66B)
Class kotlin.jvm.functions.Function9                                                  : loaded 2 times (x 66B)
Class org.jetbrains.org.objectweb.asm.Attribute                                       : loaded 2 times (x 71B)
Class org.jetbrains.org.objectweb.asm.Label                                           : loaded 2 times (x 68B)
Class com.google.common.collect.ImmutableRangeSet$ComplementRanges                    : loaded 2 times (x 203B)
Class org.objectweb.asm.SymbolTable                                                   : loaded 2 times (x 68B)
Class com.google.common.cache.CacheLoader$InvalidCacheLoadException                   : loaded 2 times (x 78B)
Class com.google.common.base.CharMatcher$SingleWidth                                  : loaded 2 times (x 108B)
Class org.gradle.internal.classloader.SystemClassLoaderSpec                           : loaded 2 times (x 67B)
Class kotlin.io.LinesSequence                                                         : loaded 2 times (x 71B)
Class com.google.common.base.Splitter                                                 : loaded 2 times (x 68B)
Class org.gradle.api.internal.DefaultClassPathProvider                                : loaded 2 times (x 72B)
Class com.google.common.cache.CacheStats                                              : loaded 2 times (x 67B)
Class org.objectweb.asm.AnnotationWriter                                              : loaded 2 times (x 75B)
Class com.google.common.io.ByteSource$EmptyByteSource                                 : loaded 2 times (x 81B)
Class kotlin.jvm.internal.FunctionReferenceImpl                                       : loaded 2 times (x 118B)
Class org.gradle.internal.classloader.ClassLoaderSpec                                 : loaded 2 times (x 67B)
Class com.google.common.base.CharMatcher$Ascii                                        : loaded 2 times (x 108B)
Class com.google.common.io.Closer                                                     : loaded 2 times (x 74B)
Class com.google.common.collect.Sets$FilteredSet                                      : loaded 2 times (x 133B)
Class kotlin.reflect.jvm.internal.impl.builtins.jvm.JavaToKotlinClassMap$PlatformMutabilityMapping: loaded 2 times (x 68B)
Class [Lcom.google.common.base.Function;                                              : loaded 2 times (x 65B)
Class org.apache.commons.io.FilenameUtils                                             : loaded 2 times (x 67B)
Class com.google.common.base.AbstractIterator                                         : loaded 2 times (x 76B)
Class org.objectweb.asm.Symbol                                                        : loaded 2 times (x 69B)
Class com.google.common.reflect.Types$ClassOwnership                                  : loaded 2 times (x 76B)
Class [Lorg.jetbrains.kotlin.build.report.metrics.GradleBuildTime;                    : loaded 2 times (x 65B)
Class kotlin.sequences.FilteringSequence                                              : loaded 2 times (x 71B)
Class kotlin.comparisons.ComparisonsKt___ComparisonsKt                                : loaded 2 times (x 67B)
Class kotlin.comparisons.ComparisonsKt                                                : loaded 2 times (x 67B)
Class com.google.common.collect.MapMakerInternalMap$Strength$1                        : loaded 2 times (x 76B)
Class com.google.common.collect.Maps$ViewCachingAbstractMap                           : loaded 2 times (x 121B)
Class [Lorg.gradle.api.internal.ClassPathProvider;                                    : loaded 2 times (x 65B)
Class org.gradle.api.internal.ClassPathProvider                                       : loaded 2 times (x 66B)
Class org.gradle.internal.classpath.DefaultClassPath                                  : loaded 2 times (x 86B)
Class org.gradle.internal.classloader.VisitableURLClassLoader$Spec                    : loaded 2 times (x 70B)
Class kotlin.jvm.functions.Function11                                                 : loaded 2 times (x 66B)
Class org.jetbrains.org.objectweb.asm.Frame                                           : loaded 2 times (x 69B)
Class com.google.common.collect.FluentIterable                                        : loaded 2 times (x 77B)
Class com.google.common.cache.LocalCache$StrongEntry                                  : loaded 2 times (x 104B)
Class com.google.common.util.concurrent.AbstractFuture$TrustedFuture                  : loaded 2 times (x 110B)
Class com.google.common.cache.LoadingCache                                            : loaded 2 times (x 66B)
Class jdk.internal.jrtfs.JrtFileSystem                                                : loaded 2 times (x 98B)
Class [Lcom.google.common.cache.CacheBuilder$NullListener;                            : loaded 2 times (x 65B)
Class org.objectweb.asm.ByteVector                                                    : loaded 2 times (x 75B)
Class com.google.common.io.Files$FileByteSink                                         : loaded 2 times (x 73B)
Class org.apache.commons.io.FileUtils                                                 : loaded 2 times (x 67B)
Class com.google.common.collect.MapMakerInternalMap$StrongKeyDummyValueEntry$Helper   : loaded 2 times (x 75B)
Class kotlin.comparisons.ComparisonsKt__ComparisonsKt                                 : loaded 2 times (x 67B)
Class jdk.internal.jrtfs.SystemImage                                                  : loaded 2 times (x 70B)
Class org.gradle.internal.classloader.VisitableURLClassLoader$InstrumentingVisitableURLClassLoader: loaded 2 times (x 119B)
Class org.objectweb.asm.Type                                                          : loaded 2 times (x 68B)
Class kotlin.jvm.functions.Function20                                                 : loaded 2 times (x 66B)
Class com.google.common.reflect.Types$ClassOwnership$1                                : loaded 2 times (x 76B)
Class [Lorg.objectweb.asm.AnnotationVisitor;                                          : loaded 2 times (x 65B)
Class org.objectweb.asm.ClassVisitor                                                  : loaded 2 times (x 84B)
Class [Lorg.objectweb.asm.Symbol;                                                     : loaded 2 times (x 65B)
Class kotlin.jvm.functions.Function12                                                 : loaded 2 times (x 66B)
Class com.google.common.io.ByteStreams$LimitedInputStream                             : loaded 2 times (x 88B)
Class org.objectweb.asm.MethodWriter                                                  : loaded 2 times (x 102B)
Class [Lcom.google.common.cache.Weigher;                                              : loaded 2 times (x 65B)
Class com.google.common.collect.TransformedListIterator                               : loaded 2 times (x 89B)
Class com.google.common.cache.LocalCache$Values                                       : loaded 2 times (x 114B)
Class org.apache.commons.io.function.IOFunction                                       : loaded 2 times (x 66B)
Class com.google.common.collect.MapMakerInternalMap$Strength$2                        : loaded 2 times (x 76B)
Class com.google.common.base.CharMatcher$Invisible                                    : loaded 2 times (x 108B)
Class com.google.common.util.concurrent.AbstractFuture$SynchronizedHelper             : loaded 2 times (x 74B)
Class com.google.common.cache.LocalCache$StrongValueReference                         : loaded 2 times (x 86B)
Class com.google.common.reflect.TypeCapture                                           : loaded 2 times (x 67B)
Class com.google.common.collect.ImmutableRangeSet$Builder                             : loaded 2 times (x 73B)
Class com.google.common.collect.Lists$ReverseList$1                                   : loaded 2 times (x 95B)
Class [Lcom.google.common.collect.Iterators$EmptyModifiableIterator;                  : loaded 2 times (x 65B)
Class com.google.common.base.Predicates$CompositionPredicate                          : loaded 2 times (x 84B)
Class kotlin.collections.ArrayAsCollection                                            : loaded 2 times (x 101B)
Class kotlin.jvm.functions.Function13                                                 : loaded 2 times (x 66B)
Class kotlin.text.Charsets                                                            : loaded 2 times (x 67B)
Class com.google.common.collect.AbstractMapBasedMultimap$RandomAccessWrappedList      : loaded 2 times (x 201B)
Class com.google.common.util.concurrent.AbstractFuture$SafeAtomicHelper               : loaded 2 times (x 75B)
Class com.google.common.cache.LocalCache$LocalLoadingCache                            : loaded 2 times (x 130B)
Class com.google.common.base.AbstractIterator$State                                   : loaded 2 times (x 75B)
Class org.gradle.internal.service.UnknownServiceException                             : loaded 2 times (x 79B)
Class com.google.common.primitives.Ints$IntConverter                                  : loaded 2 times (x 86B)
Class com.google.common.collect.AbstractMapBasedMultimap$WrappedList                  : loaded 2 times (x 201B)
Class [Lorg.objectweb.asm.AnnotationWriter;                                           : loaded 2 times (x 65B)
Class Build_gradle$2                                                                  : loaded 2 times (x 75B)
Class kotlin.io.FilePathComponents                                                    : loaded 2 times (x 68B)
Class jdk.internal.jimage.ImageReader$Directory                                       : loaded 2 times (x 80B)
Class com.google.common.base.Platform                                                 : loaded 2 times (x 67B)
Class com.google.common.collect.MapMakerInternalMap$StrongKeyDummyValueEntry          : loaded 2 times (x 78B)
Class com.google.common.reflect.Invokable$MethodInvokable                             : loaded 2 times (x 103B)
Class kotlin.jvm.functions.Function21                                                 : loaded 2 times (x 66B)
Class [Lorg.jetbrains.org.objectweb.asm.Attribute;                                    : loaded 2 times (x 65B)
Class com.google.common.reflect.Types$ClassOwnership$2                                : loaded 2 times (x 76B)
Class com.google.common.reflect.TypeResolver                                          : loaded 2 times (x 68B)
Class com.google.common.io.ByteArrayDataInput                                         : loaded 2 times (x 66B)
Class com.google.common.collect.MapMakerInternalMap$StrongValueEntry                  : loaded 2 times (x 66B)
Class kotlin.jvm.functions.Function14                                                 : loaded 2 times (x 66B)
Class com.google.common.reflect.Types$JavaVersion$1                                   : loaded 2 times (x 79B)
Class com.google.common.collect.AbstractIterator$State                                : loaded 2 times (x 75B)
Class com.google.common.cache.LocalCache$ValueReference                               : loaded 2 times (x 66B)
Class com.google.common.cache.LocalCache$LoadingValueReference                        : loaded 2 times (x 92B)
Class org.jetbrains.org.objectweb.asm.Symbol                                          : loaded 2 times (x 69B)
Class [Lkotlin.reflect.jvm.internal.impl.builtins.jvm.JavaToKotlinClassMap$PlatformMutabilityMapping;: loaded 2 times (x 65B)
Class org.objectweb.asm.ModuleVisitor                                                 : loaded 2 times (x 77B)
Class com.google.common.cache.LocalCache$Strength$1                                   : loaded 2 times (x 77B)
Class org.apache.commons.io.file.PathFilter                                           : loaded 2 times (x 66B)
Class com.google.common.collect.MapMaker                                              : loaded 2 times (x 68B)
Class com.google.common.reflect.Types$JavaVersion                                     : loaded 2 times (x 79B)
Class jdk.internal.jimage.ImageReader$SharedImageReader$LocationVisitor               : loaded 2 times (x 66B)
Class org.gradle.api.specs.Spec                                                       : loaded 2 times (x 66B)
Class com.google.common.base.CharMatcher$JavaUpperCase                                : loaded 2 times (x 107B)
Class com.google.common.collect.AbstractMapBasedMultimap$WrappedSet                   : loaded 2 times (x 138B)
Class com.google.common.io.CharSource                                                 : loaded 2 times (x 81B)
Class org.jetbrains.org.objectweb.asm.ModuleVisitor                                   : loaded 2 times (x 76B)
Class kotlin.jvm.functions.Function22                                                 : loaded 2 times (x 66B)
Class com.google.common.reflect.Types$ClassOwnership$3                                : loaded 2 times (x 67B)
Class com.google.common.collect.Collections2$FilteredCollection                       : loaded 2 times (x 115B)
Class com.google.common.io.ByteArrayDataOutput                                        : loaded 2 times (x 66B)
Class com.google.common.util.concurrent.Uninterruptibles                              : loaded 2 times (x 67B)
Class kotlin.jvm.functions.Function15                                                 : loaded 2 times (x 66B)
Class [Lorg.jetbrains.org.objectweb.asm.AnnotationVisitor;                            : loaded 2 times (x 65B)
Class com.google.common.reflect.Types$JavaVersion$2                                   : loaded 2 times (x 79B)
Class com.google.common.reflect.Types                                                 : loaded 2 times (x 67B)
Class com.google.common.hash.PrimitiveSink                                            : loaded 2 times (x 66B)
Class com.google.common.base.PatternCompiler                                          : loaded 2 times (x 66B)
Class com.google.common.util.concurrent.AbstractFuture$Failure                        : loaded 2 times (x 68B)
Class com.google.common.base.Charsets                                                 : loaded 2 times (x 67B)
Class org.apache.commons.io.output.QueueOutputStream                                  : loaded 2 times (x 83B)
Class org.gradle.internal.classloader.ClasspathUtil                                   : loaded 2 times (x 67B)
Class com.google.common.collect.ImmutableBiMapFauxverideShim                          : loaded 2 times (x 116B)
Class com.google.common.collect.Maps$EntryFunction                                    : loaded 2 times (x 87B)
Class com.google.common.reflect.Types$ClassOwnership$1LocalClass                      : loaded 2 times (x 67B)
Class com.google.common.util.concurrent.SettableFuture                                : loaded 2 times (x 110B)
Class jdk.internal.jrtfs.JrtPath                                                      : loaded 2 times (x 114B)
Class jdk.internal.jimage.ImageBufferCache                                            : loaded 2 times (x 67B)
Class com.google.common.cache.CacheBuilder$OneWeigher                                 : loaded 2 times (x 78B)
Class org.apache.commons.io.output.AbstractByteArrayOutputStream                      : loaded 2 times (x 98B)
Class com.google.common.cache.LocalCache$Strength$2                                   : loaded 2 times (x 77B)
Class com.google.common.base.Predicates                                               : loaded 2 times (x 67B)
Class org.jetbrains.kotlin.build.report.metrics.DoNothingBuildMetricsReporter         : loaded 2 times (x 82B)
Class com.google.common.base.CharMatcher$JavaDigit                                    : loaded 2 times (x 107B)
Class com.google.common.collect.Iterators$10                                          : loaded 2 times (x 77B)
Class org.gradle.api.internal.classpath.ManifestUtil                                  : loaded 2 times (x 67B)
Class [Lcom.google.common.collect.HashBiMap$BiEntry;                                  : loaded 2 times (x 65B)
Class com.google.common.collect.MapMakerInternalMap$InternalEntry                     : loaded 2 times (x 66B)
Class com.google.common.reflect.Types$TypeVariableInvocationHandler                   : loaded 2 times (x 71B)
Class org.jetbrains.kotlin.build.report.metrics.BuildTime                             : loaded 2 times (x 66B)
Class com.google.common.util.concurrent.ExecutionError                                : loaded 2 times (x 78B)
Class com.google.common.collect.AbstractMapBasedMultimap$WrappedCollection            : loaded 2 times (x 120B)
Class kotlin.jvm.functions.Function16                                                 : loaded 2 times (x 66B)
Class com.google.common.reflect.Types$JavaVersion$3                                   : loaded 2 times (x 79B)
Class [Lorg.apache.commons.io.file.DeleteOption;                                      : loaded 2 times (x 65B)
Class com.google.common.io.CharSink                                                   : loaded 2 times (x 75B)
Class org.objectweb.asm.Label                                                         : loaded 2 times (x 69B)
Class org.objectweb.asm.CurrentFrame                                                  : loaded 2 times (x 69B)
Class org.objectweb.asm.ClassTooLargeException                                        : loaded 2 times (x 79B)
Class kotlin.reflect.jvm.internal.impl.descriptors.runtime.structure.ReflectClassUtilKt: loaded 2 times (x 67B)
Class com.google.common.collect.AbstractMapBasedMultimap$KeySet                       : loaded 2 times (x 133B)
Class com.google.common.collect.ImmutableBiMap$SerializedForm                         : loaded 2 times (x 71B)
Class [Lcom.google.common.cache.RemovalCause;                                         : loaded 2 times (x 65B)
Class [Lcom.google.common.collect.Maps$EntryFunction;                                 : loaded 2 times (x 65B)
Class org.objectweb.asm.Handle                                                        : loaded 2 times (x 68B)
Class com.google.common.io.ByteStreams                                                : loaded 2 times (x 67B)
Class com.google.common.collect.Interners$InternerImpl                                : loaded 2 times (x 71B)
Class com.google.common.collect.Interner                                              : loaded 2 times (x 66B)
Class com.google.common.cache.LocalCache$Strength$3                                   : loaded 2 times (x 77B)
Class org.gradle.internal.service.CachingServiceLocator                               : loaded 2 times (x 78B)
Class com.google.common.base.CommonPattern                                            : loaded 2 times (x 70B)
Class com.google.common.cache.LocalCache$LocalManualCache                             : loaded 2 times (x 95B)
Class org.apache.commons.io.CloseableURLConnection                                    : loaded 2 times (x 112B)
Class com.google.common.collect.ImmutableMap$SerializedForm                           : loaded 2 times (x 69B)
Class com.google.common.base.Splitter$1                                               : loaded 2 times (x 73B)
Class org.gradle.internal.classloader.ClassLoaderFactory                              : loaded 2 times (x 66B)
Class kotlin.jvm.functions.Function17                                                 : loaded 2 times (x 66B)
Class org.jetbrains.org.objectweb.asm.RecordComponentWriter                           : loaded 2 times (x 74B)
Class com.google.common.reflect.Types$JavaVersion$4                                   : loaded 2 times (x 79B)
Class com.google.common.io.ByteSource$AsCharSource                                    : loaded 2 times (x 82B)
Class com.google.common.collect.MapMakerInternalMap$InternalEntryHelper               : loaded 2 times (x 66B)
Class com.google.common.collect.Table                                                 : loaded 2 times (x 66B)
Class com.google.common.collect.RangeGwtSerializationDependencies                     : loaded 2 times (x 67B)
Class org.objectweb.asm.Frame                                                         : loaded 2 times (x 69B)
Class org.objectweb.asm.MethodVisitor                                                 : loaded 2 times (x 101B)
Class com.google.common.cache.LocalCache$EntryFactory$1                               : loaded 2 times (x 79B)
Class [Lcom.google.common.cache.RemovalListener;                                      : loaded 2 times (x 65B)
Class com.google.common.base.CharMatcher$JavaLetter                                   : loaded 2 times (x 107B)
Class [Lcom.google.common.cache.LocalCache$EntryFactory;                              : loaded 2 times (x 65B)
Class com.google.common.collect.Lists$ReverseList                                     : loaded 2 times (x 196B)
Class jdk.internal.jrtfs.JrtFileAttributes                                            : loaded 2 times (x 79B)
Class org.gradle.internal.service.ServiceLookupException                              : loaded 2 times (x 78B)
Class com.google.common.reflect.TypeResolver$TypeTable$1                              : loaded 2 times (x 69B)
Class [Lkotlin.Pair;                                                                  : loaded 2 times (x 65B)
Class jdk.internal.jimage.ImageReader$Resource                                        : loaded 2 times (x 80B)
Class jdk.internal.jimage.decompressor.Decompressor                                   : loaded 2 times (x 68B)
Class com.google.common.cache.CacheLoader$SupplierToCacheLoader                       : loaded 2 times (x 71B)
Class org.objectweb.asm.RecordComponentVisitor                                        : loaded 2 times (x 73B)
Class com.google.common.reflect.TypeResolver$TypeTable                                : loaded 2 times (x 69B)
Class kotlin.jvm.functions.Function18                                                 : loaded 2 times (x 66B)
Class org.jetbrains.org.objectweb.asm.MethodWriter                                    : loaded 2 times (x 101B)
Class com.google.common.reflect.Types$JavaVersion$5                                   : loaded 2 times (x 67B)
Class [Lcom.google.common.reflect.Types$ClassOwnership;                               : loaded 2 times (x 65B)
Class com.google.common.collect.RangeSet                                              : loaded 2 times (x 66B)
Class com.google.common.cache.LocalCache$EntryFactory$2                               : loaded 2 times (x 79B)
Class org.gradle.api.internal.classpath.GlobalCacheRootsProvider                      : loaded 2 times (x 66B)
Class com.google.common.util.concurrent.AbstractFuture                                : loaded 2 times (x 102B)
Class com.google.common.reflect.Invokable                                             : loaded 2 times (x 99B)
Class com.google.common.collect.MapMaker$Dummy                                        : loaded 2 times (x 75B)
Class org.objectweb.asm.FieldWriter                                                   : loaded 2 times (x 74B)
Class com.google.common.cache.CacheBuilder$NullListener                               : loaded 2 times (x 78B)
Class org.gradle.internal.classpath.TransformedClassPath                              : loaded 2 times (x 92B)
Class dagger.spi.internal.shaded.androidx.room.jarjarred.kotlinx.metadata.jvm.KotlinClassMetadata$SyntheticClass: loaded 2 times (x 73B)
Class org.gradle.internal.classloader.InstrumentingClassLoader                        : loaded 2 times (x 66B)
Class com.google.common.base.CharMatcher$Any                                          : loaded 2 times (x 108B)
Class com.google.common.cache.ReferenceEntry                                          : loaded 2 times (x 66B)
Class com.google.common.util.concurrent.ListenableFuture                              : loaded 2 times (x 66B)
Class org.jetbrains.kotlin.build.report.metrics.GradleBuildTime$Companion             : loaded 2 times (x 67B)
Class org.jetbrains.org.objectweb.asm.AnnotationWriter                                : loaded 2 times (x 74B)
Class kotlin.reflect.jvm.internal.impl.name.SpecialNames                              : loaded 2 times (x 67B)
Class jdk.internal.jrtfs.SystemImage$1                                                : loaded 2 times (x 74B)
Class jdk.internal.jimage.BasicImageReader$1                                          : loaded 2 times (x 73B)
Class org.gradle.api.internal.classpath.DefaultModuleRegistry                         : loaded 2 times (x 82B)
Class com.google.common.collect.Multimaps$CustomSetMultimap                           : loaded 2 times (x 174B)
Class kotlin.jvm.functions.Function19                                                 : loaded 2 times (x 66B)
Class com.google.common.collect.CollectCollectors                                     : loaded 2 times (x 67B)
Class org.objectweb.asm.ModuleWriter                                                  : loaded 2 times (x 78B)
Class com.google.common.cache.LocalCache$EntryFactory$3                               : loaded 2 times (x 79B)
Class com.google.common.base.Ticker$1                                                 : loaded 2 times (x 68B)
Class jdk.internal.jimage.ImageReader$Node                                            : loaded 2 times (x 80B)
Class com.google.common.cache.LocalCache$LocalManualCache$1                           : loaded 2 times (x 71B)
Class com.google.common.util.concurrent.AbstractFuture$UnsafeAtomicHelper             : loaded 2 times (x 74B)
Class com.google.common.collect.HashBiMap$Inverse                                     : loaded 2 times (x 138B)
Class com.google.common.io.Closer$SuppressingSuppressor                               : loaded 2 times (x 71B)
Class [Lorg.jetbrains.org.objectweb.asm.SymbolTable$Entry;                            : loaded 2 times (x 65B)
Class com.google.common.reflect.Types$ParameterizedTypeImpl                           : loaded 2 times (x 77B)
Class dagger.internal.codegen.compileroption.ValidationType$1                         : loaded 2 times (x 67B)
Class org.apache.commons.io.output.UnsynchronizedByteArrayOutputStream                : loaded 2 times (x 98B)
Class com.google.common.collect.ImmutableRangeSet$AsSet                               : loaded 2 times (x 295B)
Class org.gradle.internal.classloader.ClassLoaderHierarchy                            : loaded 2 times (x 66B)
Class com.google.common.base.Splitter$SplittingIterator                               : loaded 2 times (x 80B)
Class com.google.common.util.concurrent.internal.InternalFutureFailureAccess          : loaded 2 times (x 68B)
Class org.apache.commons.io.output.NullWriter                                         : loaded 2 times (x 95B)
Class [Lcom.google.common.base.AbstractIterator$State;                                : loaded 2 times (x 65B)
Class [Lkotlin.jvm.functions.Function1;                                               : loaded 2 times (x 65B)
Class org.jetbrains.org.objectweb.asm.RecordComponentVisitor                          : loaded 2 times (x 73B)
Class com.google.common.cache.LocalCache$EntryFactory$4                               : loaded 2 times (x 79B)
Class org.jetbrains.org.objectweb.asm.AnnotationVisitor                               : loaded 2 times (x 73B)
Class com.google.common.io.FileWriteMode                                              : loaded 2 times (x 75B)
Class [Lcom.google.common.collect.MapMakerInternalMap$Segment;                        : loaded 2 times (x 65B)
Class com.google.common.cache.LocalCache$ValueIterator                                : loaded 2 times (x 82B)
Class com.google.common.cache.CacheLoader$FunctionToCacheLoader                       : loaded 2 times (x 71B)
Class jdk.internal.jrtfs.SystemImage$2                                                : loaded 2 times (x 72B)
Class kotlin.sequences.FilteringSequence$iterator$1                                   : loaded 2 times (x 75B)
Class org.gradle.api.internal.classpath.ModuleRegistry                                : loaded 2 times (x 66B)
Class org.gradle.internal.installation.GradleInstallation$1                           : loaded 2 times (x 71B)
Class com.google.common.cache.CacheLoader                                             : loaded 2 times (x 70B)
Class [Lorg.objectweb.asm.SymbolTable$Entry;                                          : loaded 2 times (x 65B)
Class jdk.internal.jimage.ImageReader$SharedImageReader                               : loaded 2 times (x 91B)
Class com.google.common.cache.LocalCache$Segment                                      : loaded 2 times (x 150B)
Class com.google.common.reflect.TypeToken$2                                           : loaded 2 times (x 106B)
Class org.jetbrains.org.objectweb.asm.MethodTooLargeException                         : loaded 2 times (x 79B)
Class org.jetbrains.org.objectweb.asm.Context                                         : loaded 2 times (x 68B)
Class com.google.common.io.ByteStreams$1                                              : loaded 2 times (x 81B)
Class com.google.common.cache.LocalCache$EntryFactory$5                               : loaded 2 times (x 79B)
Class kotlin.reflect.jvm.internal.impl.builtins.CompanionObjectMapping                : loaded 2 times (x 67B)
Class kotlin.reflect.jvm.internal.impl.name.FqNamesUtilKt                             : loaded 2 times (x 67B)
Class jdk.internal.jimage.ImageReader                                                 : loaded 2 times (x 71B)
Class com.google.common.cache.LocalCache$ComputingValueReference                      : loaded 2 times (x 92B)
Class com.google.common.reflect.TypeToken$1                                           : loaded 2 times (x 106B)
Class kotlin.comparisons.ComparisonsKt___ComparisonsJvmKt                             : loaded 2 times (x 67B)
Class com.google.common.reflect.TypeResolver$TypeVariableKey                          : loaded 2 times (x 68B)
Class org.apache.commons.io.output.ByteArrayOutputStream                              : loaded 2 times (x 98B)
Class com.google.common.base.MoreObjects                                              : loaded 2 times (x 67B)
Class com.google.common.base.Suppliers$SupplierOfInstance                             : loaded 2 times (x 75B)
Class org.objectweb.asm.Edge                                                          : loaded 2 times (x 68B)
Class org.jetbrains.org.objectweb.asm.ClassWriter                                     : loaded 2 times (x 100B)
Class jdk.internal.jimage.ImageStringsReader                                          : loaded 2 times (x 76B)
Class com.google.common.util.concurrent.AbstractFuture$AtomicHelper                   : loaded 2 times (x 74B)
Class org.jetbrains.org.objectweb.asm.CurrentFrame                                    : loaded 2 times (x 69B)
Class org.objectweb.asm.SymbolTable$Entry                                             : loaded 2 times (x 70B)
Class org.apache.commons.io.output.AppendableWriter                                   : loaded 2 times (x 96B)
Class com.google.common.cache.LocalCache$EntryFactory$6                               : loaded 2 times (x 79B)
Class org.gradle.internal.installation.CurrentGradleInstallationLocator               : loaded 2 times (x 67B)
Class com.google.common.base.JdkPattern                                               : loaded 2 times (x 71B)
Class com.google.common.io.Files$FileByteSource                                       : loaded 2 times (x 81B)
Class com.google.common.collect.Interners$InternerBuilder                             : loaded 2 times (x 72B)
Class [Lcom.google.common.reflect.Types$JavaVersion;                                  : loaded 2 times (x 65B)
Class org.jetbrains.kotlin.build.report.metrics.GradleBuildTime                       : loaded 2 times (x 82B)
Class [Lorg.objectweb.asm.Attribute;                                                  : loaded 2 times (x 65B)
Class [Lorg.objectweb.asm.Type;                                                       : loaded 2 times (x 65B)
Class org.gradle.internal.service.ServiceLocator                                      : loaded 2 times (x 66B)
Class org.gradle.api.UncheckedIOException                                             : loaded 2 times (x 78B)
Class org.gradle.internal.classpath.ClassPath                                         : loaded 2 times (x 66B)
Class Settings_gradle$1                                                               : loaded 2 times (x 70B)
Class com.google.common.cache.CacheBuilder                                            : loaded 2 times (x 68B)
Class com.google.common.io.ByteSink                                                   : loaded 2 times (x 72B)
Class com.google.common.cache.RemovalCause                                            : loaded 2 times (x 76B)
Class jdk.internal.jrtfs.JrtFileSystemProvider                                        : loaded 2 times (x 97B)
Class [Lorg.jetbrains.org.objectweb.asm.AnnotationWriter;                             : loaded 2 times (x 65B)
Class org.apache.commons.io.IOUtils                                                   : loaded 2 times (x 67B)
Class com.google.common.base.ExtraObjectsMethodsForWeb                                : loaded 2 times (x 67B)
Class com.google.common.io.ByteSource$SlicedByteSource                                : loaded 2 times (x 81B)
Class org.objectweb.asm.ClassReader                                                   : loaded 2 times (x 89B)
Class org.apache.commons.io.output.ThresholdingOutputStream                           : loaded 2 times (x 91B)
Class com.google.common.collect.Maps$KeySet                                           : loaded 2 times (x 133B)
Class com.google.common.cache.LocalCache$EntryFactory$7                               : loaded 2 times (x 79B)
Class org.gradle.internal.service.DefaultServiceLocator                               : loaded 2 times (x 79B)
Class jdk.internal.jrtfs.JrtDirectoryStream                                           : loaded 2 times (x 85B)
Class com.google.common.collect.MapMakerInternalMap$Segment                           : loaded 2 times (x 138B)
Class com.google.common.collect.NullnessCasts                                         : loaded 2 times (x 67B)
Class com.google.common.reflect.TypeToken                                             : loaded 2 times (x 69B)
Class org.jetbrains.org.objectweb.asm.ByteVector                                      : loaded 2 times (x 74B)
Class kotlin.jvm.internal.TypeIntrinsics                                              : loaded 2 times (x 67B)
Class kotlin.collections.IntIterator                                                  : loaded 2 times (x 78B)
Class [Lkotlin.Function;                                                              : loaded 2 times (x 65B)
Class org.apache.commons.io.FileExistsException                                       : loaded 2 times (x 78B)
Class com.google.common.collect.HashBiMap$BiEntry                                     : loaded 2 times (x 79B)
Class org.gradle.internal.classpath.DefaultClassPath$ImmutableUniqueList              : loaded 2 times (x 195B)
Class org.gradle.api.internal.ClassPathRegistry                                       : loaded 2 times (x 66B)
Class org.apache.commons.io.file.DeleteOption                                         : loaded 2 times (x 66B)
Class com.google.common.collect.Maps$EntryFunction$2                                  : loaded 2 times (x 87B)
Class com.google.common.reflect.Invokable$ConstructorInvokable                        : loaded 2 times (x 103B)
Class com.google.common.cache.LocalCache$1                                            : loaded 2 times (x 85B)
Class org.gradle.api.internal.DefaultClassPathRegistry                                : loaded 2 times (x 72B)
Class com.google.common.cache.RemovalListener                                         : loaded 2 times (x 66B)
Class com.google.common.collect.AbstractMapBasedMultimap$WrappedCollection$WrappedIterator: loaded 2 times (x 80B)
Class com.google.common.collect.Maps$EntryFunction$1                                  : loaded 2 times (x 87B)
Class org.jetbrains.org.objectweb.asm.SymbolTable                                     : loaded 2 times (x 68B)
Class com.google.common.cache.LocalCache$SoftValueReference                           : loaded 2 times (x 93B)
Class com.google.common.cache.LocalCache$EntryFactory$8                               : loaded 2 times (x 79B)
Class org.gradle.internal.installation.CurrentGradleInstallation                      : loaded 2 times (x 69B)
Class kotlin.io.ByteStreamsKt                                                         : loaded 2 times (x 67B)
Class org.jetbrains.org.objectweb.asm.MethodVisitor                                   : loaded 2 times (x 100B)
Class org.jetbrains.org.objectweb.asm.FieldWriter                                     : loaded 2 times (x 73B)
Class com.google.common.reflect.TypeToken$SimpleTypeToken                             : loaded 2 times (x 69B)
Class com.google.common.io.ByteSource$ByteArrayByteSource                             : loaded 2 times (x 81B)
Class jdk.internal.jimage.BasicImageReader                                            : loaded 2 times (x 91B)
Class org.apache.commons.io.function.IOSupplier                                       : loaded 2 times (x 66B)
Class com.google.common.collect.MapMakerInternalMap$AbstractStrongKeyEntry            : loaded 2 times (x 76B)
Class com.google.common.cache.LocalCache$2                                            : loaded 2 times (x 138B)
Class com.google.common.util.concurrent.AbstractFuture$Cancellation                   : loaded 2 times (x 68B)
Class org.gradle.internal.classloader.FilteringClassLoader                            : loaded 2 times (x 101B)
Class org.jetbrains.org.objectweb.asm.ModuleWriter                                    : loaded 2 times (x 77B)
Class org.objectweb.asm.Opcodes                                                       : loaded 2 times (x 66B)
Class com.google.common.cache.CacheLoader$1                                           : loaded 2 times (x 71B)
Class com.google.common.collect.ForwardingObject                                      : loaded 2 times (x 68B)
Class org.gradle.util.internal.GUtil                                                  : loaded 2 times (x 67B)
Class org.apache.commons.io.filefilter.IOFileFilter                                   : loaded 2 times (x 66B)
Class com.google.common.io.Files$2                                                    : loaded 2 times (x 72B)
Class org.jetbrains.kotlin.build.report.metrics.BuildMetricsReporter                  : loaded 2 times (x 66B)
Class com.google.common.cache.Cache                                                   : loaded 2 times (x 66B)
Class com.google.common.cache.LocalCache$Strength                                     : loaded 2 times (x 77B)
Class com.google.common.base.Stopwatch                                                : loaded 2 times (x 68B)
Class org.apache.commons.io.Charsets                                                  : loaded 2 times (x 67B)
Class jdk.internal.jimage.ImageHeader                                                 : loaded 2 times (x 67B)
Class org.gradle.api.internal.classpath.UnknownModuleException                        : loaded 2 times (x 78B)
Class kotlin.io.TextStreamsKt                                                         : loaded 2 times (x 67B)
Class com.google.common.cache.Weigher                                                 : loaded 2 times (x 66B)
Class kotlin.reflect.jvm.internal.impl.utils.CollectionsKt                            : loaded 2 times (x 67B)
Class org.gradle.api.internal.classpath.Module                                        : loaded 2 times (x 66B)
Class org.apache.commons.io.output.NullOutputStream                                   : loaded 2 times (x 81B)
Class kotlin.reflect.jvm.internal.impl.builtins.jvm.JavaToKotlinClassMap              : loaded 2 times (x 67B)
Class com.google.common.collect.ImmutableRangeSet$1                                   : loaded 2 times (x 205B)
Class [Lorg.jetbrains.org.objectweb.asm.Label;                                        : loaded 2 times (x 65B)
Class com.google.common.io.ByteSource                                                 : loaded 2 times (x 80B)
Class com.google.common.util.concurrent.AbstractFuture$SetFuture                      : loaded 2 times (x 71B)
Class com.google.common.cache.AbstractCache$StatsCounter                              : loaded 2 times (x 66B)
Class com.google.common.util.concurrent.AbstractFuture$UnsafeAtomicHelper$1           : loaded 2 times (x 72B)
Class com.google.common.collect.FluentIterable$3                                      : loaded 2 times (x 77B)
Class org.jetbrains.org.objectweb.asm.FieldVisitor                                    : loaded 2 times (x 72B)
Class com.google.common.collect.FluentIterable$2                                      : loaded 2 times (x 77B)
Class com.google.common.reflect.Reflection                                            : loaded 2 times (x 67B)
Class kotlin.io.LinesSequence$iterator$1                                              : loaded 2 times (x 75B)
Class com.google.common.collect.Range                                                 : loaded 2 times (x 83B)
Class com.google.common.util.concurrent.AbstractFuture$Trusted                        : loaded 2 times (x 66B)
Class com.google.common.base.CharMatcher$RangesMatcher                                : loaded 2 times (x 108B)
Class org.gradle.api.internal.classpath.DefaultModuleRegistry$DefaultModule           : loaded 2 times (x 82B)
Class kotlin.ranges.IntProgressionIterator                                            : loaded 2 times (x 78B)
Class com.google.common.reflect.Types$TypeVariableImpl                                : loaded 2 times (x 68B)
Class org.objectweb.asm.Context                                                       : loaded 2 times (x 68B)
Class com.google.common.collect.MapMakerInternalMap$1                                 : loaded 2 times (x 79B)
Class org.gradle.internal.installation.GradleInstallation                             : loaded 2 times (x 71B)
Class org.objectweb.asm.FieldVisitor                                                  : loaded 2 times (x 73B)
Class com.google.common.base.Objects                                                  : loaded 2 times (x 67B)
Class com.google.common.collect.FluentIterable$1                                      : loaded 2 times (x 77B)
Class kotlin.reflect.jvm.internal.impl.builtins.StandardNames$FqNames                 : loaded 2 times (x 67B)
Class jdk.internal.jrtfs.JrtDirectoryStream$1                                         : loaded 2 times (x 79B)
Class jdk.internal.jimage.ImageLocation                                               : loaded 2 times (x 86B)
Class jdk.internal.jimage.ImageBufferCache$2                                          : loaded 2 times (x 87B)
Class org.gradle.internal.classloader.ClasspathUtil$1                                 : loaded 2 times (x 72B)
Class com.google.common.cache.CacheLoader$UnsupportedLoadingOperationException        : loaded 2 times (x 78B)
Class org.objectweb.asm.ClassWriter                                                   : loaded 2 times (x 102B)
Class com.google.common.collect.AbstractMapBasedMultimap$KeySet$1                     : loaded 2 times (x 78B)
Class jdk.internal.jimage.ImageBufferCache$1                                          : loaded 2 times (x 79B)
Class com.google.common.base.Splitter$Strategy                                        : loaded 2 times (x 66B)
Class org.gradle.internal.InternalTransformer                                         : loaded 2 times (x 66B)
Class com.google.common.base.CharMatcher$JavaLetterOrDigit                            : loaded 2 times (x 107B)
Class com.google.common.collect.ImmutableSortedSetFauxverideShim                      : loaded 2 times (x 143B)
Class org.jetbrains.org.objectweb.asm.ClassTooLargeException                          : loaded 2 times (x 79B)
Class org.gradle.kotlin.dsl.VersionCatalogAccessorsKt                                 : loaded 2 times (x 67B)
Class com.google.common.util.concurrent.UncheckedExecutionException                   : loaded 2 times (x 78B)
Class com.google.common.io.ByteSink$AsCharSink                                        : loaded 2 times (x 76B)
Class [Lorg.jetbrains.kotlin.build.report.metrics.BuildTime;                          : loaded 2 times (x 65B)
Class com.google.common.base.CharMatcher$JavaIsoControl                               : loaded 2 times (x 108B)
Class com.google.common.collect.Lists$RandomAccessReverseList                         : loaded 2 times (x 196B)

---------------  S Y S T E M  ---------------

OS:
 Windows 10 , 64 bit Build 19041 (10.0.19041.5678)
OS uptime: 8 days 22:00 hours

CPU: total 4 (initial active 4) (2 cores per cpu, 2 threads per core) family 6 model 126 stepping 5 microcode 0xbc, cx8, cmov, fxsr, ht, mmx, 3dnowpref, sse, sse2, sse3, ssse3, sse4.1, sse4.2, popcnt, lzcnt, tsc, tscinvbit, avx, avx2, aes, erms, clmul, bmi1, bmi2, adx, avx512f, avx512dq, avx512cd, avx512bw, avx512vl, sha, fma, vzeroupper, avx512_vpopcntdq, avx512_vpclmulqdq, avx512_vaes, avx512_vnni, clflush, clflushopt, avx512_vbmi2, avx512_vbmi, rdtscp, rdpid, fsrm, gfni, avx512_bitalg, f16c, pku, avx512_ifma
Processor Information for all 4 processors :
  Max Mhz: 1190, Current Mhz: 1190, Mhz Limit: 1190

Memory: 4k page, system-wide physical 11972M (404M free)
TotalPageFile size 22952M (AvailPageFile size 51M)
current process WorkingSet (physical memory assigned to process): 1064M, peak: 1186M
current process commit charge ("private bytes"): 1309M, peak: 1331M

vm_info: OpenJDK 64-Bit Server VM (21.0.5+-12932927-b750.29) for windows-amd64 JRE (21.0.5+-12932927-b750.29), built on 2025-01-17T02:01:10Z by "builder" with MS VC++ 16.10 / 16.11 (VS2019)

END.
